,Accepted_binomial,Family,Genus,Species,Clade,Lifeform,Pollination,Fruit_type,Seed_mass,Dormancy,Ecological_breadth,Conservation,Restoration,Reported_uses,AnimalFood,EnvironmentalUses,Fuels,GeneSources,HumanFood,InvertebrateFood,Materials,Medicines,Poisons,SocialUses,GermData_availability,NTestTemp,a,b,c,Topt,Logit.Max,Model.Max,Topt.upp,Topt.low,Tmax,Tmin,Tbreadth,Toptbreadth,SEmax,SEmin,SEopt.upp,SEopt.low,SEopt,SEbreadth,SEoptbreadth,Tmean_count,Model_concavity,Tail_drop,GermData_quality
1,Acantholimon caesareum,Plumbaginaceae,Acantholimon,caesareum,Caryophyllales,perennial,Biotic,dry_dehiscent,2.633956818,NoInfo,1,0,0,0,NoInfo,NoInfo,NoInfo,NoInfo,NoInfo,NoInfo,NoInfo,NoInfo,NoInfo,NoInfo,0,NA,NA,NA,NA,NA,NA,NA,NA,NA,NA,NA,NA,NA,NA,NA,NA,NA,NA,NA,NA,NA,NA,NA,NA
2,Acantholimon puberulum,Plumbaginaceae,Acantholimon,puberulum,Caryophyllales,perennial,Biotic,dry_dehiscent,2.633956818,NoInfo,1,0,0,0,NoInfo,NoInfo,NoInfo,NoInfo,NoInfo,NoInfo,NoInfo,NoInfo,NoInfo,NoInfo,0,NA,NA,NA,NA,NA,NA,NA,NA,NA,NA,NA,NA,NA,NA,NA,NA,NA,NA,NA,NA,NA,NA,NA,NA
3,Acantholimon ulicinum,Plumbaginaceae,Acantholimon,ulicinum,Caryophyllales,perennial,Biotic,dry_dehiscent,2.633956818,NoInfo,1,0,0,0,NoInfo,NoInfo,NoInfo,NoInfo,NoInfo,NoInfo,NoInfo,NoInfo,NoInfo,NoInfo,0,NA,NA,NA,NA,NA,NA,NA,NA,NA,NA,NA,NA,NA,NA,NA,NA,NA,NA,NA,NA,NA,NA,NA,NA
4,Acer campestre,Sapindaceae,Acer,campestre,Malvids,woody,Biotic,dry_indehiscent,62.20771354,PD,2,0,0,1,0,1,0,0,0,0,1,1,0,0,0,NA,NA,NA,NA,NA,NA,NA,NA,NA,NA,NA,NA,NA,NA,NA,NA,NA,NA,NA,NA,NA,NA,NA,NA
5,Acer cappadocicum,Sapindaceae,Acer,cappadocicum,Malvids,woody,Biotic,dry_indehiscent,120.0857143,PD,1,0,0,1,0,1,0,0,0,0,1,1,0,0,0,NA,NA,NA,NA,NA,NA,NA,NA,NA,NA,NA,NA,NA,NA,NA,NA,NA,NA,NA,NA,NA,NA,NA,NA
6,Acer hyrcanum,Sapindaceae,Acer,hyrcanum,Malvids,woody,Biotic,dry_indehiscent,47.80992,PD,1,0,0,1,0,0,0,0,0,0,1,0,0,0,0,NA,NA,NA,NA,NA,NA,NA,NA,NA,NA,NA,NA,NA,NA,NA,NA,NA,NA,NA,NA,NA,NA,NA,NA
7,Acer monspessulanum,Sapindaceae,Acer,monspessulanum,Malvids,woody,Biotic,dry_indehiscent,35.76578182,PD,2,0,0,1,0,0,0,0,0,0,1,1,0,0,0,NA,NA,NA,NA,NA,NA,NA,NA,NA,NA,NA,NA,NA,NA,NA,NA,NA,NA,NA,NA,NA,NA,NA,NA
8,Acer opalus,Sapindaceae,Acer,opalus,Malvids,woody,Biotic,dry_indehiscent,78.9412,PD,3,0,0,0,NoInfo,NoInfo,NoInfo,NoInfo,NoInfo,NoInfo,NoInfo,NoInfo,NoInfo,NoInfo,1,0,NA,NA,NA,NA,NA,NA,NA,NA,NA,NA,NA,NA,NA,NA,NA,NA,NA,NA,NA,NA,0,NA,0
9,Acer pseudoplatanus,Sapindaceae,Acer,pseudoplatanus,Malvids,woody,Biotic,dry_indehiscent,79.61135315,PD,2,0,0,1,0,1,0,1,0,0,1,1,0,0,1,1,0.011392815,-0.590539742,5.045052532,25.9172009,-2.607516035,0.068656265,NA,NA,NA,NA,NA,NA,NA,NA,NA,NA,1.509853627,NA,NA,9,0,1,0
10,Acer sempervirens,Sapindaceae,Acer,sempervirens,Malvids,woody,Biotic,dry_indehiscent,8,PD,1,0,0,0,NoInfo,NoInfo,NoInfo,NoInfo,NoInfo,NoInfo,NoInfo,NoInfo,NoInfo,NoInfo,1,0,NA,NA,NA,NA,NA,NA,NA,NA,NA,NA,NA,NA,NA,NA,NA,NA,NA,NA,NA,NA,0,NA,0
11,Achillea ageratum,Asteraceae,Achillea,ageratum,Campanulids,perennial,Biotic,dry_indehiscent,0.0808,PD,1,0,0,1,0,1,0,0,0,0,0,1,0,0,0,NA,NA,NA,NA,NA,NA,NA,NA,NA,NA,NA,NA,NA,NA,NA,NA,NA,NA,NA,NA,NA,NA,NA,NA
12,Achillea fraasii,Asteraceae,Achillea,fraasii,Campanulids,perennial,Biotic,dry_indehiscent,0.436985437,PD,1,0,0,0,NoInfo,NoInfo,NoInfo,NoInfo,NoInfo,NoInfo,NoInfo,NoInfo,NoInfo,NoInfo,0,NA,NA,NA,NA,NA,NA,NA,NA,NA,NA,NA,NA,NA,NA,NA,NA,NA,NA,NA,NA,NA,NA,NA,NA
13,Achillea grandifolia,Asteraceae,Achillea,grandifolia,Campanulids,perennial,Biotic,dry_indehiscent,0.1236,PD,1,0,0,0,NoInfo,NoInfo,NoInfo,NoInfo,NoInfo,NoInfo,NoInfo,NoInfo,NoInfo,NoInfo,0,NA,NA,NA,NA,NA,NA,NA,NA,NA,NA,NA,NA,NA,NA,NA,NA,NA,NA,NA,NA,NA,NA,NA,NA
14,Achillea maritima,Asteraceae,Achillea,maritima,Campanulids,perennial,Biotic,dry_indehiscent,8.9566,PD,3,0,0,0,NoInfo,NoInfo,NoInfo,NoInfo,NoInfo,NoInfo,NoInfo,NoInfo,NoInfo,NoInfo,1,1,-0.007766268,0.232945959,-2.264155669,14.99729097,-0.517376502,0.3734659,18.22005153,11.77453042,32.67533836,-2.680756417,35.35609478,6.445521107,12.46349768,19.41487267,14.87732305,16.46792791,5.590802386,30.6516529,29.32620835,6,1,1,1
15,Achillea millefolium,Asteraceae,Achillea,millefolium,Campanulids,perennial,Biotic,dry_indehiscent,0.165129491,PD,4,0,1,1,1,1,0,1,1,0,1,1,1,1,1,1,-0.024379916,0.909186125,-6.155166568,18.64621121,2.321271693,0.910623496,23.00420549,14.28821692,33.3426596,3.949762811,29.39289679,8.715988567,1.970801608,1.193084582,2.925796063,2.93135903,0.686244951,2.954875812,5.694081857,13,1,1,1
16,Achillea odorata,Asteraceae,Achillea,odorata,Campanulids,perennial,Biotic,dry_indehiscent,0.0834,PD,1,0,0,0,NoInfo,NoInfo,NoInfo,NoInfo,NoInfo,NoInfo,NoInfo,NoInfo,NoInfo,NoInfo,0,NA,NA,NA,NA,NA,NA,NA,NA,NA,NA,NA,NA,NA,NA,NA,NA,NA,NA,NA,NA,NA,NA,NA,NA
17,Achnatherum bromoides,Poaceae,Achnatherum,bromoides,Commelinid-monocots,perennial,Abiotic,dry_indehiscent,3.998571429,NoInfo,1,0,0,0,NoInfo,NoInfo,NoInfo,NoInfo,NoInfo,NoInfo,NoInfo,NoInfo,NoInfo,NoInfo,1,1,-0.229669142,7.780121598,-63.93231683,16.93767286,1.956260383,0.87612767,18.17934369,15.69600203,21.55698922,12.3183565,9.238632715,2.483341659,NA,NA,NA,NA,NA,NA,NA,5,1,1,1
18,Achnatherum calamagrostis,Poaceae,Achnatherum,calamagrostis,Commelinid-monocots,perennial,Abiotic,dry_indehiscent,0.41,NoInfo,1,0,0,0,NoInfo,NoInfo,NoInfo,NoInfo,NoInfo,NoInfo,NoInfo,NoInfo,NoInfo,NoInfo,1,0,NA,NA,NA,NA,NA,NA,NA,NA,NA,NA,NA,NA,NA,NA,NA,NA,NA,NA,NA,NA,0,NA,0
19,Achnatherum parviflorum,Poaceae,Achnatherum,parviflorum,Commelinid-monocots,perennial,Abiotic,dry_indehiscent,0.940215062,NoInfo,1,0,0,0,NoInfo,NoInfo,NoInfo,NoInfo,NoInfo,NoInfo,NoInfo,NoInfo,NoInfo,NoInfo,1,1,-0.001515547,-0.007666349,3.581919008,-2.529235147,3.591614008,0.973185032,24.24117645,-29.29964675,63.14168256,-68.20015286,131.3418354,53.5408232,NA,NA,NA,NA,NA,NA,NA,3,1,0,0
20,Adenocarpus complicatus,Fabaceae,Adenocarpus,complicatus,Fabids,woody,Biotic,dry_dehiscent,8.064185714,PY(PD),1,0,0,0,NoInfo,NoInfo,NoInfo,NoInfo,NoInfo,NoInfo,NoInfo,NoInfo,NoInfo,NoInfo,1,0,NA,NA,NA,NA,NA,NA,NA,NA,NA,NA,NA,NA,NA,NA,NA,NA,NA,NA,NA,NA,0,NA,0
21,Aegilops biuncialis,Poaceae,Aegilops,biuncialis,Commelinid-monocots,annual,Abiotic,dry_indehiscent,13.29666667,PD,1,0,0,1,0,0,0,1,0,0,0,0,0,0,1,0,NA,NA,NA,NA,NA,NA,NA,NA,NA,NA,NA,NA,NA,NA,NA,NA,NA,NA,NA,NA,0,NA,0
22,Aegilops geniculata,Poaceae,Aegilops,geniculata,Commelinid-monocots,annual,Abiotic,dry_indehiscent,15.12792593,PD,1,0,0,1,0,0,0,1,0,0,0,0,0,0,1,1,0.333652469,-8.036191458,73.62103568,12.04275737,25.23208374,1,NA,NA,NA,NA,NA,NA,NA,NA,NA,NA,NA,NA,NA,6,0,0,0
23,Aegonychon purpurocaeruleum,Boraginaceae,Aegonychon,purpurocaeruleum,Lamiids,perennial,Biotic,fleshy,12.272,NoInfo,1,0,0,0,0,1,0,0,0,0,0,0,0,0,0,NA,NA,NA,NA,NA,NA,NA,NA,NA,NA,NA,NA,NA,NA,NA,NA,NA,NA,NA,NA,NA,NA,NA,NA
24,Aeonium glandulosum,Crassulaceae,Aeonium,glandulosum,Rosids,perennial,Biotic,dry_dehiscent,1.165334091,NoInfo,1,0,0,0,NoInfo,NoInfo,NoInfo,NoInfo,NoInfo,NoInfo,NoInfo,NoInfo,NoInfo,NoInfo,0,NA,NA,NA,NA,NA,NA,NA,NA,NA,NA,NA,NA,NA,NA,NA,NA,NA,NA,NA,NA,NA,NA,NA,NA
25,Aetheorhiza bulbosa,Asteraceae,Aetheorhiza,bulbosa,Campanulids,perennial,Biotic,dry_indehiscent,0.4,NoInfo,4,0,0,0,NoInfo,NoInfo,NoInfo,NoInfo,NoInfo,NoInfo,NoInfo,NoInfo,NoInfo,NoInfo,0,NA,NA,NA,NA,NA,NA,NA,NA,NA,NA,NA,NA,NA,NA,NA,NA,NA,NA,NA,NA,NA,NA,NA,NA
26,Aethionema saxatile,Brassicaceae,Aethionema,saxatile,Malvids,annual,Biotic,dry_dehiscent,0.490028571,NoInfo,1,0,0,0,NoInfo,NoInfo,NoInfo,NoInfo,NoInfo,NoInfo,NoInfo,NoInfo,NoInfo,NoInfo,1,1,0.014167934,-0.59448818,9.851626574,20.98005881,3.615428083,0.973799529,NA,NA,NA,NA,NA,NA,NA,NA,NA,NA,5.908322829,NA,NA,3,0,0,0
27,Agrimonia eupatoria,Rosaceae,Agrimonia,eupatoria,Fabids,perennial,Biotic,dry_indehiscent,15.8380596,NoInfo,1,0,1,1,0,0,0,0,1,0,1,1,1,0,0,NA,NA,NA,NA,NA,NA,NA,NA,NA,NA,NA,NA,NA,NA,NA,NA,NA,NA,NA,NA,NA,NA,NA,NA
28,Agrimonia repens,Rosaceae,Agrimonia,repens,Fabids,perennial,Biotic,dry_indehiscent,40.96,NoInfo,1,0,0,1,0,0,0,0,0,0,0,1,0,0,0,NA,NA,NA,NA,NA,NA,NA,NA,NA,NA,NA,NA,NA,NA,NA,NA,NA,NA,NA,NA,NA,NA,NA,NA
29,Agrostis canina,Poaceae,Agrostis,canina,Commelinid-monocots,perennial,Abiotic,dry_indehiscent,0.059042901,PD,1,0,1,0,0,1,0,0,0,0,0,0,0,0,0,NA,NA,NA,NA,NA,NA,NA,NA,NA,NA,NA,NA,NA,NA,NA,NA,NA,NA,NA,NA,NA,NA,NA,NA
30,Agrostis capillaris,Poaceae,Agrostis,capillaris,Commelinid-monocots,perennial,Abiotic,dry_indehiscent,0.066693435,PD,2,0,1,1,1,1,0,1,0,0,0,0,0,0,1,1,-0.052040258,1.799062902,-12.44033754,17.28529969,3.108333169,0.957235174,21.21179815,13.35880124,28.06998417,6.500615222,21.56936894,7.852996916,NA,NA,NA,NA,NA,NA,NA,14,1,1,1
31,Agrostis castellana,Poaceae,Agrostis,castellana,Commelinid-monocots,perennial,Abiotic,dry_indehiscent,0.151612121,PD,3,0,1,0,0,1,0,0,0,0,0,0,0,0,1,1,-0.001680159,0.067329697,1.387094385,20.03670731,2.061627105,0.887117211,35.12911783,4.944296795,74.62168445,-34.54826982,109.1699543,30.18482104,NA,NA,NA,NA,NA,NA,NA,5,1,1,1
32,Agrostis nebulosa,Poaceae,Agrostis,nebulosa,Commelinid-monocots,annual,Biotic,dry_indehiscent,0.084615208,PD,1,0,0,1,0,1,0,0,0,0,1,0,0,0,0,NA,NA,NA,NA,NA,NA,NA,NA,NA,NA,NA,NA,NA,NA,NA,NA,NA,NA,NA,NA,NA,NA,NA,NA
33,Agrostis reuteri,Poaceae,Agrostis,reuteri,Commelinid-monocots,perennial,Biotic,dry_indehiscent,0.084615208,PD,1,0,0,0,NoInfo,NoInfo,NoInfo,NoInfo,NoInfo,NoInfo,NoInfo,NoInfo,NoInfo,NoInfo,0,NA,NA,NA,NA,NA,NA,NA,NA,NA,NA,NA,NA,NA,NA,NA,NA,NA,NA,NA,NA,NA,NA,NA,NA
34,Agrostis stolonifera,Poaceae,Agrostis,stolonifera,Commelinid-monocots,perennial,Biotic,dry_indehiscent,0.052087308,PD,3,0,1,0,0,1,0,0,0,0,0,0,0,0,0,NA,NA,NA,NA,NA,NA,NA,NA,NA,NA,NA,NA,NA,NA,NA,NA,NA,NA,NA,NA,NA,NA,NA,NA
35,Agrostis tileni,Poaceae,Agrostis,tileni,Commelinid-monocots,perennial,Biotic,dry_indehiscent,0.084615208,PD,1,0,0,0,NoInfo,NoInfo,NoInfo,NoInfo,NoInfo,NoInfo,NoInfo,NoInfo,NoInfo,NoInfo,0,NA,NA,NA,NA,NA,NA,NA,NA,NA,NA,NA,NA,NA,NA,NA,NA,NA,NA,NA,NA,NA,NA,NA,NA
36,Agrostula truncatula,Poaceae,Agrostula,truncatula,Commelinid-monocots,perennial,Abiotic,dry_indehiscent,0.0778,NoInfo,2,0,0,0,NoInfo,NoInfo,NoInfo,NoInfo,NoInfo,NoInfo,NoInfo,NoInfo,NoInfo,NoInfo,0,NA,NA,NA,NA,NA,NA,NA,NA,NA,NA,NA,NA,NA,NA,NA,NA,NA,NA,NA,NA,NA,NA,NA,NA
37,Aichryson divaricatum,Crassulaceae,Aichryson,divaricatum,Rosids,perennial,Biotic,dry_dehiscent,0.0195125,NoInfo,1,0,0,0,NoInfo,NoInfo,NoInfo,NoInfo,NoInfo,NoInfo,NoInfo,NoInfo,NoInfo,NoInfo,0,NA,NA,NA,NA,NA,NA,NA,NA,NA,NA,NA,NA,NA,NA,NA,NA,NA,NA,NA,NA,NA,NA,NA,NA
38,Aichryson villosum,Crassulaceae,Aichryson,villosum,Rosids,perennial,Biotic,dry_dehiscent,0.0195125,NoInfo,1,0,0,0,NoInfo,NoInfo,NoInfo,NoInfo,NoInfo,NoInfo,NoInfo,NoInfo,NoInfo,NoInfo,0,NA,NA,NA,NA,NA,NA,NA,NA,NA,NA,NA,NA,NA,NA,NA,NA,NA,NA,NA,NA,NA,NA,NA,NA
39,Aira caryophyllea,Poaceae,Aira,caryophyllea,Commelinid-monocots,annual,Abiotic,dry_indehiscent,0.133181818,PD,2,0,1,1,1,0,0,0,0,0,0,0,0,0,0,NA,NA,NA,NA,NA,NA,NA,NA,NA,NA,NA,NA,NA,NA,NA,NA,NA,NA,NA,NA,NA,NA,NA,NA
40,Aira cupaniana,Poaceae,Aira,cupaniana,Commelinid-monocots,annual,Abiotic,dry_indehiscent,0.043,PD,1,0,0,1,1,0,0,0,0,0,0,1,0,0,1,0,NA,NA,NA,NA,NA,NA,NA,NA,NA,NA,NA,NA,NA,NA,NA,NA,NA,NA,NA,NA,0,NA,0
41,Aira elegans,Poaceae,Aira,elegans,Commelinid-monocots,annual,Abiotic,dry_indehiscent,0.0546,PD,2,0,0,1,1,1,0,0,0,0,0,0,0,0,1,1,0.007007027,-0.162807005,3.744088531,11.61740924,2.79839073,0.9425888,NA,NA,NA,NA,NA,NA,NA,NA,NA,NA,NA,NA,NA,3,0,0,0
42,Aira praecox,Poaceae,Aira,praecox,Commelinid-monocots,annual,Abiotic,dry_indehiscent,0.1666,PD,1,0,0,1,1,0,0,0,0,0,0,0,0,0,0,NA,NA,NA,NA,NA,NA,NA,NA,NA,NA,NA,NA,NA,NA,NA,NA,NA,NA,NA,NA,NA,NA,NA,NA
43,Alchemilla australis,Rosaceae,Alchemilla,australis,Fabids,annual,Biotic,dry_indehiscent,0.29144,NoInfo,1,0,0,0,NoInfo,NoInfo,NoInfo,NoInfo,NoInfo,NoInfo,NoInfo,NoInfo,NoInfo,NoInfo,0,NA,NA,NA,NA,NA,NA,NA,NA,NA,NA,NA,NA,NA,NA,NA,NA,NA,NA,NA,NA,NA,NA,NA,NA
44,Alchemilla glabra,Rosaceae,Alchemilla,glabra,Fabids,perennial,Biotic,dry_indehiscent,0.505264286,NoInfo,1,0,1,1,0,0,0,0,0,0,0,1,0,0,0,NA,NA,NA,NA,NA,NA,NA,NA,NA,NA,NA,NA,NA,NA,NA,NA,NA,NA,NA,NA,NA,NA,NA,NA
45,Alkanna tinctoria,Boraginaceae,Alkanna,tinctoria,Lamiids,perennial,Biotic,fleshy,3.6304,NoInfo,1,0,0,1,0,0,0,0,0,0,1,1,0,0,0,NA,NA,NA,NA,NA,NA,NA,NA,NA,NA,NA,NA,NA,NA,NA,NA,NA,NA,NA,NA,NA,NA,NA,NA
46,Allenrolfea occidentalis,Amaranthaceae,Allenrolfea,occidentalis,Caryophyllales,perennial,Abiotic,dry_indehiscent,0.129971429,PD,1,0,0,1,1,1,0,0,1,0,0,1,0,0,0,NA,NA,NA,NA,NA,NA,NA,NA,NA,NA,NA,NA,NA,NA,NA,NA,NA,NA,NA,NA,NA,NA,NA,NA
47,Allium frigidum,Amaryllidaceae,Allium,frigidum,Monocots,perennial,Biotic,dry_dehiscent,3.553237926,PD,1,0,0,0,NoInfo,NoInfo,NoInfo,NoInfo,NoInfo,NoInfo,NoInfo,NoInfo,NoInfo,NoInfo,0,NA,NA,NA,NA,NA,NA,NA,NA,NA,NA,NA,NA,NA,NA,NA,NA,NA,NA,NA,NA,NA,NA,NA,NA
48,Allium orientale,Amaryllidaceae,Allium,orientale,Monocots,perennial,Biotic,dry_dehiscent,10.46,PD,1,0,0,0,NoInfo,NoInfo,NoInfo,NoInfo,NoInfo,NoInfo,NoInfo,NoInfo,NoInfo,NoInfo,0,NA,NA,NA,NA,NA,NA,NA,NA,NA,NA,NA,NA,NA,NA,NA,NA,NA,NA,NA,NA,NA,NA,NA,NA
49,Allium parciflorum,Amaryllidaceae,Allium,parciflorum,Monocots,perennial,Biotic,dry_dehiscent,0.5277,PD,1,0,0,0,NoInfo,NoInfo,NoInfo,NoInfo,NoInfo,NoInfo,NoInfo,NoInfo,NoInfo,NoInfo,0,NA,NA,NA,NA,NA,NA,NA,NA,NA,NA,NA,NA,NA,NA,NA,NA,NA,NA,NA,NA,NA,NA,NA,NA
50,Allium rubrovittatum,Amaryllidaceae,Allium,rubrovittatum,Monocots,perennial,Biotic,dry_dehiscent,3.553237926,PD,1,0,0,0,NoInfo,NoInfo,NoInfo,NoInfo,NoInfo,NoInfo,NoInfo,NoInfo,NoInfo,NoInfo,1,0,NA,NA,NA,NA,NA,NA,NA,NA,NA,NA,NA,NA,NA,NA,NA,NA,NA,NA,NA,NA,0,NA,0
51,Allium sphaerocephalon,Amaryllidaceae,Allium,sphaerocephalon,Monocots,perennial,Biotic,dry_dehiscent,1.46896875,PD,1,0,1,1,0,1,0,1,1,0,0,1,0,0,1,1,-0.023778866,0.66215143,-2.601714626,13.92310809,2.007888339,0.881622818,17.85619195,9.990024229,28.35452938,-0.508313204,28.86284258,7.866167717,2.137964645,2.945566226,2.263532355,2.408113467,0.908665079,4.81578836,4.306099102,8,1,1,1
52,Allium subhirsutum,Amaryllidaceae,Allium,subhirsutum,Monocots,perennial,Biotic,dry_dehiscent,1.455,PD,1,0,0,0,NoInfo,NoInfo,NoInfo,NoInfo,NoInfo,NoInfo,NoInfo,NoInfo,NoInfo,NoInfo,1,1,-0.053161236,1.821663475,-11.96542937,17.13338137,3.640198147,0.97442415,21.71868625,12.54807649,28.26269514,6.0040676,22.25862754,9.170609762,3.734726932,1.811401783,2.242393549,1.010649543,1.328288865,5.234626836,2.245457061,4,1,0,0
53,Alnus glutinosa,Betulaceae,Alnus,glutinosa,Fabids,woody,Abiotic,dry_indehiscent,1.388400256,PD,1,0,0,1,0,1,1,0,1,0,1,1,0,0,0,NA,NA,NA,NA,NA,NA,NA,NA,NA,NA,NA,NA,NA,NA,NA,NA,NA,NA,NA,NA,NA,NA,NA,NA
54,Alopecurus gerardii,Poaceae,Alopecurus,gerardii,Commelinid-monocots,perennial,Abiotic,dry_indehiscent,0.870543639,PD,1,0,0,0,NoInfo,NoInfo,NoInfo,NoInfo,NoInfo,NoInfo,NoInfo,NoInfo,NoInfo,NoInfo,0,NA,NA,NA,NA,NA,NA,NA,NA,NA,NA,NA,NA,NA,NA,NA,NA,NA,NA,NA,NA,NA,NA,NA,NA
55,Alopecurus pratensis,Poaceae,Alopecurus,pratensis,Commelinid-monocots,perennial,Biotic,dry_indehiscent,0.76067228,PD,1,0,1,1,1,1,0,0,0,0,0,0,0,0,1,1,-1.057417149,40.62988063,-372.2594996,19.21185063,18.02809925,0.999999985,22.98870466,15.43499659,23.66535951,14.75834175,8.907017761,7.553708067,NA,NA,NA,NA,NA,NA,NA,4,1,0,0
56,Alopecurus rendlei,Poaceae,Alopecurus,rendlei,Commelinid-monocots,annual,Abiotic,dry_indehiscent,2.6628,PD,1,0,0,0,NoInfo,NoInfo,NoInfo,NoInfo,NoInfo,NoInfo,NoInfo,NoInfo,NoInfo,NoInfo,0,NA,NA,NA,NA,NA,NA,NA,NA,NA,NA,NA,NA,NA,NA,NA,NA,NA,NA,NA,NA,NA,NA,NA,NA
57,Alyssum strigosum,Brassicaceae,Alyssum,strigosum,Malvids,annual,Biotic,dry_dehiscent,0.625,NoInfo,1,0,0,0,NoInfo,NoInfo,NoInfo,NoInfo,NoInfo,NoInfo,NoInfo,NoInfo,NoInfo,NoInfo,0,NA,NA,NA,NA,NA,NA,NA,NA,NA,NA,NA,NA,NA,NA,NA,NA,NA,NA,NA,NA,NA,NA,NA,NA
58,Amelanchier ovalis,Rosaceae,Amelanchier,ovalis,Fabids,perennial,Biotic,fleshy,45.71528571,PD,5,0,0,1,0,0,0,0,1,0,1,0,0,0,0,NA,NA,NA,NA,NA,NA,NA,NA,NA,NA,NA,NA,NA,NA,NA,NA,NA,NA,NA,NA,NA,NA,NA,NA
59,Ampelodesmos mauritanicus,Poaceae,Ampelodesmos,mauritanicus,Commelinid-monocots,perennial,NoInfo,dry_indehiscent,2.893657143,NoInfo,1,0,0,1,0,0,0,0,0,0,0,1,0,0,0,NA,NA,NA,NA,NA,NA,NA,NA,NA,NA,NA,NA,NA,NA,NA,NA,NA,NA,NA,NA,NA,NA,NA,NA
60,Amphoricarpos neumayerianus,Asteraceae,Amphoricarpos,neumayerianus,Campanulids,perennial,Biotic,dry_indehiscent,13.45116707,NoInfo,1,0,0,0,NoInfo,NoInfo,NoInfo,NoInfo,NoInfo,NoInfo,NoInfo,NoInfo,NoInfo,NoInfo,0,NA,NA,NA,NA,NA,NA,NA,NA,NA,NA,NA,NA,NA,NA,NA,NA,NA,NA,NA,NA,NA,NA,NA,NA
61,Anacamptis palustris,Orchidaceae,Anacamptis,palustris,Monocots,perennial,Biotic,dry_dehiscent,624.5408,NoInfo,1,0,0,1,0,0,0,0,0,0,0,1,0,0,0,NA,NA,NA,NA,NA,NA,NA,NA,NA,NA,NA,NA,NA,NA,NA,NA,NA,NA,NA,NA,NA,NA,NA,NA
62,Anacyclus clavatus,Asteraceae,Anacyclus,clavatus,Campanulids,annual,Biotic,dry_indehiscent,0.5,NoInfo,1,0,0,1,0,0,0,0,0,0,0,1,0,0,1,1,-0.006648711,0.108145592,1.743133016,8.132824465,2.182897572,0.89870316,16.06594355,0.199705379,35.90290885,-19.63725992,55.54016878,15.86623817,NA,NA,NA,NA,NA,NA,NA,3,1,0,0
63,Anagyris foetida,Fabaceae,Anagyris,foetida,Fabids,woody,Biotic,dry_dehiscent,364.3571429,NoInfo,1,0,0,1,0,0,0,0,0,0,1,1,0,0,1,0,NA,NA,NA,NA,NA,NA,NA,NA,NA,NA,NA,NA,NA,NA,NA,NA,NA,NA,NA,NA,0,NA,0
64,Anastatica hierochuntica,Brassicaceae,Anastatica,hierochuntica,Malvids,annual,Biotic,dry_dehiscent,2.848,NoInfo,1,0,0,1,0,1,0,0,0,0,1,1,0,0,0,NA,NA,NA,NA,NA,NA,NA,NA,NA,NA,NA,NA,NA,NA,NA,NA,NA,NA,NA,NA,NA,NA,NA,NA
65,Anchusa azurea,Boraginaceae,Anchusa,azurea,Lamiids,perennial,Biotic,fleshy,17.16,NoInfo,1,0,0,1,0,1,0,0,1,1,1,1,0,0,0,NA,NA,NA,NA,NA,NA,NA,NA,NA,NA,NA,NA,NA,NA,NA,NA,NA,NA,NA,NA,NA,NA,NA,NA
66,Anchusa cespitosa,Boraginaceae,Anchusa,cespitosa,Lamiids,perennial,Biotic,fleshy,7.355485079,NoInfo,1,0,0,0,NoInfo,NoInfo,NoInfo,NoInfo,NoInfo,NoInfo,NoInfo,NoInfo,NoInfo,NoInfo,0,NA,NA,NA,NA,NA,NA,NA,NA,NA,NA,NA,NA,NA,NA,NA,NA,NA,NA,NA,NA,NA,NA,NA,NA
67,Anchusa crispa,Boraginaceae,Anchusa,crispa,Lamiids,perennial,Biotic,fleshy,7.355485079,NoInfo,1,1,0,0,NoInfo,NoInfo,NoInfo,NoInfo,NoInfo,NoInfo,NoInfo,NoInfo,NoInfo,NoInfo,1,0,NA,NA,NA,NA,NA,NA,NA,NA,NA,NA,NA,NA,NA,NA,NA,NA,NA,NA,NA,NA,0,NA,0
68,Andryala glandulosa,Asteraceae,Andryala,glandulosa,Campanulids,perennial,Biotic,dry_indehiscent,0.1524,NoInfo,1,0,0,0,NoInfo,NoInfo,NoInfo,NoInfo,NoInfo,NoInfo,NoInfo,NoInfo,NoInfo,NoInfo,0,NA,NA,NA,NA,NA,NA,NA,NA,NA,NA,NA,NA,NA,NA,NA,NA,NA,NA,NA,NA,NA,NA,NA,NA
69,Anemonoides blanda,Ranunculaceae,Anemonoides,blanda,Early EU,perennial,NoInfo,dry_indehiscent,2.164092611,NoInfo,1,0,0,0,NoInfo,NoInfo,NoInfo,NoInfo,NoInfo,NoInfo,NoInfo,NoInfo,NoInfo,NoInfo,0,NA,NA,NA,NA,NA,NA,NA,NA,NA,NA,NA,NA,NA,NA,NA,NA,NA,NA,NA,NA,NA,NA,NA,NA
70,Antennaria dioica,Asteraceae,Antennaria,dioica,Campanulids,perennial,Biotic,dry_indehiscent,0.052428571,NoInfo,1,0,1,1,0,1,0,0,0,0,0,1,0,0,1,1,-0.241573256,7.154775773,-45.30455639,14.8087083,7.671937311,0.999534502,19.23680096,10.38061565,21.43794804,8.179468566,13.25847948,8.856185314,NA,NA,NA,NA,NA,NA,NA,3,1,1,1
71,Anthemis alpestris,Asteraceae,Anthemis,alpestris,Campanulids,perennial,Biotic,dry_indehiscent,0.51063575,NoInfo,1,0,0,0,NoInfo,NoInfo,NoInfo,NoInfo,NoInfo,NoInfo,NoInfo,NoInfo,NoInfo,NoInfo,0,NA,NA,NA,NA,NA,NA,NA,NA,NA,NA,NA,NA,NA,NA,NA,NA,NA,NA,NA,NA,NA,NA,NA,NA
72,Anthemis arvensis,Asteraceae,Anthemis,arvensis,Campanulids,perennial,Biotic,dry_indehiscent,0.64019,NoInfo,1,0,0,1,0,0,0,0,0,0,0,1,0,0,0,NA,NA,NA,NA,NA,NA,NA,NA,NA,NA,NA,NA,NA,NA,NA,NA,NA,NA,NA,NA,NA,NA,NA,NA
73,Anthemis cretica,Asteraceae,Anthemis,cretica,Campanulids,perennial,Biotic,dry_indehiscent,0.49795,NoInfo,2,0,0,1,0,0,0,0,0,0,0,1,0,0,1,0,NA,NA,NA,NA,NA,NA,NA,NA,NA,NA,NA,NA,NA,NA,NA,NA,NA,NA,NA,NA,0,NA,0
74,Anthemis maritima,Asteraceae,Anthemis,maritima,Campanulids,perennial,Biotic,dry_indehiscent,1.0208,NoInfo,2,0,0,0,NoInfo,NoInfo,NoInfo,NoInfo,NoInfo,NoInfo,NoInfo,NoInfo,NoInfo,NoInfo,1,1,-0.420553018,14.83238398,-128.1182119,17.6343806,2.661740308,0.934730921,18.82015582,16.44860538,21.28547544,13.98328576,7.302189677,2.371550448,NA,NA,NA,NA,NA,NA,NA,3,1,1,1
75,Anthemis pauciloba,Asteraceae,Anthemis,pauciloba,Campanulids,perennial,Biotic,dry_indehiscent,0.9534,NoInfo,1,0,0,0,NoInfo,NoInfo,NoInfo,NoInfo,NoInfo,NoInfo,NoInfo,NoInfo,NoInfo,NoInfo,0,NA,NA,NA,NA,NA,NA,NA,NA,NA,NA,NA,NA,NA,NA,NA,NA,NA,NA,NA,NA,NA,NA,NA,NA
76,Anthemis rosea,Asteraceae,Anthemis,rosea,Campanulids,annual,Biotic,dry_indehiscent,0.51063575,NoInfo,1,0,0,0,NoInfo,NoInfo,NoInfo,NoInfo,NoInfo,NoInfo,NoInfo,NoInfo,NoInfo,NoInfo,0,NA,NA,NA,NA,NA,NA,NA,NA,NA,NA,NA,NA,NA,NA,NA,NA,NA,NA,NA,NA,NA,NA,NA,NA
77,Anthericum ramosum,Asparagaceae,Anthericum,ramosum,Monocots,perennial,Biotic,dry_dehiscent,3.8445,PD,1,0,1,0,NoInfo,NoInfo,NoInfo,NoInfo,NoInfo,NoInfo,NoInfo,NoInfo,NoInfo,NoInfo,0,NA,NA,NA,NA,NA,NA,NA,NA,NA,NA,NA,NA,NA,NA,NA,NA,NA,NA,NA,NA,NA,NA,NA,NA
78,Anthoxanthum aristatum,Poaceae,Anthoxanthum,aristatum,Commelinid-monocots,annual,Abiotic,dry_indehiscent,0.298405,PD,3,0,1,0,NoInfo,NoInfo,NoInfo,NoInfo,NoInfo,NoInfo,NoInfo,NoInfo,NoInfo,NoInfo,0,NA,NA,NA,NA,NA,NA,NA,NA,NA,NA,NA,NA,NA,NA,NA,NA,NA,NA,NA,NA,NA,NA,NA,NA
79,Anthoxanthum odoratum,Poaceae,Anthoxanthum,odoratum,Commelinid-monocots,perennial,Biotic,dry_indehiscent,0.532967403,PD,10,0,1,1,0,0,0,0,0,0,1,1,1,0,1,1,-0.011976894,0.538773385,-3.462560123,22.49220008,2.59653926,0.93063852,29.3583112,15.62608895,44.00124479,0.983155364,43.01808942,13.73222225,NA,NA,NA,NA,NA,NA,NA,15,1,1,1
80,Anthyllis circinnata,Fabaceae,Anthyllis,circinnata,Fabids,annual,Biotic,dry_dehiscent,7.8125,PY(PD),1,0,0,0,NoInfo,NoInfo,NoInfo,NoInfo,NoInfo,NoInfo,NoInfo,NoInfo,NoInfo,NoInfo,1,1,0.998495407,0.05461731,0.003043618,-0.027349806,0.002296732,0.500574183,NA,NA,NA,NA,NA,NA,NA,NA,NA,NA,NA,NA,NA,4,0,0,0
81,Anthyllis hermanniae,Fabaceae,Anthyllis,hermanniae,Fabids,perennial,Biotic,dry_dehiscent,0.8356,PY(PD),2,0,0,0,NoInfo,NoInfo,NoInfo,NoInfo,NoInfo,NoInfo,NoInfo,NoInfo,NoInfo,NoInfo,1,0,NA,NA,NA,NA,NA,NA,NA,NA,NA,NA,NA,NA,NA,NA,NA,NA,NA,NA,NA,NA,0,NA,0
82,Anthyllis lemanniana,Fabaceae,Anthyllis,lemanniana,Fabids,perennial,Biotic,dry_dehiscent,2.985213224,PY(PD),1,1,0,0,NoInfo,NoInfo,NoInfo,NoInfo,NoInfo,NoInfo,NoInfo,NoInfo,NoInfo,NoInfo,0,NA,NA,NA,NA,NA,NA,NA,NA,NA,NA,NA,NA,NA,NA,NA,NA,NA,NA,NA,NA,NA,NA,NA,NA
83,Anthyllis lotoides,Fabaceae,Anthyllis,lotoides,Fabids,annual,Biotic,dry_dehiscent,1.205277767,PY(PD),1,0,0,0,NoInfo,NoInfo,NoInfo,NoInfo,NoInfo,NoInfo,NoInfo,NoInfo,NoInfo,NoInfo,1,0,NA,NA,NA,NA,NA,NA,NA,NA,NA,NA,NA,NA,NA,NA,NA,NA,NA,NA,NA,NA,0,NA,0
84,Anthyllis montana,Fabaceae,Anthyllis,montana,Fabids,perennial,Biotic,dry_dehiscent,2.9436,PY(PD),3,0,1,0,0,1,0,0,0,0,0,0,0,0,0,NA,NA,NA,NA,NA,NA,NA,NA,NA,NA,NA,NA,NA,NA,NA,NA,NA,NA,NA,NA,NA,NA,NA,NA
85,Anthyllis vulneraria,Fabaceae,Anthyllis,vulneraria,Fabids,perennial,Biotic,dry_dehiscent,3.271460741,PY(PD),7,1,1,1,1,0,0,0,1,0,0,1,0,0,1,1,-0.004103289,0.039289088,4.737688999,4.787512193,4.831737493,0.992090404,27.05865628,-17.4836319,48.32035442,-38.74533003,87.06568445,44.54228818,13.20610589,32.38890386,4.30656468,22.88345958,10.20760875,45.05667038,25.83829208,15,1,1,1
86,Aphyllanthes monspeliensis,Asparagaceae,Aphyllanthes,monspeliensis,Monocots,perennial,Biotic,dry_dehiscent,24.39850484,NoInfo,8,0,1,0,0,1,0,0,0,0,0,0,0,0,0,NA,NA,NA,NA,NA,NA,NA,NA,NA,NA,NA,NA,NA,NA,NA,NA,NA,NA,NA,NA,NA,NA,NA,NA
87,Arabis alpina,Brassicaceae,Arabis,alpina,Malvids,perennial,Biotic,dry_dehiscent,0.243333333,NoInfo,2,0,1,1,0,1,0,0,0,1,0,0,0,0,1,1,-0.006080162,0.304048261,-4.35562022,25.00330372,-0.554514707,0.364817598,28.62169839,21.38490905,44.82927642,5.177331022,39.6519454,7.23678934,NA,NA,NA,NA,NA,NA,NA,3,1,0,0
88,Arabis deflexa,Brassicaceae,Arabis,deflexa,Malvids,perennial,Biotic,dry_dehiscent,0.4184,NoInfo,1,0,0,0,NoInfo,NoInfo,NoInfo,NoInfo,NoInfo,NoInfo,NoInfo,NoInfo,NoInfo,NoInfo,0,NA,NA,NA,NA,NA,NA,NA,NA,NA,NA,NA,NA,NA,NA,NA,NA,NA,NA,NA,NA,NA,NA,NA,NA
89,Arabis ionocalyx,Brassicaceae,Arabis,ionocalyx,Malvids,perennial,Biotic,dry_dehiscent,0.282883405,NoInfo,1,0,0,0,NoInfo,NoInfo,NoInfo,NoInfo,NoInfo,NoInfo,NoInfo,NoInfo,NoInfo,NoInfo,0,NA,NA,NA,NA,NA,NA,NA,NA,NA,NA,NA,NA,NA,NA,NA,NA,NA,NA,NA,NA,NA,NA,NA,NA
90,Arbutus andrachne,Ericaceae,Arbutus,andrachne,Asterids,woody,Biotic,fleshy,83.36666667,PD,1,0,0,1,0,0,0,0,1,0,1,1,0,0,1,1,-0.030615676,0.653609975,-1.538206946,10.67443305,1.950251014,0.87547401,14.06773962,7.281126488,23.31861296,-1.96974685,25.28835981,6.786613133,NA,NA,NA,NA,NA,NA,NA,5,1,1,1
91,Arbutus unedo,Ericaceae,Arbutus,unedo,Asterids,woody,Biotic,fleshy,3.759714286,PD,4,0,0,1,0,1,0,0,1,1,1,1,0,0,1,1,-0.017884812,0.384764933,-0.799084492,10.75675076,1.27032575,0.780798506,14.22552246,7.287979053,26.10802666,-4.594525149,30.70255181,6.937543409,1.418216718,7.78714468,3.0785289,7.512446566,3.465648857,8.789711819,9.153441931,8,1,1,1
92,Arctostaphylos uva-ursi,Ericaceae,Arctostaphylos,uva-ursi,Asterids,perennial,Biotic,dry_dehiscent,24.28596799,PD,4,0,0,1,0,1,0,0,0,1,1,1,0,0,0,NA,NA,NA,NA,NA,NA,NA,NA,NA,NA,NA,NA,NA,NA,NA,NA,NA,NA,NA,NA,NA,NA,NA,NA
93,Aremonia agrimonoides,Rosaceae,Aremonia,agrimonoides,Fabids,perennial,Biotic,dry_indehiscent,44.29834736,NoInfo,2,0,0,0,NoInfo,NoInfo,NoInfo,NoInfo,NoInfo,NoInfo,NoInfo,NoInfo,NoInfo,NoInfo,0,NA,NA,NA,NA,NA,NA,NA,NA,NA,NA,NA,NA,NA,NA,NA,NA,NA,NA,NA,NA,NA,NA,NA,NA
94,Arenaria aggregata,Caryophyllaceae,Arenaria,aggregata,Caryophyllales,perennial,Biotic,dry_dehiscent,0.202508073,PD,2,0,0,0,NoInfo,NoInfo,NoInfo,NoInfo,NoInfo,NoInfo,NoInfo,NoInfo,NoInfo,NoInfo,0,NA,NA,NA,NA,NA,NA,NA,NA,NA,NA,NA,NA,NA,NA,NA,NA,NA,NA,NA,NA,NA,NA,NA,NA
95,Arenaria armerina,Caryophyllaceae,Arenaria,armerina,Caryophyllales,perennial,Biotic,dry_dehiscent,0.202508073,PD,1,0,0,0,NoInfo,NoInfo,NoInfo,NoInfo,NoInfo,NoInfo,NoInfo,NoInfo,NoInfo,NoInfo,0,NA,NA,NA,NA,NA,NA,NA,NA,NA,NA,NA,NA,NA,NA,NA,NA,NA,NA,NA,NA,NA,NA,NA,NA
96,Arenaria grandiflora,Caryophyllaceae,Arenaria,grandiflora,Caryophyllales,perennial,Biotic,dry_dehiscent,0.5456,PD,1,0,1,1,0,0,0,0,0,0,0,1,0,0,1,1,-0.009094054,0.162525466,0.264362877,8.935809252,0.990511157,0.729188874,13.35500416,4.516614342,29.73712708,-11.86550857,41.60263565,8.83838982,NA,NA,NA,NA,NA,NA,NA,7,1,1,1
97,Arenaria pungens,Caryophyllaceae,Arenaria,pungens,Caryophyllales,perennial,Biotic,dry_dehiscent,0.202508073,PD,1,0,0,0,NoInfo,NoInfo,NoInfo,NoInfo,NoInfo,NoInfo,NoInfo,NoInfo,NoInfo,NoInfo,0,NA,NA,NA,NA,NA,NA,NA,NA,NA,NA,NA,NA,NA,NA,NA,NA,NA,NA,NA,NA,NA,NA,NA,NA
98,Arenaria querioides,Caryophyllaceae,Arenaria,querioides,Caryophyllales,perennial,Biotic,dry_dehiscent,0.202508073,PD,1,0,0,0,NoInfo,NoInfo,NoInfo,NoInfo,NoInfo,NoInfo,NoInfo,NoInfo,NoInfo,NoInfo,0,NA,NA,NA,NA,NA,NA,NA,NA,NA,NA,NA,NA,NA,NA,NA,NA,NA,NA,NA,NA,NA,NA,NA,NA
99,Arenaria serpyllifolia,Caryophyllaceae,Arenaria,serpyllifolia,Caryophyllales,annual,Biotic,dry_dehiscent,0.06193125,PD,1,0,1,1,0,0,0,0,1,0,0,1,0,0,0,NA,NA,NA,NA,NA,NA,NA,NA,NA,NA,NA,NA,NA,NA,NA,NA,NA,NA,NA,NA,NA,NA,NA,NA
100,Argyrolobium zanonii,Fabaceae,Argyrolobium,zanonii,Fabids,perennial,Biotic,dry_dehiscent,6.5,PY(PD),1,0,0,0,NoInfo,NoInfo,NoInfo,NoInfo,NoInfo,NoInfo,NoInfo,NoInfo,NoInfo,NoInfo,1,0,NA,NA,NA,NA,NA,NA,NA,NA,NA,NA,NA,NA,NA,NA,NA,NA,NA,NA,NA,NA,0,NA,0
101,Aria edulis,Rosaceae,Aria,edulis,Fabids,woody,NoInfo,fleshy,56.63941667,NoInfo,3,0,0,1,0,1,0,0,0,0,1,0,0,0,0,NA,NA,NA,NA,NA,NA,NA,NA,NA,NA,NA,NA,NA,NA,NA,NA,NA,NA,NA,NA,NA,NA,NA,NA
102,Aria umbellata,Rosaceae,Aria,umbellata,Fabids,woody,NoInfo,fleshy,211.5432,NoInfo,1,0,0,0,NoInfo,NoInfo,NoInfo,NoInfo,NoInfo,NoInfo,NoInfo,NoInfo,NoInfo,NoInfo,0,NA,NA,NA,NA,NA,NA,NA,NA,NA,NA,NA,NA,NA,NA,NA,NA,NA,NA,NA,NA,NA,NA,NA,NA
103,Arisarum vulgare,Araceae,Arisarum,vulgare,Monocots,perennial,Biotic,fleshy,38.32876031,NoInfo,3,0,0,1,1,0,0,0,1,0,0,1,0,0,0,NA,NA,NA,NA,NA,NA,NA,NA,NA,NA,NA,NA,NA,NA,NA,NA,NA,NA,NA,NA,NA,NA,NA,NA
104,Armeria bigerrensis,Plumbaginaceae,Armeria,bigerrensis,Caryophyllales,perennial,Biotic,dry_dehiscent,1.382460526,NoInfo,1,0,0,0,NoInfo,NoInfo,NoInfo,NoInfo,NoInfo,NoInfo,NoInfo,NoInfo,NoInfo,NoInfo,0,NA,NA,NA,NA,NA,NA,NA,NA,NA,NA,NA,NA,NA,NA,NA,NA,NA,NA,NA,NA,NA,NA,NA,NA
105,Armeria brutia,Plumbaginaceae,Armeria,brutia,Caryophyllales,perennial,Biotic,dry_dehiscent,1.757110425,NoInfo,1,0,0,0,NoInfo,NoInfo,NoInfo,NoInfo,NoInfo,NoInfo,NoInfo,NoInfo,NoInfo,NoInfo,0,NA,NA,NA,NA,NA,NA,NA,NA,NA,NA,NA,NA,NA,NA,NA,NA,NA,NA,NA,NA,NA,NA,NA,NA
106,Armeria caespitosa,Plumbaginaceae,Armeria,caespitosa,Caryophyllales,perennial,Biotic,dry_dehiscent,1.757110425,NoInfo,1,0,0,0,NoInfo,NoInfo,NoInfo,NoInfo,NoInfo,NoInfo,NoInfo,NoInfo,NoInfo,NoInfo,1,1,-0.008145817,0.254517797,-0.440712632,15.62260712,1.547403139,0.824538348,21.29752939,9.947684842,39.10513883,-7.859924591,46.96506342,11.34984455,NA,NA,NA,NA,NA,NA,NA,3,1,0,0
107,Armeria canescens,Plumbaginaceae,Armeria,canescens,Caryophyllales,perennial,Biotic,dry_dehiscent,1.757110425,NoInfo,1,0,1,0,NoInfo,NoInfo,NoInfo,NoInfo,NoInfo,NoInfo,NoInfo,NoInfo,NoInfo,NoInfo,1,0,NA,NA,NA,NA,NA,NA,NA,NA,NA,NA,NA,NA,NA,NA,NA,NA,NA,NA,NA,NA,0,NA,0
108,Armeria duriaei,Plumbaginaceae,Armeria,duriaei,Caryophyllales,perennial,Biotic,dry_dehiscent,1.757110425,NoInfo,1,0,0,0,NoInfo,NoInfo,NoInfo,NoInfo,NoInfo,NoInfo,NoInfo,NoInfo,NoInfo,NoInfo,0,NA,NA,NA,NA,NA,NA,NA,NA,NA,NA,NA,NA,NA,NA,NA,NA,NA,NA,NA,NA,NA,NA,NA,NA
109,Armeria eriophylla,Plumbaginaceae,Armeria,eriophylla,Caryophyllales,perennial,Biotic,dry_dehiscent,1.757110425,NoInfo,1,0,0,0,NoInfo,NoInfo,NoInfo,NoInfo,NoInfo,NoInfo,NoInfo,NoInfo,NoInfo,NoInfo,0,NA,NA,NA,NA,NA,NA,NA,NA,NA,NA,NA,NA,NA,NA,NA,NA,NA,NA,NA,NA,NA,NA,NA,NA
110,Armeria fontqueri,Plumbaginaceae,Armeria,fontqueri,Caryophyllales,perennial,Biotic,dry_dehiscent,1.757110425,NoInfo,1,0,0,0,NoInfo,NoInfo,NoInfo,NoInfo,NoInfo,NoInfo,NoInfo,NoInfo,NoInfo,NoInfo,0,NA,NA,NA,NA,NA,NA,NA,NA,NA,NA,NA,NA,NA,NA,NA,NA,NA,NA,NA,NA,NA,NA,NA,NA
111,Armeria maderensis,Plumbaginaceae,Armeria,maderensis,Caryophyllales,perennial,Biotic,dry_dehiscent,1.757110425,NoInfo,1,0,0,0,NoInfo,NoInfo,NoInfo,NoInfo,NoInfo,NoInfo,NoInfo,NoInfo,NoInfo,NoInfo,0,NA,NA,NA,NA,NA,NA,NA,NA,NA,NA,NA,NA,NA,NA,NA,NA,NA,NA,NA,NA,NA,NA,NA,NA
112,Armeria multiceps,Plumbaginaceae,Armeria,multiceps,Caryophyllales,perennial,Biotic,dry_dehiscent,1.757110425,NoInfo,1,0,0,0,NoInfo,NoInfo,NoInfo,NoInfo,NoInfo,NoInfo,NoInfo,NoInfo,NoInfo,NoInfo,0,NA,NA,NA,NA,NA,NA,NA,NA,NA,NA,NA,NA,NA,NA,NA,NA,NA,NA,NA,NA,NA,NA,NA,NA
113,Armeria rumelica,Plumbaginaceae,Armeria,rumelica,Caryophyllales,perennial,Biotic,dry_dehiscent,2.590266667,NoInfo,1,0,0,0,NoInfo,NoInfo,NoInfo,NoInfo,NoInfo,NoInfo,NoInfo,NoInfo,NoInfo,NoInfo,0,NA,NA,NA,NA,NA,NA,NA,NA,NA,NA,NA,NA,NA,NA,NA,NA,NA,NA,NA,NA,NA,NA,NA,NA
114,Armeria sardoa,Plumbaginaceae,Armeria,sardoa,Caryophyllales,perennial,Biotic,dry_dehiscent,1.757110425,NoInfo,1,0,0,0,NoInfo,NoInfo,NoInfo,NoInfo,NoInfo,NoInfo,NoInfo,NoInfo,NoInfo,NoInfo,0,NA,NA,NA,NA,NA,NA,NA,NA,NA,NA,NA,NA,NA,NA,NA,NA,NA,NA,NA,NA,NA,NA,NA,NA
115,Arnoseris minima,Asteraceae,Arnoseris,minima,Campanulids,annual,Biotic,dry_indehiscent,0.47,NoInfo,1,0,0,0,NoInfo,NoInfo,NoInfo,NoInfo,NoInfo,NoInfo,NoInfo,NoInfo,NoInfo,NoInfo,0,NA,NA,NA,NA,NA,NA,NA,NA,NA,NA,NA,NA,NA,NA,NA,NA,NA,NA,NA,NA,NA,NA,NA,NA
116,Arrhenatherum elatius,Poaceae,Arrhenatherum,elatius,Commelinid-monocots,perennial,Abiotic,dry_indehiscent,2.6875367,PD,2,0,1,1,1,1,0,0,0,0,0,1,0,0,1,1,-0.011368779,0.487824928,-2.852063745,21.45458798,2.380977672,0.915365207,27.97652079,14.93265517,43.09770904,-0.188533075,43.28624211,13.04386562,4.942996402,1.628126646,3.688646479,2.050096425,1.87797778,6.329361535,4.637975229,13,1,1,1
117,Artemisia alba,Asteraceae,Artemisia,alba,Campanulids,perennial,Biotic,dry_indehiscent,0.153394929,NoInfo,1,0,1,1,0,0,0,0,0,0,0,1,0,0,0,NA,NA,NA,NA,NA,NA,NA,NA,NA,NA,NA,NA,NA,NA,NA,NA,NA,NA,NA,NA,NA,NA,NA,NA
118,Artemisia arborescens,Asteraceae,Artemisia,arborescens,Campanulids,perennial,Biotic,dry_indehiscent,0.1294,NoInfo,1,0,0,1,0,0,0,0,0,0,1,1,0,0,1,0,NA,NA,NA,NA,NA,NA,NA,NA,NA,NA,NA,NA,NA,NA,NA,NA,NA,NA,NA,NA,0,NA,0
119,Artemisia barrelieri,Asteraceae,Artemisia,barrelieri,Campanulids,perennial,Biotic,dry_indehiscent,0.87432366,NoInfo,1,0,0,0,NoInfo,NoInfo,NoInfo,NoInfo,NoInfo,NoInfo,NoInfo,NoInfo,NoInfo,NoInfo,0,NA,NA,NA,NA,NA,NA,NA,NA,NA,NA,NA,NA,NA,NA,NA,NA,NA,NA,NA,NA,NA,NA,NA,NA
120,Artemisia herba-alba,Asteraceae,Artemisia,herba-alba,Campanulids,perennial,Biotic,dry_indehiscent,0.207671429,NoInfo,3,0,0,0,NoInfo,NoInfo,NoInfo,NoInfo,NoInfo,NoInfo,NoInfo,NoInfo,NoInfo,NoInfo,1,1,-0.013769687,0.319312885,-0.582701801,11.59477636,1.268478943,0.780482257,15.5454776,7.644075127,29.08637339,-5.896820664,34.98319405,7.90140247,2.70427136,3.258123985,1.48360397,1.466976375,0.772927126,5.785088212,2.513271868,4,1,1,1
121,Artemisia pedemontana,Asteraceae,Artemisia,pedemontana,Campanulids,perennial,Biotic,dry_indehiscent,0.2508,NoInfo,1,0,0,0,NoInfo,NoInfo,NoInfo,NoInfo,NoInfo,NoInfo,NoInfo,NoInfo,NoInfo,NoInfo,0,NA,NA,NA,NA,NA,NA,NA,NA,NA,NA,NA,NA,NA,NA,NA,NA,NA,NA,NA,NA,NA,NA,NA,NA
122,Artemisia santonicum,Asteraceae,Artemisia,santonicum,Campanulids,perennial,Biotic,dry_indehiscent,0.2482,NoInfo,1,0,0,0,NoInfo,NoInfo,NoInfo,NoInfo,NoInfo,NoInfo,NoInfo,NoInfo,NoInfo,NoInfo,0,NA,NA,NA,NA,NA,NA,NA,NA,NA,NA,NA,NA,NA,NA,NA,NA,NA,NA,NA,NA,NA,NA,NA,NA
123,Arthrocaulon macrostachyum,Amaranthaceae,Arthrocaulon,macrostachyum,Caryophyllales,perennial,Abiotic,dry_indehiscent,0.1864,NoInfo,1,0,0,1,0,0,0,0,0,0,1,1,0,0,1,0,NA,NA,NA,NA,NA,NA,NA,NA,NA,NA,NA,NA,NA,NA,NA,NA,NA,NA,NA,NA,0,NA,0
124,Arum italicum,Araceae,Arum,italicum,Monocots,perennial,Biotic,fleshy,38.0572,NoInfo,1,0,0,1,0,1,0,0,0,0,1,1,0,0,0,NA,NA,NA,NA,NA,NA,NA,NA,NA,NA,NA,NA,NA,NA,NA,NA,NA,NA,NA,NA,NA,NA,NA,NA
125,Arum rupicola,Araceae,Arum,rupicola,Monocots,perennial,Biotic,fleshy,38.60032062,NoInfo,1,0,0,1,0,0,0,0,0,0,0,1,0,0,0,NA,NA,NA,NA,NA,NA,NA,NA,NA,NA,NA,NA,NA,NA,NA,NA,NA,NA,NA,NA,NA,NA,NA,NA
126,Arundo donax,Poaceae,Arundo,donax,Commelinid-monocots,perennial,Abiotic,dry_dehiscent,0.105866667,NoInfo,1,0,0,1,1,1,1,0,1,0,1,1,0,1,0,NA,NA,NA,NA,NA,NA,NA,NA,NA,NA,NA,NA,NA,NA,NA,NA,NA,NA,NA,NA,NA,NA,NA,NA
127,Asparagus acutifolius,Asparagaceae,Asparagus,acutifolius,Monocots,perennial,Biotic,fleshy,37.3,PD,11,0,0,1,0,0,0,1,1,0,0,0,0,0,1,0,NA,NA,NA,NA,NA,NA,NA,NA,NA,NA,NA,NA,NA,NA,NA,NA,NA,NA,NA,NA,0,NA,0
128,Asparagus albus,Asparagaceae,Asparagus,albus,Monocots,perennial,Biotic,fleshy,28.4246,PD,1,0,0,1,0,0,0,1,1,0,0,0,0,0,1,0,NA,NA,NA,NA,NA,NA,NA,NA,NA,NA,NA,NA,NA,NA,NA,NA,NA,NA,NA,NA,0,NA,0
129,Asparagus altissimus,Asparagaceae,Asparagus,altissimus,Monocots,perennial,Biotic,fleshy,34.66203898,PD,1,0,0,0,NoInfo,NoInfo,NoInfo,NoInfo,NoInfo,NoInfo,NoInfo,NoInfo,NoInfo,NoInfo,0,NA,NA,NA,NA,NA,NA,NA,NA,NA,NA,NA,NA,NA,NA,NA,NA,NA,NA,NA,NA,NA,NA,NA,NA
130,Asparagus aphyllus,Asparagaceae,Asparagus,aphyllus,Monocots,perennial,Biotic,fleshy,56.9776,PD,1,0,0,1,0,0,0,1,1,0,0,0,0,0,1,0,NA,NA,NA,NA,NA,NA,NA,NA,NA,NA,NA,NA,NA,NA,NA,NA,NA,NA,NA,NA,0,NA,0
131,Asperula involucrata,Rubiaceae,Asperula,involucrata,Lamiids,perennial,Biotic,dry_dehiscent,0.8416,NoInfo,1,0,0,0,NoInfo,NoInfo,NoInfo,NoInfo,NoInfo,NoInfo,NoInfo,NoInfo,NoInfo,NoInfo,0,NA,NA,NA,NA,NA,NA,NA,NA,NA,NA,NA,NA,NA,NA,NA,NA,NA,NA,NA,NA,NA,NA,NA,NA
132,Asphodelus albus,Asphodelaceae,Asphodelus,albus,Monocots,perennial,Biotic,dry_dehiscent,8.31409,PD,1,0,1,1,0,1,0,0,0,1,0,1,0,0,0,NA,NA,NA,NA,NA,NA,NA,NA,NA,NA,NA,NA,NA,NA,NA,NA,NA,NA,NA,NA,NA,NA,NA,NA
133,Asphodelus fistulosus,Asphodelaceae,Asphodelus,fistulosus,Monocots,perennial,Biotic,dry_dehiscent,2.7056,PD,1,0,0,1,0,1,0,0,1,0,0,1,0,0,1,0,NA,NA,NA,NA,NA,NA,NA,NA,NA,NA,NA,NA,NA,NA,NA,NA,NA,NA,NA,NA,0,NA,0
134,Asphodelus ramosus,Asphodelaceae,Asphodelus,ramosus,Monocots,perennial,Biotic,dry_dehiscent,4.688888889,PD,5,0,0,1,0,0,0,0,0,0,1,1,0,0,0,NA,NA,NA,NA,NA,NA,NA,NA,NA,NA,NA,NA,NA,NA,NA,NA,NA,NA,NA,NA,NA,NA,NA,NA
135,Asteriscus aquaticus,Asteraceae,Asteriscus,aquaticus,Campanulids,annual,Biotic,dry_indehiscent,0.7848,NoInfo,1,0,0,0,NoInfo,NoInfo,NoInfo,NoInfo,NoInfo,NoInfo,NoInfo,NoInfo,NoInfo,NoInfo,0,NA,NA,NA,NA,NA,NA,NA,NA,NA,NA,NA,NA,NA,NA,NA,NA,NA,NA,NA,NA,NA,NA,NA,NA
136,Astragalus angustifolius,Fabaceae,Astragalus,angustifolius,Fabids,perennial,Biotic,dry_indehiscent,2.5,NoInfo,2,0,0,0,NoInfo,NoInfo,NoInfo,NoInfo,NoInfo,NoInfo,NoInfo,NoInfo,NoInfo,NoInfo,0,NA,NA,NA,NA,NA,NA,NA,NA,NA,NA,NA,NA,NA,NA,NA,NA,NA,NA,NA,NA,NA,NA,NA,NA
137,Astragalus arnacantha,Fabaceae,Astragalus,arnacantha,Fabids,perennial,Biotic,dry_indehiscent,4.53,NoInfo,1,0,0,0,NoInfo,NoInfo,NoInfo,NoInfo,NoInfo,NoInfo,NoInfo,NoInfo,NoInfo,NoInfo,0,NA,NA,NA,NA,NA,NA,NA,NA,NA,NA,NA,NA,NA,NA,NA,NA,NA,NA,NA,NA,NA,NA,NA,NA
138,Astragalus cadmicus,Fabaceae,Astragalus,cadmicus,Fabids,perennial,Biotic,dry_indehiscent,8.534503119,NoInfo,1,0,0,0,NoInfo,NoInfo,NoInfo,NoInfo,NoInfo,NoInfo,NoInfo,NoInfo,NoInfo,NoInfo,0,NA,NA,NA,NA,NA,NA,NA,NA,NA,NA,NA,NA,NA,NA,NA,NA,NA,NA,NA,NA,NA,NA,NA,NA
139,Astragalus creticus,Fabaceae,Astragalus,creticus,Fabids,perennial,Biotic,dry_indehiscent,8.534503119,NoInfo,1,0,0,1,0,0,0,0,0,0,0,1,0,0,0,NA,NA,NA,NA,NA,NA,NA,NA,NA,NA,NA,NA,NA,NA,NA,NA,NA,NA,NA,NA,NA,NA,NA,NA
140,Astragalus depressus,Fabaceae,Astragalus,depressus,Fabids,perennial,Biotic,dry_indehiscent,28.4552,NoInfo,1,0,0,0,NoInfo,NoInfo,NoInfo,NoInfo,NoInfo,NoInfo,NoInfo,NoInfo,NoInfo,NoInfo,0,NA,NA,NA,NA,NA,NA,NA,NA,NA,NA,NA,NA,NA,NA,NA,NA,NA,NA,NA,NA,NA,NA,NA,NA
141,Astragalus fraxinifolius,Fabaceae,Astragalus,fraxinifolius,Fabids,perennial,Biotic,dry_indehiscent,8.534503119,NoInfo,1,0,0,0,NoInfo,NoInfo,NoInfo,NoInfo,NoInfo,NoInfo,NoInfo,NoInfo,NoInfo,NoInfo,0,NA,NA,NA,NA,NA,NA,NA,NA,NA,NA,NA,NA,NA,NA,NA,NA,NA,NA,NA,NA,NA,NA,NA,NA
142,Astragalus macrourus,Fabaceae,Astragalus,macrourus,Fabids,perennial,Biotic,dry_indehiscent,8.534503119,NoInfo,1,0,0,0,NoInfo,NoInfo,NoInfo,NoInfo,NoInfo,NoInfo,NoInfo,NoInfo,NoInfo,NoInfo,0,NA,NA,NA,NA,NA,NA,NA,NA,NA,NA,NA,NA,NA,NA,NA,NA,NA,NA,NA,NA,NA,NA,NA,NA
143,Astragalus mesogitanus,Fabaceae,Astragalus,mesogitanus,Fabids,perennial,Biotic,dry_indehiscent,8.534503119,NoInfo,1,0,0,0,NoInfo,NoInfo,NoInfo,NoInfo,NoInfo,NoInfo,NoInfo,NoInfo,NoInfo,NoInfo,0,NA,NA,NA,NA,NA,NA,NA,NA,NA,NA,NA,NA,NA,NA,NA,NA,NA,NA,NA,NA,NA,NA,NA,NA
144,Astragalus monspessulanus,Fabaceae,Astragalus,monspessulanus,Fabids,perennial,Biotic,dry_indehiscent,3.124,NoInfo,2,0,1,1,0,0,0,0,0,0,0,1,0,0,1,1,0.106528485,-1.764505035,-7.192173985,8.28184613,-14.49885358,5.04925932142833e-07,NA,NA,-2.132718013,18.69641027,-20.82912829,NA,NA,NA,NA,NA,NA,NA,NA,3,0,0,0
145,Astragalus muelleri,Fabaceae,Astragalus,muelleri,Fabids,perennial,Biotic,dry_indehiscent,8.534503119,NoInfo,1,0,0,0,NoInfo,NoInfo,NoInfo,NoInfo,NoInfo,NoInfo,NoInfo,NoInfo,NoInfo,NoInfo,0,NA,NA,NA,NA,NA,NA,NA,NA,NA,NA,NA,NA,NA,NA,NA,NA,NA,NA,NA,NA,NA,NA,NA,NA
146,Astragalus oxytropifolius,Fabaceae,Astragalus,oxytropifolius,Fabids,perennial,Biotic,dry_indehiscent,8.534503119,NoInfo,1,0,0,0,NoInfo,NoInfo,NoInfo,NoInfo,NoInfo,NoInfo,NoInfo,NoInfo,NoInfo,NoInfo,0,NA,NA,NA,NA,NA,NA,NA,NA,NA,NA,NA,NA,NA,NA,NA,NA,NA,NA,NA,NA,NA,NA,NA,NA
147,Astragalus parnassi,Fabaceae,Astragalus,parnassi,Fabids,perennial,Biotic,dry_indehiscent,8.534503119,NoInfo,2,0,0,0,NoInfo,NoInfo,NoInfo,NoInfo,NoInfo,NoInfo,NoInfo,NoInfo,NoInfo,NoInfo,0,NA,NA,NA,NA,NA,NA,NA,NA,NA,NA,NA,NA,NA,NA,NA,NA,NA,NA,NA,NA,NA,NA,NA,NA
148,Astragalus rumelicus,Fabaceae,Astragalus,rumelicus,Fabids,perennial,Biotic,dry_indehiscent,8.534503119,NoInfo,1,0,0,0,NoInfo,NoInfo,NoInfo,NoInfo,NoInfo,NoInfo,NoInfo,NoInfo,NoInfo,NoInfo,0,NA,NA,NA,NA,NA,NA,NA,NA,NA,NA,NA,NA,NA,NA,NA,NA,NA,NA,NA,NA,NA,NA,NA,NA
149,Astragalus sesameus,Fabaceae,Astragalus,sesameus,Fabids,annual,Biotic,dry_indehiscent,8.534503119,NoInfo,1,0,0,0,NoInfo,NoInfo,NoInfo,NoInfo,NoInfo,NoInfo,NoInfo,NoInfo,NoInfo,NoInfo,0,NA,NA,NA,NA,NA,NA,NA,NA,NA,NA,NA,NA,NA,NA,NA,NA,NA,NA,NA,NA,NA,NA,NA,NA
150,Astragalus siculus,Fabaceae,Astragalus,siculus,Fabids,perennial,Biotic,dry_indehiscent,8.534503119,NoInfo,1,0,0,0,NoInfo,NoInfo,NoInfo,NoInfo,NoInfo,NoInfo,NoInfo,NoInfo,NoInfo,NoInfo,0,NA,NA,NA,NA,NA,NA,NA,NA,NA,NA,NA,NA,NA,NA,NA,NA,NA,NA,NA,NA,NA,NA,NA,NA
151,Astragalus sparsipilis,Fabaceae,Astragalus,sparsipilis,Fabids,perennial,Biotic,dry_indehiscent,8.534503119,NoInfo,1,0,0,0,NoInfo,NoInfo,NoInfo,NoInfo,NoInfo,NoInfo,NoInfo,NoInfo,NoInfo,NoInfo,0,NA,NA,NA,NA,NA,NA,NA,NA,NA,NA,NA,NA,NA,NA,NA,NA,NA,NA,NA,NA,NA,NA,NA,NA
152,Astragalus thracicus,Fabaceae,Astragalus,thracicus,Fabids,perennial,Biotic,dry_indehiscent,5.89,NoInfo,1,0,0,1,0,0,0,0,0,0,0,1,0,0,0,NA,NA,NA,NA,NA,NA,NA,NA,NA,NA,NA,NA,NA,NA,NA,NA,NA,NA,NA,NA,NA,NA,NA,NA
153,Astragalus tragacantha,Fabaceae,Astragalus,tragacantha,Fabids,perennial,Biotic,dry_indehiscent,8.534503119,NoInfo,1,0,0,1,0,0,0,0,0,0,0,1,0,0,0,NA,NA,NA,NA,NA,NA,NA,NA,NA,NA,NA,NA,NA,NA,NA,NA,NA,NA,NA,NA,NA,NA,NA,NA
154,Asyneuma amplexicaule,Campanulaceae,Asyneuma,amplexicaule,Campanulids,perennial,NoInfo,fleshy,0.44792,NoInfo,1,0,0,0,NoInfo,NoInfo,NoInfo,NoInfo,NoInfo,NoInfo,NoInfo,NoInfo,NoInfo,NoInfo,0,NA,NA,NA,NA,NA,NA,NA,NA,NA,NA,NA,NA,NA,NA,NA,NA,NA,NA,NA,NA,NA,NA,NA,NA
155,Asyneuma limonifolium,Campanulaceae,Asyneuma,limonifolium,Campanulids,perennial,Biotic,fleshy,0.3056,NoInfo,1,0,0,0,NoInfo,NoInfo,NoInfo,NoInfo,NoInfo,NoInfo,NoInfo,NoInfo,NoInfo,NoInfo,0,NA,NA,NA,NA,NA,NA,NA,NA,NA,NA,NA,NA,NA,NA,NA,NA,NA,NA,NA,NA,NA,NA,NA,NA
156,Asyneuma linifolium,Campanulaceae,Asyneuma,linifolium,Campanulids,perennial,Biotic,fleshy,0.44792,NoInfo,1,0,0,0,NoInfo,NoInfo,NoInfo,NoInfo,NoInfo,NoInfo,NoInfo,NoInfo,NoInfo,NoInfo,0,NA,NA,NA,NA,NA,NA,NA,NA,NA,NA,NA,NA,NA,NA,NA,NA,NA,NA,NA,NA,NA,NA,NA,NA
157,Asyneuma michauxioides,Campanulaceae,Asyneuma,michauxioides,Campanulids,perennial,Biotic,fleshy,0.44792,NoInfo,1,0,0,0,NoInfo,NoInfo,NoInfo,NoInfo,NoInfo,NoInfo,NoInfo,NoInfo,NoInfo,NoInfo,0,NA,NA,NA,NA,NA,NA,NA,NA,NA,NA,NA,NA,NA,NA,NA,NA,NA,NA,NA,NA,NA,NA,NA,NA
158,Atractylis cancellata,Asteraceae,Atractylis,cancellata,Campanulids,annual,Biotic,dry_indehiscent,4.7018,NoInfo,1,0,0,0,NoInfo,NoInfo,NoInfo,NoInfo,NoInfo,NoInfo,NoInfo,NoInfo,NoInfo,NoInfo,1,0,NA,NA,NA,NA,NA,NA,NA,NA,NA,NA,NA,NA,NA,NA,NA,NA,NA,NA,NA,NA,0,NA,0
159,Atractylis humilis,Asteraceae,Atractylis,humilis,Campanulids,perennial,Biotic,dry_indehiscent,7.43,NoInfo,1,0,0,0,NoInfo,NoInfo,NoInfo,NoInfo,NoInfo,NoInfo,NoInfo,NoInfo,NoInfo,NoInfo,0,NA,NA,NA,NA,NA,NA,NA,NA,NA,NA,NA,NA,NA,NA,NA,NA,NA,NA,NA,NA,NA,NA,NA,NA
160,Atriplex halimus,Amaranthaceae,Atriplex,halimus,Caryophyllales,perennial,Abiotic,dry_indehiscent,1.13340625,PD,1,0,0,1,0,1,0,0,1,0,1,1,0,0,1,0,NA,NA,NA,NA,NA,NA,NA,NA,NA,NA,NA,NA,NA,NA,NA,NA,NA,NA,NA,NA,0,NA,0
161,Atriplex prostrata,Amaranthaceae,Atriplex,prostrata,Caryophyllales,annual,Biotic,dry_indehiscent,1.432502857,PD,1,0,0,1,0,0,0,0,0,0,0,1,0,0,1,1,-0.016726628,0.768945691,-6.522318379,22.98567551,2.315049691,0.910115802,28.23512244,17.73622859,40.71807724,5.253273782,35.46480346,10.49889385,6.05869776,6.600405359,2.452353599,2.351447666,1.653670847,12.23142795,3.485423865,8,1,0,0
162,Aubrieta deltoidea,Brassicaceae,Aubrieta,deltoidea,Malvids,perennial,Biotic,dry_dehiscent,0.210266667,NoInfo,1,0,0,1,0,1,0,1,0,0,0,0,0,0,0,NA,NA,NA,NA,NA,NA,NA,NA,NA,NA,NA,NA,NA,NA,NA,NA,NA,NA,NA,NA,NA,NA,NA,NA
163,Avena barbata,Poaceae,Avena,barbata,Commelinid-monocots,annual,Abiotic,dry_indehiscent,8.703607574,PD,5,0,0,1,1,1,0,1,0,0,0,1,1,0,1,1,-0.046116016,2.586409524,-32.29547659,28.0424215,3.969116429,0.981460104,33.44327302,22.64156998,40.28646413,15.79837888,24.48808525,10.80170304,NA,NA,NA,NA,NA,NA,NA,3,1,0,0
164,Avena sterilis,Poaceae,Avena,sterilis,Commelinid-monocots,annual,Abiotic,dry_indehiscent,36.45142857,PD,2,0,0,1,1,0,0,1,1,0,1,1,1,0,1,1,0.901606909,-33.12673673,300.5911501,18.37094215,-3.693531876,0.024279782,NA,NA,17.45943679,19.2824475,-1.823010708,NA,0.512109927,0.425882744,NA,NA,0.113867695,0.914003266,NA,3,0,0,0
165,Avenella flexuosa,Poaceae,Avenella,flexuosa,Commelinid-monocots,perennial,Abiotic,dry_indehiscent,0.478340185,NoInfo,9,1,1,0,0,1,0,0,0,0,0,0,0,0,1,1,-0.437996514,16.10372043,-142.2993122,18.38338882,5.721164817,0.996734804,20.92985623,15.8369214,22.83138174,13.9353959,8.895985842,5.092934829,NA,NA,NA,NA,NA,NA,NA,4,1,0,0
166,Bassia tomentosa,Amaranthaceae,Bassia,tomentosa,Caryophyllales,perennial,Abiotic,dry_indehiscent,163.1483283,NoInfo,1,0,0,0,NoInfo,NoInfo,NoInfo,NoInfo,NoInfo,NoInfo,NoInfo,NoInfo,NoInfo,NoInfo,0,NA,NA,NA,NA,NA,NA,NA,NA,NA,NA,NA,NA,NA,NA,NA,NA,NA,NA,NA,NA,NA,NA,NA,NA
167,Bellardiochloa variegata,Poaceae,Bellardiochloa,variegata,Commelinid-monocots,perennial,Abiotic,dry_indehiscent,2.812837883,NoInfo,2,0,0,0,NoInfo,NoInfo,NoInfo,NoInfo,NoInfo,NoInfo,NoInfo,NoInfo,NoInfo,NoInfo,0,NA,NA,NA,NA,NA,NA,NA,NA,NA,NA,NA,NA,NA,NA,NA,NA,NA,NA,NA,NA,NA,NA,NA,NA
168,Bellevalia tauri,Asparagaceae,Bellevalia,tauri,Monocots,perennial,Biotic,fleshy,4.418666667,NoInfo,1,0,0,0,NoInfo,NoInfo,NoInfo,NoInfo,NoInfo,NoInfo,NoInfo,NoInfo,NoInfo,NoInfo,0,NA,NA,NA,NA,NA,NA,NA,NA,NA,NA,NA,NA,NA,NA,NA,NA,NA,NA,NA,NA,NA,NA,NA,NA
169,Bellis annua,Asteraceae,Bellis,annua,Campanulids,annual,Biotic,dry_indehiscent,0.0824,PD,1,0,0,0,NoInfo,NoInfo,NoInfo,NoInfo,NoInfo,NoInfo,NoInfo,NoInfo,NoInfo,NoInfo,1,0,NA,NA,NA,NA,NA,NA,NA,NA,NA,NA,NA,NA,NA,NA,NA,NA,NA,NA,NA,NA,0,NA,0
170,Bellis bernardi,Asteraceae,Bellis,bernardi,Campanulids,perennial,Biotic,dry_indehiscent,0.154416667,PD,1,0,0,0,NoInfo,NoInfo,NoInfo,NoInfo,NoInfo,NoInfo,NoInfo,NoInfo,NoInfo,NoInfo,0,NA,NA,NA,NA,NA,NA,NA,NA,NA,NA,NA,NA,NA,NA,NA,NA,NA,NA,NA,NA,NA,NA,NA,NA
171,Bellis longifolia,Asteraceae,Bellis,longifolia,Campanulids,perennial,Biotic,dry_indehiscent,0.154416667,PD,1,0,0,0,NoInfo,NoInfo,NoInfo,NoInfo,NoInfo,NoInfo,NoInfo,NoInfo,NoInfo,NoInfo,0,NA,NA,NA,NA,NA,NA,NA,NA,NA,NA,NA,NA,NA,NA,NA,NA,NA,NA,NA,NA,NA,NA,NA,NA
172,Bellis perennis,Asteraceae,Bellis,perennis,Campanulids,perennial,Biotic,dry_indehiscent,0.12085,PD,1,0,1,1,0,1,0,0,0,0,0,1,0,0,1,1,-0.031690742,1.126846339,-5.520130943,17.77879393,4.496853483,0.988978814,25.21757805,10.34000981,33.10229433,2.455293539,30.64700079,14.87756824,1.927664804,1.184516463,1.435838381,0.934962903,0.54005303,3.011861982,2.169088719,11,1,1,1
173,Bellium bellidioides,Asteraceae,Bellium,bellidioides,Campanulids,perennial,Biotic,dry_indehiscent,0.0936,NoInfo,2,0,0,0,NoInfo,NoInfo,NoInfo,NoInfo,NoInfo,NoInfo,NoInfo,NoInfo,NoInfo,NoInfo,0,NA,NA,NA,NA,NA,NA,NA,NA,NA,NA,NA,NA,NA,NA,NA,NA,NA,NA,NA,NA,NA,NA,NA,NA
174,Berberis aetnensis,Berberidaceae,Berberis,aetnensis,Early EU,perennial,Biotic,fleshy,11.3524,PD,1,0,0,0,NoInfo,NoInfo,NoInfo,NoInfo,NoInfo,NoInfo,NoInfo,NoInfo,NoInfo,NoInfo,0,NA,NA,NA,NA,NA,NA,NA,NA,NA,NA,NA,NA,NA,NA,NA,NA,NA,NA,NA,NA,NA,NA,NA,NA
175,Berberis crataegina,Berberidaceae,Berberis,crataegina,Early EU,perennial,Biotic,fleshy,9.7,PD,1,0,0,1,0,0,0,0,0,0,0,1,0,0,0,NA,NA,NA,NA,NA,NA,NA,NA,NA,NA,NA,NA,NA,NA,NA,NA,NA,NA,NA,NA,NA,NA,NA,NA
176,Berberis cretica,Berberidaceae,Berberis,cretica,Early EU,perennial,Biotic,fleshy,20.142538,PD,1,0,0,0,NoInfo,NoInfo,NoInfo,NoInfo,NoInfo,NoInfo,NoInfo,NoInfo,NoInfo,NoInfo,0,NA,NA,NA,NA,NA,NA,NA,NA,NA,NA,NA,NA,NA,NA,NA,NA,NA,NA,NA,NA,NA,NA,NA,NA
177,Berberis vulgaris,Berberidaceae,Berberis,vulgaris,Early EU,perennial,Biotic,fleshy,14.42627207,PD,2,0,0,1,0,0,0,0,1,0,1,1,1,0,0,NA,NA,NA,NA,NA,NA,NA,NA,NA,NA,NA,NA,NA,NA,NA,NA,NA,NA,NA,NA,NA,NA,NA,NA
178,Beta nana,Amaranthaceae,Beta,nana,Caryophyllales,perennial,Abiotic,dry_indehiscent,19.1861194,NoInfo,1,0,0,1,0,0,0,1,0,0,0,0,0,0,0,NA,NA,NA,NA,NA,NA,NA,NA,NA,NA,NA,NA,NA,NA,NA,NA,NA,NA,NA,NA,NA,NA,NA,NA
179,Betonica officinalis,Lamiaceae,Betonica,officinalis,Lamiids,perennial,Biotic,dry_dehiscent,1.871083333,NoInfo,2,0,1,1,0,1,0,0,0,0,0,1,0,0,0,NA,NA,NA,NA,NA,NA,NA,NA,NA,NA,NA,NA,NA,NA,NA,NA,NA,NA,NA,NA,NA,NA,NA,NA
180,Biscutella auriculata,Brassicaceae,Biscutella,auriculata,Malvids,annual,Biotic,dry_dehiscent,2.793623175,NoInfo,1,0,0,0,NoInfo,NoInfo,NoInfo,NoInfo,NoInfo,NoInfo,NoInfo,NoInfo,NoInfo,NoInfo,0,NA,NA,NA,NA,NA,NA,NA,NA,NA,NA,NA,NA,NA,NA,NA,NA,NA,NA,NA,NA,NA,NA,NA,NA
181,Biscutella didyma,Brassicaceae,Biscutella,didyma,Malvids,annual,Biotic,dry_dehiscent,1.792609524,NoInfo,1,0,0,1,0,0,0,0,0,0,0,1,0,0,0,NA,NA,NA,NA,NA,NA,NA,NA,NA,NA,NA,NA,NA,NA,NA,NA,NA,NA,NA,NA,NA,NA,NA,NA
182,Biserrula pelecinus,Fabaceae,Biserrula,pelecinus,Fabids,annual,Biotic,dry_dehiscent,1.163909091,NoInfo,1,0,1,0,NoInfo,NoInfo,NoInfo,NoInfo,NoInfo,NoInfo,NoInfo,NoInfo,NoInfo,NoInfo,0,NA,NA,NA,NA,NA,NA,NA,NA,NA,NA,NA,NA,NA,NA,NA,NA,NA,NA,NA,NA,NA,NA,NA,NA
183,Bituminaria bituminosa,Fabaceae,Bituminaria,bituminosa,Fabids,perennial,Biotic,dry_dehiscent,25.58428571,PY(PD),3,0,0,1,1,1,0,0,0,0,0,1,0,0,1,1,-0.000250179,0.018470348,0.346792101,36.91427767,0.68770187,0.665455502,61.08079846,12.74775687,157.4056614,-83.5771061,240.9827675,48.33304158,1558.944906,821.4972542,749.1279537,48.13994565,371.5945131,2378.65592,758.0833476,10,1,0,0
184,Blackstonia perfoliata,Gentianaceae,Blackstonia,perfoliata,Lamiids,annual,Biotic,dry_dehiscent,0.01,NoInfo,2,0,0,0,NoInfo,NoInfo,NoInfo,NoInfo,NoInfo,NoInfo,NoInfo,NoInfo,NoInfo,NoInfo,0,NA,NA,NA,NA,NA,NA,NA,NA,NA,NA,NA,NA,NA,NA,NA,NA,NA,NA,NA,NA,NA,NA,NA,NA
185,Bolboschoenus maritimus,Cyperaceae,Bolboschoenus,maritimus,Commelinid-monocots,perennial,Abiotic,dry_indehiscent,2.8529,PD,1,0,0,1,0,1,0,1,1,0,1,1,1,0,1,1,-0.045533854,2.187407108,-26.38933203,24.01956912,-0.119043923,0.470274116,25.46189902,22.57723922,31.89677842,16.14235982,15.7544186,2.884659797,NA,NA,NA,NA,NA,NA,NA,7,1,1,1
186,Bombycilaena discolor,Asteraceae,Bombycilaena,discolor,Campanulids,annual,Biotic,dry_indehiscent,0.1042,NoInfo,1,0,0,0,NoInfo,NoInfo,NoInfo,NoInfo,NoInfo,NoInfo,NoInfo,NoInfo,NoInfo,NoInfo,1,0,NA,NA,NA,NA,NA,NA,NA,NA,NA,NA,NA,NA,NA,NA,NA,NA,NA,NA,NA,NA,0,NA,0
187,Bombycilaena erecta,Asteraceae,Bombycilaena,erecta,Campanulids,annual,Biotic,dry_indehiscent,0.1042,NoInfo,1,0,0,0,NoInfo,NoInfo,NoInfo,NoInfo,NoInfo,NoInfo,NoInfo,NoInfo,NoInfo,NoInfo,0,NA,NA,NA,NA,NA,NA,NA,NA,NA,NA,NA,NA,NA,NA,NA,NA,NA,NA,NA,NA,NA,NA,NA,NA
188,Bothriochloa ischaemum,Poaceae,Bothriochloa,ischaemum,Commelinid-monocots,perennial,Abiotic,dry_indehiscent,0.66018481,NoInfo,1,0,1,1,1,1,0,0,0,0,0,0,0,0,0,NA,NA,NA,NA,NA,NA,NA,NA,NA,NA,NA,NA,NA,NA,NA,NA,NA,NA,NA,NA,NA,NA,NA,NA
189,Brachypodium distachyon,Poaceae,Brachypodium,distachyon,Commelinid-monocots,perennial,Abiotic,dry_indehiscent,3.64180369,PD,2,0,0,0,NoInfo,NoInfo,NoInfo,NoInfo,NoInfo,NoInfo,NoInfo,NoInfo,NoInfo,NoInfo,1,0,NA,NA,NA,NA,NA,NA,NA,NA,NA,NA,NA,NA,NA,NA,NA,NA,NA,NA,NA,NA,0,NA,0
190,Brachypodium phoenicoides,Poaceae,Brachypodium,phoenicoides,Commelinid-monocots,perennial,Abiotic,dry_indehiscent,3.0318,PD,5,0,1,0,NoInfo,NoInfo,NoInfo,NoInfo,NoInfo,NoInfo,NoInfo,NoInfo,NoInfo,NoInfo,1,0,NA,NA,NA,NA,NA,NA,NA,NA,NA,NA,NA,NA,NA,NA,NA,NA,NA,NA,NA,NA,0,NA,0
191,Brachypodium pinnatum,Poaceae,Brachypodium,pinnatum,Commelinid-monocots,perennial,Biotic,dry_indehiscent,2.872043333,PD,11,0,1,0,0,1,0,0,0,0,0,0,0,0,1,1,0.007485715,-0.076416892,1.245016334,5.104181441,1.049993493,0.74077365,NA,NA,NA,NA,NA,NA,NA,NA,NA,NA,NA,NA,NA,5,0,0,0
192,Brachypodium retusum,Poaceae,Brachypodium,retusum,Commelinid-monocots,perennial,Abiotic,dry_indehiscent,3.5729,PD,12,0,0,0,NoInfo,NoInfo,NoInfo,NoInfo,NoInfo,NoInfo,NoInfo,NoInfo,NoInfo,NoInfo,1,0,NA,NA,NA,NA,NA,NA,NA,NA,NA,NA,NA,NA,NA,NA,NA,NA,NA,NA,NA,NA,0,NA,0
193,Brachypodium sylvaticum,Poaceae,Brachypodium,sylvaticum,Commelinid-monocots,perennial,Abiotic,dry_indehiscent,2.477638095,PD,8,0,1,1,1,0,0,0,0,0,0,0,0,0,1,1,-0.204807323,7.991956118,-74.89282917,19.51091396,3.072354915,0.955737899,21.46679636,17.55503155,24.9310455,14.09078241,10.84026309,3.911764809,NA,NA,NA,NA,NA,NA,NA,5,1,1,1
194,Brassica oxyrrhina,Brassicaceae,Brassica,oxyrrhina,Malvids,annual,Biotic,dry_dehiscent,3.309931173,NoInfo,1,0,0,1,0,0,0,1,0,0,0,0,0,0,0,NA,NA,NA,NA,NA,NA,NA,NA,NA,NA,NA,NA,NA,NA,NA,NA,NA,NA,NA,NA,NA,NA,NA,NA
195,Brassica repanda,Brassicaceae,Brassica,repanda,Malvids,perennial,Biotic,dry_dehiscent,1.4608,NoInfo,1,1,0,1,0,0,0,1,0,0,0,0,0,0,1,0,NA,NA,NA,NA,NA,NA,NA,NA,NA,NA,NA,NA,NA,NA,NA,NA,NA,NA,NA,NA,0,NA,0
196,Brimeura fastigiata,Asparagaceae,Brimeura,fastigiata,Monocots,perennial,Biotic,fleshy,3.78,NoInfo,1,0,0,0,NoInfo,NoInfo,NoInfo,NoInfo,NoInfo,NoInfo,NoInfo,NoInfo,NoInfo,NoInfo,0,NA,NA,NA,NA,NA,NA,NA,NA,NA,NA,NA,NA,NA,NA,NA,NA,NA,NA,NA,NA,NA,NA,NA,NA
197,Briza humilis,Poaceae,Briza,humilis,Commelinid-monocots,annual,Abiotic,dry_indehiscent,0.5,PD,1,0,0,1,1,0,0,0,1,0,1,0,0,0,0,NA,NA,NA,NA,NA,NA,NA,NA,NA,NA,NA,NA,NA,NA,NA,NA,NA,NA,NA,NA,NA,NA,NA,NA
198,Briza maxima,Poaceae,Briza,maxima,Commelinid-monocots,annual,Abiotic,dry_indehiscent,3.167157444,PD,4,0,0,0,0,1,0,0,0,0,0,0,0,0,1,1,0.107194135,-3.786762016,34.77411304,17.66310264,1.331129962,0.791027482,NA,NA,NA,NA,NA,NA,NA,NA,NA,NA,NA,NA,NA,4,0,0,0
199,Briza media,Poaceae,Briza,media,Commelinid-monocots,perennial,Abiotic,dry_indehiscent,0.400737778,PD,3,0,1,1,1,1,0,0,0,0,0,1,0,0,1,1,-0.027071762,0.970677711,-6.628371607,17.92786337,2.072717084,0.888223006,21.70315365,14.15257308,31.54138673,4.31434,27.22704673,7.550580573,NA,NA,NA,NA,NA,NA,NA,11,1,NA,NA
200,Bromus commutatus,Poaceae,Bromus,commutatus,Commelinid-monocots,perennial,Abiotic,dry_indehiscent,4.631257143,PD,1,0,0,0,NoInfo,NoInfo,NoInfo,NoInfo,NoInfo,NoInfo,NoInfo,NoInfo,NoInfo,NoInfo,0,NA,NA,NA,NA,NA,NA,NA,NA,NA,NA,NA,NA,NA,NA,NA,NA,NA,NA,NA,NA,NA,NA,NA,NA
201,Bromus diandrus,Poaceae,Bromus,diandrus,Commelinid-monocots,annual,Abiotic,dry_indehiscent,9.718333333,PD,1,0,0,0,NoInfo,NoInfo,NoInfo,NoInfo,NoInfo,NoInfo,NoInfo,NoInfo,NoInfo,NoInfo,1,1,0.025893246,-0.842447403,9.852360825,16.26770533,3.000017771,0.95257493,NA,NA,NA,NA,NA,NA,NA,NA,NA,NA,6.878248176,NA,NA,6,0,0,0
202,Bromus erectus,Poaceae,Bromus,erectus,Commelinid-monocots,perennial,Abiotic,dry_indehiscent,4.207320721,PD,10,0,1,0,NoInfo,NoInfo,NoInfo,NoInfo,NoInfo,NoInfo,NoInfo,NoInfo,NoInfo,NoInfo,1,1,-0.13284845,4.73629429,-39.01147763,17.8259298,3.202947133,0.960945033,20.3604718,15.29138779,24.62840551,11.02345409,13.60495142,5.069084007,1.552584128,1.480150022,0.622435708,0.709341898,0.338812475,2.956949027,1.149786373,5,1,1,1
203,Bromus fasciculatus,Poaceae,Bromus,fasciculatus,Commelinid-monocots,annual,Abiotic,dry_indehiscent,4.795813613,PD,1,0,0,0,NoInfo,NoInfo,NoInfo,NoInfo,NoInfo,NoInfo,NoInfo,NoInfo,NoInfo,NoInfo,1,1,-4.384561332,179.2715307,-1828.869466,20.44349675,3.599012038,0.973377417,20.94230016,19.94469335,21.66512862,19.22186489,2.443263735,0.997606814,NA,NA,NA,NA,NA,NA,NA,3,1,0,0
204,Bromus grossus,Poaceae,Bromus,grossus,Commelinid-monocots,annual,Abiotic,dry_indehiscent,4.795813613,PD,1,1,0,0,NoInfo,NoInfo,NoInfo,NoInfo,NoInfo,NoInfo,NoInfo,NoInfo,NoInfo,NoInfo,0,NA,NA,NA,NA,NA,NA,NA,NA,NA,NA,NA,NA,NA,NA,NA,NA,NA,NA,NA,NA,NA,NA,NA,NA
205,Bromus hordeaceus,Poaceae,Bromus,hordeaceus,Commelinid-monocots,perennial,Abiotic,dry_indehiscent,2.442663658,PD,4,0,1,1,1,1,0,0,0,0,0,0,0,0,1,1,-0.014913839,0.453781115,0.958354291,15.21342416,4.410136581,0.987992416,25.83731791,4.589530419,37.4201271,-6.993278773,44.41340587,21.24778749,5.702955642,9.697685188,1.740898651,5.991987055,2.693798706,14.97035057,6.988781589,8,1,0,0
206,Bromus intermedius,Poaceae,Bromus,intermedius,Commelinid-monocots,perennial,Abiotic,dry_indehiscent,2.364473684,PD,1,0,0,0,NoInfo,NoInfo,NoInfo,NoInfo,NoInfo,NoInfo,NoInfo,NoInfo,NoInfo,NoInfo,1,1,0.101170406,-4.620578203,55.68009235,22.83562158,2.92320469,0.948981679,NA,NA,NA,NA,NA,NA,NA,NA,NA,NA,NA,NA,NA,4,0,0,0
207,Bromus madritensis,Poaceae,Bromus,madritensis,Commelinid-monocots,annual,Abiotic,dry_indehiscent,2.483705882,PD,2,0,0,0,NoInfo,NoInfo,NoInfo,NoInfo,NoInfo,NoInfo,NoInfo,NoInfo,NoInfo,NoInfo,1,1,0.323462836,-12.87197466,131.3913056,19.89714619,3.333524885,0.965561175,NA,NA,NA,NA,NA,NA,NA,NA,NA,NA,NA,NA,NA,3,0,0,0
208,Bromus racemosus,Poaceae,Bromus,racemosus,Commelinid-monocots,perennial,Abiotic,dry_indehiscent,5.948290643,PD,1,0,0,0,NoInfo,NoInfo,NoInfo,NoInfo,NoInfo,NoInfo,NoInfo,NoInfo,NoInfo,NoInfo,0,NA,NA,NA,NA,NA,NA,NA,NA,NA,NA,NA,NA,NA,NA,NA,NA,NA,NA,NA,NA,NA,NA,NA,NA
209,Bromus rubens,Poaceae,Bromus,rubens,Commelinid-monocots,annual,Abiotic,dry_indehiscent,2.103153393,PD,1,0,0,1,1,1,0,0,0,0,0,0,0,0,1,0,NA,NA,NA,NA,NA,NA,NA,NA,NA,NA,NA,NA,NA,NA,NA,NA,NA,NA,NA,NA,0,NA,0
210,Bromus squarrosus,Poaceae,Bromus,squarrosus,Commelinid-monocots,perennial,Abiotic,dry_indehiscent,3.18,PD,2,0,0,0,NoInfo,NoInfo,NoInfo,NoInfo,NoInfo,NoInfo,NoInfo,NoInfo,NoInfo,NoInfo,1,1,NA,NA,NA,NA,NA,NA,NA,NA,NA,NA,NA,NA,NA,NA,NA,NA,NA,NA,NA,5,0,NA,0
211,Bromus sterilis,Poaceae,Bromus,sterilis,Commelinid-monocots,perennial,Abiotic,dry_indehiscent,7.551142857,PD,2,0,0,0,NoInfo,NoInfo,NoInfo,NoInfo,NoInfo,NoInfo,NoInfo,NoInfo,NoInfo,NoInfo,1,1,0.077543943,-2.908912895,30.1396695,18.75654484,2.859091918,0.945786757,NA,NA,NA,NA,NA,NA,NA,NA,NA,NA,1.045825666,NA,NA,6,0,0,0
212,Bromus tectorum,Poaceae,Bromus,tectorum,Commelinid-monocots,annual,Abiotic,dry_indehiscent,2.813975428,PD,1,0,0,1,1,0,0,0,0,0,0,1,0,0,1,1,-0.162073729,2.798673601,16.45612685,8.633952029,28.53793366,1,21.20028269,-3.932378636,22.57121246,-5.303308405,27.87452087,25.13266133,NA,NA,NA,NA,NA,NA,NA,5,1,0,0
213,Bromus tomentellus,Poaceae,Bromus,tomentellus,Commelinid-monocots,perennial,Abiotic,dry_indehiscent,7.183333333,PD,1,0,0,1,1,1,0,0,0,0,0,0,0,0,0,NA,NA,NA,NA,NA,NA,NA,NA,NA,NA,NA,NA,NA,NA,NA,NA,NA,NA,NA,NA,NA,NA,NA,NA
214,Brunnera orientalis,Boraginaceae,Brunnera,orientalis,Lamiids,perennial,Biotic,fleshy,6.691163461,NoInfo,1,0,0,0,NoInfo,NoInfo,NoInfo,NoInfo,NoInfo,NoInfo,NoInfo,NoInfo,NoInfo,NoInfo,0,NA,NA,NA,NA,NA,NA,NA,NA,NA,NA,NA,NA,NA,NA,NA,NA,NA,NA,NA,NA,NA,NA,NA,NA
215,Bryonia alba,Cucurbitaceae,Bryonia,alba,Fabids,perennial,Biotic,fleshy,14.08058462,PD,1,0,0,1,0,1,0,0,0,0,0,1,0,0,0,NA,NA,NA,NA,NA,NA,NA,NA,NA,NA,NA,NA,NA,NA,NA,NA,NA,NA,NA,NA,NA,NA,NA,NA
216,Bryonia cretica,Cucurbitaceae,Bryonia,cretica,Fabids,perennial,Biotic,fleshy,13.2411199,PD,1,0,0,1,0,0,0,0,0,0,0,1,0,0,0,NA,NA,NA,NA,NA,NA,NA,NA,NA,NA,NA,NA,NA,NA,NA,NA,NA,NA,NA,NA,NA,NA,NA,NA
217,Bryonia multiflora,Cucurbitaceae,Bryonia,multiflora,Fabids,perennial,Biotic,fleshy,15.27566817,PD,1,0,0,1,0,0,0,0,0,0,0,1,0,0,0,NA,NA,NA,NA,NA,NA,NA,NA,NA,NA,NA,NA,NA,NA,NA,NA,NA,NA,NA,NA,NA,NA,NA,NA
218,Bufonia stricta,Caryophyllaceae,Bufonia,stricta,Caryophyllales,perennial,Biotic,dry_dehiscent,0.444001319,NoInfo,1,0,0,0,NoInfo,NoInfo,NoInfo,NoInfo,NoInfo,NoInfo,NoInfo,NoInfo,NoInfo,NoInfo,0,NA,NA,NA,NA,NA,NA,NA,NA,NA,NA,NA,NA,NA,NA,NA,NA,NA,NA,NA,NA,NA,NA,NA,NA
219,Bunium alpinum,Apiaceae,Bunium,alpinum,Campanulids,perennial,Biotic,dry_indehiscent,2.09739,NoInfo,1,0,0,0,NoInfo,NoInfo,NoInfo,NoInfo,NoInfo,NoInfo,NoInfo,NoInfo,NoInfo,NoInfo,0,NA,NA,NA,NA,NA,NA,NA,NA,NA,NA,NA,NA,NA,NA,NA,NA,NA,NA,NA,NA,NA,NA,NA,NA
220,Bunium brevifolium,Apiaceae,Bunium,brevifolium,Campanulids,perennial,Biotic,dry_indehiscent,2.09739,NoInfo,1,1,0,0,NoInfo,NoInfo,NoInfo,NoInfo,NoInfo,NoInfo,NoInfo,NoInfo,NoInfo,NoInfo,0,NA,NA,NA,NA,NA,NA,NA,NA,NA,NA,NA,NA,NA,NA,NA,NA,NA,NA,NA,NA,NA,NA,NA,NA
221,Bunium microcarpum,Apiaceae,Bunium,microcarpum,Campanulids,perennial,Biotic,dry_indehiscent,2.09739,NoInfo,1,0,0,0,NoInfo,NoInfo,NoInfo,NoInfo,NoInfo,NoInfo,NoInfo,NoInfo,NoInfo,NoInfo,0,NA,NA,NA,NA,NA,NA,NA,NA,NA,NA,NA,NA,NA,NA,NA,NA,NA,NA,NA,NA,NA,NA,NA,NA
222,Bunium paucifolium,Apiaceae,Bunium,paucifolium,Campanulids,perennial,Biotic,dry_indehiscent,1.44645,NoInfo,1,0,0,0,NoInfo,NoInfo,NoInfo,NoInfo,NoInfo,NoInfo,NoInfo,NoInfo,NoInfo,NoInfo,0,NA,NA,NA,NA,NA,NA,NA,NA,NA,NA,NA,NA,NA,NA,NA,NA,NA,NA,NA,NA,NA,NA,NA,NA
223,Buphthalmum salicifolium,Asteraceae,Buphthalmum,salicifolium,Campanulids,perennial,Biotic,dry_indehiscent,0.5075,NoInfo,1,0,1,0,NoInfo,NoInfo,NoInfo,NoInfo,NoInfo,NoInfo,NoInfo,NoInfo,NoInfo,NoInfo,1,1,-0.011285127,0.426399057,-1.961899147,18.89208091,2.065883594,0.887542755,24.72467566,13.05948615,39.96281285,-2.178651038,42.14146389,11.66518952,NA,NA,NA,NA,NA,NA,NA,6,1,1,1
224,Bupleurum baldense,Apiaceae,Bupleurum,baldense,Campanulids,annual,Biotic,dry_indehiscent,0.3888,NoInfo,1,0,1,0,NoInfo,NoInfo,NoInfo,NoInfo,NoInfo,NoInfo,NoInfo,NoInfo,NoInfo,NoInfo,0,NA,NA,NA,NA,NA,NA,NA,NA,NA,NA,NA,NA,NA,NA,NA,NA,NA,NA,NA,NA,NA,NA,NA,NA
225,Bupleurum fruticescens,Apiaceae,Bupleurum,fruticescens,Campanulids,perennial,Biotic,dry_indehiscent,2.4285,NoInfo,1,0,0,1,0,0,0,0,0,0,0,1,0,0,0,NA,NA,NA,NA,NA,NA,NA,NA,NA,NA,NA,NA,NA,NA,NA,NA,NA,NA,NA,NA,NA,NA,NA,NA
226,Bupleurum gracile,Apiaceae,Bupleurum,gracile,Campanulids,annual,Biotic,dry_indehiscent,1.826030346,NoInfo,1,0,0,0,NoInfo,NoInfo,NoInfo,NoInfo,NoInfo,NoInfo,NoInfo,NoInfo,NoInfo,NoInfo,0,NA,NA,NA,NA,NA,NA,NA,NA,NA,NA,NA,NA,NA,NA,NA,NA,NA,NA,NA,NA,NA,NA,NA,NA
227,Bupleurum odontites,Apiaceae,Bupleurum,odontites,Campanulids,annual,Biotic,dry_indehiscent,0.751261538,NoInfo,1,0,0,0,NoInfo,NoInfo,NoInfo,NoInfo,NoInfo,NoInfo,NoInfo,NoInfo,NoInfo,NoInfo,0,NA,NA,NA,NA,NA,NA,NA,NA,NA,NA,NA,NA,NA,NA,NA,NA,NA,NA,NA,NA,NA,NA,NA,NA
228,Bupleurum salicifolium,Apiaceae,Bupleurum,salicifolium,Campanulids,perennial,Biotic,dry_indehiscent,1.826030346,NoInfo,1,0,0,0,NoInfo,NoInfo,NoInfo,NoInfo,NoInfo,NoInfo,NoInfo,NoInfo,NoInfo,NoInfo,0,NA,NA,NA,NA,NA,NA,NA,NA,NA,NA,NA,NA,NA,NA,NA,NA,NA,NA,NA,NA,NA,NA,NA,NA
229,Bupleurum semicompositum,Apiaceae,Bupleurum,semicompositum,Campanulids,annual,Biotic,dry_indehiscent,1.826030346,NoInfo,1,0,0,0,NoInfo,NoInfo,NoInfo,NoInfo,NoInfo,NoInfo,NoInfo,NoInfo,NoInfo,NoInfo,0,NA,NA,NA,NA,NA,NA,NA,NA,NA,NA,NA,NA,NA,NA,NA,NA,NA,NA,NA,NA,NA,NA,NA,NA
230,Buxus sempervirens,Buxaceae,Buxus,sempervirens,Early EU,woody,Biotic,dry_dehiscent,13.194395,NoInfo,9,0,0,1,0,1,0,0,0,0,1,1,1,0,0,NA,NA,NA,NA,NA,NA,NA,NA,NA,NA,NA,NA,NA,NA,NA,NA,NA,NA,NA,NA,NA,NA,NA,NA
231,Cakile maritima,Brassicaceae,Cakile,maritima,Malvids,perennial,Biotic,dry_dehiscent,18.70474783,PD,4,0,0,1,0,0,0,0,0,0,0,1,0,0,1,1,0.004993375,-0.128149678,1.065957154,12.83197065,0.243750698,0.560637742,NA,NA,NA,NA,NA,NA,NA,NA,NA,NA,4.972557539,NA,NA,8,0,1,0
232,Calamagrostis arenaria,Poaceae,Calamagrostis,arenaria,Commelinid-monocots,perennial,Abiotic,dry_indehiscent,3.73783962,PD,3,0,0,0,NoInfo,NoInfo,NoInfo,NoInfo,NoInfo,NoInfo,NoInfo,NoInfo,NoInfo,NoInfo,1,1,0.01172076,-0.310868277,0.685453852,13.26143889,-1.375826477,0.201680122,NA,NA,NA,NA,NA,NA,NA,NA,NA,NA,3.227725411,NA,NA,6,0,1,0
233,Calamagrostis arundinacea,Poaceae,Calamagrostis,arundinacea,Commelinid-monocots,perennial,Abiotic,dry_indehiscent,0.41552,PD,1,0,1,0,0,1,0,0,0,0,0,0,0,0,0,NA,NA,NA,NA,NA,NA,NA,NA,NA,NA,NA,NA,NA,NA,NA,NA,NA,NA,NA,NA,NA,NA,NA,NA
234,Calamagrostis epigejos,Poaceae,Calamagrostis,epigejos,Commelinid-monocots,perennial,Abiotic,dry_indehiscent,36.748,ND,1,0,0,0,0,1,0,0,0,0,0,0,0,0,0,NA,NA,NA,NA,NA,NA,NA,NA,NA,NA,NA,NA,NA,NA,NA,NA,NA,NA,NA,NA,NA,NA,NA,NA
235,Calamagrostis varia,Poaceae,Calamagrostis,varia,Commelinid-monocots,perennial,Abiotic,dry_indehiscent,0.135306123,PD,1,0,1,0,NoInfo,NoInfo,NoInfo,NoInfo,NoInfo,NoInfo,NoInfo,NoInfo,NoInfo,NoInfo,0,NA,NA,NA,NA,NA,NA,NA,NA,NA,NA,NA,NA,NA,NA,NA,NA,NA,NA,NA,NA,NA,NA,NA,NA
236,Calendula arvensis,Asteraceae,Calendula,arvensis,Campanulids,annual,Biotic,dry_indehiscent,4.652857143,NoInfo,1,0,0,1,0,0,0,0,0,0,0,1,0,0,1,1,-0.006311574,0.225816166,-1.303563977,17.88905197,0.716254588,0.671781719,22.74333514,13.03476879,41.97217664,-6.194072704,48.16624934,9.708566356,NA,NA,NA,NA,NA,NA,NA,7,1,1,1
237,Calicotome infesta,Fabaceae,Calicotome,infesta,Fabids,perennial,Biotic,dry_dehiscent,6.50452,NoInfo,1,0,0,0,NoInfo,NoInfo,NoInfo,NoInfo,NoInfo,NoInfo,NoInfo,NoInfo,NoInfo,NoInfo,0,NA,NA,NA,NA,NA,NA,NA,NA,NA,NA,NA,NA,NA,NA,NA,NA,NA,NA,NA,NA,NA,NA,NA,NA
238,Calicotome villosa,Fabaceae,Calicotome,villosa,Fabids,perennial,Biotic,dry_dehiscent,7.223818182,NoInfo,4,0,0,1,0,0,0,0,0,0,0,1,0,0,1,1,0.022429584,-0.642949489,3.425750915,14.33262185,-1.181825033,0.234724209,NA,NA,NA,NA,NA,NA,NA,NA,NA,NA,85.09904096,NA,NA,4,0,0,0
239,Callipeltis cucullaris,Rubiaceae,Callipeltis,cucullaris,Lamiids,annual,Biotic,dry_dehiscent,0.165777778,NoInfo,1,0,0,0,NoInfo,NoInfo,NoInfo,NoInfo,NoInfo,NoInfo,NoInfo,NoInfo,NoInfo,NoInfo,0,NA,NA,NA,NA,NA,NA,NA,NA,NA,NA,NA,NA,NA,NA,NA,NA,NA,NA,NA,NA,NA,NA,NA,NA
240,Calluna vulgaris,Ericaceae,Calluna,vulgaris,Asterids,perennial,Biotic,dry_dehiscent,0.064333636,PD,4,0,0,1,0,1,0,0,0,1,0,1,0,0,1,1,-0.029152689,1.057116549,-8.677913855,18.13068714,0.905210857,0.712019157,20.53019966,15.73117462,29.6220439,6.639330382,22.98271351,4.799025035,1.543571261,3.186495771,3.869471626,4.309854572,1.305385544,4.272775373,7.763967318,9,1,1,1
241,Calystegia sepium,Convolvulaceae,Calystegia,sepium,Lamiids,perennial,Biotic,dry_dehiscent,28.6014,PY(PD),2,0,0,1,0,0,0,0,0,0,0,1,0,0,0,NA,NA,NA,NA,NA,NA,NA,NA,NA,NA,NA,NA,NA,NA,NA,NA,NA,NA,NA,NA,NA,NA,NA,NA
242,Calystegia soldanella,Convolvulaceae,Calystegia,soldanella,Lamiids,perennial,Biotic,dry_dehiscent,55.835,PY(PD),4,0,0,1,0,0,0,0,0,0,0,1,0,0,1,1,-0.025363366,0.938779283,-5.763138631,18.50659901,2.923667247,0.949004069,23.79393768,13.21926035,33.71717081,3.296027219,30.42114359,10.57467733,4.062277054,2.495036656,5.109031795,5.665991845,1.618489345,5.914099637,10.29239078,8,1,1,1
243,Campanula axillaris,Campanulaceae,Campanula,axillaris,Campanulids,perennial,Biotic,dry_dehiscent,0.108756805,PD,1,0,0,0,NoInfo,NoInfo,NoInfo,NoInfo,NoInfo,NoInfo,NoInfo,NoInfo,NoInfo,NoInfo,0,NA,NA,NA,NA,NA,NA,NA,NA,NA,NA,NA,NA,NA,NA,NA,NA,NA,NA,NA,NA,NA,NA,NA,NA
244,Campanula erinus,Campanulaceae,Campanula,erinus,Campanulids,annual,Biotic,dry_dehiscent,0.0132,PD,1,0,0,0,NoInfo,NoInfo,NoInfo,NoInfo,NoInfo,NoInfo,NoInfo,NoInfo,NoInfo,NoInfo,0,NA,NA,NA,NA,NA,NA,NA,NA,NA,NA,NA,NA,NA,NA,NA,NA,NA,NA,NA,NA,NA,NA,NA,NA
245,Campanula fastigiata,Campanulaceae,Campanula,fastigiata,Campanulids,perennial,Biotic,dry_dehiscent,0.108756805,PD,1,0,0,0,NoInfo,NoInfo,NoInfo,NoInfo,NoInfo,NoInfo,NoInfo,NoInfo,NoInfo,NoInfo,0,NA,NA,NA,NA,NA,NA,NA,NA,NA,NA,NA,NA,NA,NA,NA,NA,NA,NA,NA,NA,NA,NA,NA,NA
246,Campanula glomerata,Campanulaceae,Campanula,glomerata,Campanulids,perennial,Biotic,dry_dehiscent,0.148038095,PD,1,0,1,1,0,1,0,0,0,0,0,1,0,0,0,NA,NA,NA,NA,NA,NA,NA,NA,NA,NA,NA,NA,NA,NA,NA,NA,NA,NA,NA,NA,NA,NA,NA,NA
247,Campanula herminii,Campanulaceae,Campanula,herminii,Campanulids,perennial,Biotic,dry_dehiscent,0.108756805,PD,1,0,1,0,NoInfo,NoInfo,NoInfo,NoInfo,NoInfo,NoInfo,NoInfo,NoInfo,NoInfo,NoInfo,0,NA,NA,NA,NA,NA,NA,NA,NA,NA,NA,NA,NA,NA,NA,NA,NA,NA,NA,NA,NA,NA,NA,NA,NA
248,Campanula involucrata,Campanulaceae,Campanula,involucrata,Campanulids,perennial,Biotic,dry_dehiscent,0.108756805,PD,1,0,0,0,NoInfo,NoInfo,NoInfo,NoInfo,NoInfo,NoInfo,NoInfo,NoInfo,NoInfo,NoInfo,0,NA,NA,NA,NA,NA,NA,NA,NA,NA,NA,NA,NA,NA,NA,NA,NA,NA,NA,NA,NA,NA,NA,NA,NA
249,Campanula parnassica,Campanulaceae,Campanula,parnassica,Campanulids,perennial,Biotic,dry_dehiscent,0.108756805,PD,1,0,0,0,NoInfo,NoInfo,NoInfo,NoInfo,NoInfo,NoInfo,NoInfo,NoInfo,NoInfo,NoInfo,0,NA,NA,NA,NA,NA,NA,NA,NA,NA,NA,NA,NA,NA,NA,NA,NA,NA,NA,NA,NA,NA,NA,NA,NA
250,Campanula persicifolia,Campanulaceae,Campanula,persicifolia,Campanulids,perennial,Biotic,dry_dehiscent,0.072646154,PD,1,0,0,0,0,1,0,0,0,0,0,0,0,0,0,NA,NA,NA,NA,NA,NA,NA,NA,NA,NA,NA,NA,NA,NA,NA,NA,NA,NA,NA,NA,NA,NA,NA,NA
251,Campanula radicosa,Campanulaceae,Campanula,radicosa,Campanulids,perennial,Biotic,dry_dehiscent,0.108756805,PD,1,0,0,0,NoInfo,NoInfo,NoInfo,NoInfo,NoInfo,NoInfo,NoInfo,NoInfo,NoInfo,NoInfo,0,NA,NA,NA,NA,NA,NA,NA,NA,NA,NA,NA,NA,NA,NA,NA,NA,NA,NA,NA,NA,NA,NA,NA,NA
252,Campanula rotundifolia,Campanulaceae,Campanula,rotundifolia,Campanulids,perennial,Biotic,dry_dehiscent,0.059275,M(P)D,1,0,1,1,0,1,0,0,0,0,0,1,0,0,1,1,0.023947849,-0.916967774,9.69010585,19.14509689,0.912387408,0.713488452,NA,NA,NA,NA,NA,NA,NA,NA,NA,NA,2.86140309,NA,NA,5,0,1,0
253,Campanula sibirica,Campanulaceae,Campanula,sibirica,Campanulids,perennial,Biotic,dry_dehiscent,0.084076923,PD,1,0,0,0,NoInfo,NoInfo,NoInfo,NoInfo,NoInfo,NoInfo,NoInfo,NoInfo,NoInfo,NoInfo,0,NA,NA,NA,NA,NA,NA,NA,NA,NA,NA,NA,NA,NA,NA,NA,NA,NA,NA,NA,NA,NA,NA,NA,NA
254,Campanula sparsa,Campanulaceae,Campanula,sparsa,Campanulids,annual,Biotic,dry_dehiscent,0.0664,PD,1,0,0,0,NoInfo,NoInfo,NoInfo,NoInfo,NoInfo,NoInfo,NoInfo,NoInfo,NoInfo,NoInfo,0,NA,NA,NA,NA,NA,NA,NA,NA,NA,NA,NA,NA,NA,NA,NA,NA,NA,NA,NA,NA,NA,NA,NA,NA
255,Campanula spatulata,Campanulaceae,Campanula,spatulata,Campanulids,perennial,Biotic,dry_dehiscent,0.010933333,PD,3,0,0,0,NoInfo,NoInfo,NoInfo,NoInfo,NoInfo,NoInfo,NoInfo,NoInfo,NoInfo,NoInfo,1,1,-0.015987452,0.329918063,0.783988801,10.31803139,2.486041268,0.923157449,16.03058357,4.605479214,28.74820781,-8.112145027,36.86035284,11.42510436,NA,NA,NA,NA,NA,NA,NA,3,1,0,0
256,Campanula tymphaea,Campanulaceae,Campanula,tymphaea,Campanulids,perennial,Biotic,dry_dehiscent,0.108756805,PD,1,0,0,0,NoInfo,NoInfo,NoInfo,NoInfo,NoInfo,NoInfo,NoInfo,NoInfo,NoInfo,NoInfo,0,NA,NA,NA,NA,NA,NA,NA,NA,NA,NA,NA,NA,NA,NA,NA,NA,NA,NA,NA,NA,NA,NA,NA,NA
257,Camphorosma monspeliaca,Amaranthaceae,Camphorosma,monspeliaca,Caryophyllales,perennial,Abiotic,dry_indehiscent,1.4854,NoInfo,1,0,0,1,0,0,0,0,0,0,0,1,0,0,0,NA,NA,NA,NA,NA,NA,NA,NA,NA,NA,NA,NA,NA,NA,NA,NA,NA,NA,NA,NA,NA,NA,NA,NA
258,Cardamine bulbifera,Brassicaceae,Cardamine,bulbifera,Malvids,perennial,Biotic,dry_dehiscent,2.585714286,PD,1,0,0,0,NoInfo,NoInfo,NoInfo,NoInfo,NoInfo,NoInfo,NoInfo,NoInfo,NoInfo,NoInfo,0,NA,NA,NA,NA,NA,NA,NA,NA,NA,NA,NA,NA,NA,NA,NA,NA,NA,NA,NA,NA,NA,NA,NA,NA
259,Cardamine chelidonia,Brassicaceae,Cardamine,chelidonia,Malvids,perennial,Biotic,dry_dehiscent,0.871519833,PD,1,0,0,0,NoInfo,NoInfo,NoInfo,NoInfo,NoInfo,NoInfo,NoInfo,NoInfo,NoInfo,NoInfo,0,NA,NA,NA,NA,NA,NA,NA,NA,NA,NA,NA,NA,NA,NA,NA,NA,NA,NA,NA,NA,NA,NA,NA,NA
260,Cardamine hirsuta,Brassicaceae,Cardamine,hirsuta,Malvids,annual,Biotic,dry_dehiscent,0.109514286,PD,1,0,1,1,0,0,0,0,1,0,0,1,0,0,0,NA,NA,NA,NA,NA,NA,NA,NA,NA,NA,NA,NA,NA,NA,NA,NA,NA,NA,NA,NA,NA,NA,NA,NA
261,Cardamine pratensis,Brassicaceae,Cardamine,pratensis,Malvids,perennial,Biotic,dry_dehiscent,0.553035897,PD,1,0,1,1,0,0,0,0,1,0,0,1,0,0,0,NA,NA,NA,NA,NA,NA,NA,NA,NA,NA,NA,NA,NA,NA,NA,NA,NA,NA,NA,NA,NA,NA,NA,NA
262,Carduus defloratus,Asteraceae,Carduus,defloratus,Campanulids,perennial,Biotic,dry_indehiscent,2.606,NoInfo,1,0,1,0,NoInfo,NoInfo,NoInfo,NoInfo,NoInfo,NoInfo,NoInfo,NoInfo,NoInfo,NoInfo,0,NA,NA,NA,NA,NA,NA,NA,NA,NA,NA,NA,NA,NA,NA,NA,NA,NA,NA,NA,NA,NA,NA,NA,NA
263,Carduus pycnocephalus,Asteraceae,Carduus,pycnocephalus,Campanulids,perennial,Biotic,dry_indehiscent,4.56786,NoInfo,1,0,0,1,0,0,0,0,0,0,0,1,0,0,0,NA,NA,NA,NA,NA,NA,NA,NA,NA,NA,NA,NA,NA,NA,NA,NA,NA,NA,NA,NA,NA,NA,NA,NA
264,Carduus tenuiflorus,Asteraceae,Carduus,tenuiflorus,Campanulids,perennial,Biotic,dry_indehiscent,3.5068,NoInfo,1,0,0,0,NoInfo,NoInfo,NoInfo,NoInfo,NoInfo,NoInfo,NoInfo,NoInfo,NoInfo,NoInfo,0,NA,NA,NA,NA,NA,NA,NA,NA,NA,NA,NA,NA,NA,NA,NA,NA,NA,NA,NA,NA,NA,NA,NA,NA
265,Carduus tmoleus,Asteraceae,Carduus,tmoleus,Campanulids,perennial,Biotic,dry_indehiscent,4.097014813,NoInfo,1,0,0,0,NoInfo,NoInfo,NoInfo,NoInfo,NoInfo,NoInfo,NoInfo,NoInfo,NoInfo,NoInfo,0,NA,NA,NA,NA,NA,NA,NA,NA,NA,NA,NA,NA,NA,NA,NA,NA,NA,NA,NA,NA,NA,NA,NA,NA
266,Carex alba,Cyperaceae,Carex,alba,Commelinid-monocots,perennial,Abiotic,dry_indehiscent,2.571214286,PD,1,0,0,0,NoInfo,NoInfo,NoInfo,NoInfo,NoInfo,NoInfo,NoInfo,NoInfo,NoInfo,NoInfo,0,NA,NA,NA,NA,NA,NA,NA,NA,NA,NA,NA,NA,NA,NA,NA,NA,NA,NA,NA,NA,NA,NA,NA,NA
267,Carex caryophyllea,Cyperaceae,Carex,caryophyllea,Commelinid-monocots,perennial,Abiotic,dry_indehiscent,1.065271429,PD,3,0,1,0,0,1,0,0,0,0,0,0,0,0,0,NA,NA,NA,NA,NA,NA,NA,NA,NA,NA,NA,NA,NA,NA,NA,NA,NA,NA,NA,NA,NA,NA,NA,NA
268,Carex digitata,Cyperaceae,Carex,digitata,Commelinid-monocots,perennial,Abiotic,dry_indehiscent,1.337777778,PD,1,0,0,0,NoInfo,NoInfo,NoInfo,NoInfo,NoInfo,NoInfo,NoInfo,NoInfo,NoInfo,NoInfo,0,NA,NA,NA,NA,NA,NA,NA,NA,NA,NA,NA,NA,NA,NA,NA,NA,NA,NA,NA,NA,NA,NA,NA,NA
269,Carex distachya,Cyperaceae,Carex,distachya,Commelinid-monocots,perennial,Abiotic,dry_indehiscent,1.324572,PD,2,0,0,0,NoInfo,NoInfo,NoInfo,NoInfo,NoInfo,NoInfo,NoInfo,NoInfo,NoInfo,NoInfo,0,NA,NA,NA,NA,NA,NA,NA,NA,NA,NA,NA,NA,NA,NA,NA,NA,NA,NA,NA,NA,NA,NA,NA,NA
270,Carex distans,Cyperaceae,Carex,distans,Commelinid-monocots,perennial,Abiotic,dry_indehiscent,1.42025,PD,1,0,0,0,NoInfo,NoInfo,NoInfo,NoInfo,NoInfo,NoInfo,NoInfo,NoInfo,NoInfo,NoInfo,0,NA,NA,NA,NA,NA,NA,NA,NA,NA,NA,NA,NA,NA,NA,NA,NA,NA,NA,NA,NA,NA,NA,NA,NA
271,Carex echinata,Cyperaceae,Carex,echinata,Commelinid-monocots,perennial,Abiotic,dry_indehiscent,0.839188235,PD,1,0,1,0,NoInfo,NoInfo,NoInfo,NoInfo,NoInfo,NoInfo,NoInfo,NoInfo,NoInfo,NoInfo,1,1,-0.014448344,0.590402858,-5.027002163,20.43150545,1.004407447,0.731924252,23.95385045,16.90916046,36.96353139,3.899479513,33.06405188,7.044689984,NA,NA,NA,NA,NA,NA,NA,9,1,1,1
272,Carex flacca,Cyperaceae,Carex,flacca,Commelinid-monocots,perennial,Abiotic,dry_indehiscent,0.928331579,PD,7,0,1,0,0,1,0,0,0,0,0,0,0,0,0,NA,NA,NA,NA,NA,NA,NA,NA,NA,NA,NA,NA,NA,NA,NA,NA,NA,NA,NA,NA,NA,NA,NA,NA
273,Carex halleriana,Cyperaceae,Carex,halleriana,Commelinid-monocots,perennial,Abiotic,dry_indehiscent,1.841333333,PD,7,0,0,0,NoInfo,NoInfo,NoInfo,NoInfo,NoInfo,NoInfo,NoInfo,NoInfo,NoInfo,NoInfo,0,NA,NA,NA,NA,NA,NA,NA,NA,NA,NA,NA,NA,NA,NA,NA,NA,NA,NA,NA,NA,NA,NA,NA,NA
274,Carex hirta,Cyperaceae,Carex,hirta,Commelinid-monocots,perennial,Abiotic,dry_indehiscent,2.701625,PD,1,0,1,1,0,0,0,0,0,0,0,1,0,0,0,NA,NA,NA,NA,NA,NA,NA,NA,NA,NA,NA,NA,NA,NA,NA,NA,NA,NA,NA,NA,NA,NA,NA,NA
275,Carex humilis,Cyperaceae,Carex,humilis,Commelinid-monocots,perennial,Abiotic,dry_indehiscent,1.387288889,PD,7,0,1,0,NoInfo,NoInfo,NoInfo,NoInfo,NoInfo,NoInfo,NoInfo,NoInfo,NoInfo,NoInfo,0,NA,NA,NA,NA,NA,NA,NA,NA,NA,NA,NA,NA,NA,NA,NA,NA,NA,NA,NA,NA,NA,NA,NA,NA
276,Carex lazarei,Cyperaceae,Carex,lazarei,Commelinid-monocots,perennial,Biotic,dry_indehiscent,1.324572,PD,1,0,0,0,NoInfo,NoInfo,NoInfo,NoInfo,NoInfo,NoInfo,NoInfo,NoInfo,NoInfo,NoInfo,0,NA,NA,NA,NA,NA,NA,NA,NA,NA,NA,NA,NA,NA,NA,NA,NA,NA,NA,NA,NA,NA,NA,NA,NA
277,Carex leersii,Cyperaceae,Carex,leersii,Commelinid-monocots,perennial,Biotic,dry_indehiscent,1.282179167,PD,1,0,0,0,NoInfo,NoInfo,NoInfo,NoInfo,NoInfo,NoInfo,NoInfo,NoInfo,NoInfo,NoInfo,1,1,0.004452225,-0.251981651,4.407846983,28.29839814,0.842508446,0.69899326,NA,NA,NA,NA,NA,NA,NA,NA,NA,NA,120.0544187,NA,NA,5,0,0,0
278,Carex lepidocarpa,Cyperaceae,Carex,lepidocarpa,Commelinid-monocots,perennial,Abiotic,dry_indehiscent,0.648571429,PD,1,0,0,0,NoInfo,NoInfo,NoInfo,NoInfo,NoInfo,NoInfo,NoInfo,NoInfo,NoInfo,NoInfo,1,1,-0.014718091,0.660987922,-7.96420788,22.45494758,-0.542983305,0.367493863,24.7853397,20.12455547,35.22849564,9.681399533,25.5470961,4.660784226,7.268807229,3.2124601,6.416875439,7.46731002,3.356425334,9.013797909,12.19883825,6,1,1,1
279,Carex leporina,Cyperaceae,Carex,leporina,Commelinid-monocots,perennial,Biotic,dry_indehiscent,0.584953333,PD,1,0,1,1,0,0,0,0,0,0,1,0,0,0,0,NA,NA,NA,NA,NA,NA,NA,NA,NA,NA,NA,NA,NA,NA,NA,NA,NA,NA,NA,NA,NA,NA,NA,NA
280,Carex macrolepis,Cyperaceae,Carex,macrolepis,Commelinid-monocots,perennial,Biotic,dry_indehiscent,1.324572,PD,1,0,1,0,NoInfo,NoInfo,NoInfo,NoInfo,NoInfo,NoInfo,NoInfo,NoInfo,NoInfo,NoInfo,0,NA,NA,NA,NA,NA,NA,NA,NA,NA,NA,NA,NA,NA,NA,NA,NA,NA,NA,NA,NA,NA,NA,NA,NA
281,Carex mairei,Cyperaceae,Carex,mairei,Commelinid-monocots,perennial,Biotic,dry_indehiscent,1.324572,PD,1,0,0,0,NoInfo,NoInfo,NoInfo,NoInfo,NoInfo,NoInfo,NoInfo,NoInfo,NoInfo,NoInfo,0,NA,NA,NA,NA,NA,NA,NA,NA,NA,NA,NA,NA,NA,NA,NA,NA,NA,NA,NA,NA,NA,NA,NA,NA
282,Carex nigra,Cyperaceae,Carex,nigra,Commelinid-monocots,perennial,Abiotic,dry_indehiscent,1.565576471,PD,1,0,1,1,1,1,0,0,0,0,0,0,0,0,0,NA,NA,NA,NA,NA,NA,NA,NA,NA,NA,NA,NA,NA,NA,NA,NA,NA,NA,NA,NA,NA,NA,NA,NA
283,Carex pallescens,Cyperaceae,Carex,pallescens,Commelinid-monocots,perennial,Abiotic,dry_indehiscent,1.01465,PD,1,0,1,0,NoInfo,NoInfo,NoInfo,NoInfo,NoInfo,NoInfo,NoInfo,NoInfo,NoInfo,NoInfo,0,NA,NA,NA,NA,NA,NA,NA,NA,NA,NA,NA,NA,NA,NA,NA,NA,NA,NA,NA,NA,NA,NA,NA,NA
284,Carex pendula,Cyperaceae,Carex,pendula,Commelinid-monocots,perennial,Abiotic,dry_indehiscent,0.67332,PD,1,0,0,0,0,1,0,0,0,0,0,0,0,0,0,NA,NA,NA,NA,NA,NA,NA,NA,NA,NA,NA,NA,NA,NA,NA,NA,NA,NA,NA,NA,NA,NA,NA,NA
285,Carlina acaulis,Asteraceae,Carlina,acaulis,Campanulids,perennial,Biotic,dry_indehiscent,3.53212,PD,1,0,1,1,0,0,0,0,0,0,1,1,0,0,0,NA,NA,NA,NA,NA,NA,NA,NA,NA,NA,NA,NA,NA,NA,NA,NA,NA,NA,NA,NA,NA,NA,NA,NA
286,Carlina corymbosa,Asteraceae,Carlina,corymbosa,Campanulids,perennial,Biotic,dry_indehiscent,0.931,PD,5,0,0,0,NoInfo,NoInfo,NoInfo,NoInfo,NoInfo,NoInfo,NoInfo,NoInfo,NoInfo,NoInfo,0,NA,NA,NA,NA,NA,NA,NA,NA,NA,NA,NA,NA,NA,NA,NA,NA,NA,NA,NA,NA,NA,NA,NA,NA
287,Carlina graeca,Asteraceae,Carlina,graeca,Campanulids,perennial,Biotic,dry_indehiscent,2.602737768,PD,1,0,0,0,NoInfo,NoInfo,NoInfo,NoInfo,NoInfo,NoInfo,NoInfo,NoInfo,NoInfo,NoInfo,0,NA,NA,NA,NA,NA,NA,NA,NA,NA,NA,NA,NA,NA,NA,NA,NA,NA,NA,NA,NA,NA,NA,NA,NA
288,Carlina nebrodensis,Asteraceae,Carlina,nebrodensis,Campanulids,perennial,Biotic,dry_indehiscent,2.602737768,PD,1,0,0,0,NoInfo,NoInfo,NoInfo,NoInfo,NoInfo,NoInfo,NoInfo,NoInfo,NoInfo,NoInfo,0,NA,NA,NA,NA,NA,NA,NA,NA,NA,NA,NA,NA,NA,NA,NA,NA,NA,NA,NA,NA,NA,NA,NA,NA
289,Carlina salicifolia,Asteraceae,Carlina,salicifolia,Campanulids,perennial,Biotic,dry_indehiscent,2.602737768,PD,1,0,0,0,NoInfo,NoInfo,NoInfo,NoInfo,NoInfo,NoInfo,NoInfo,NoInfo,NoInfo,NoInfo,0,NA,NA,NA,NA,NA,NA,NA,NA,NA,NA,NA,NA,NA,NA,NA,NA,NA,NA,NA,NA,NA,NA,NA,NA
290,Carlina sicula,Asteraceae,Carlina,sicula,Campanulids,perennial,Biotic,dry_indehiscent,2.602737768,PD,1,0,0,0,NoInfo,NoInfo,NoInfo,NoInfo,NoInfo,NoInfo,NoInfo,NoInfo,NoInfo,NoInfo,0,NA,NA,NA,NA,NA,NA,NA,NA,NA,NA,NA,NA,NA,NA,NA,NA,NA,NA,NA,NA,NA,NA,NA,NA
291,Carlina vulgaris,Asteraceae,Carlina,vulgaris,Campanulids,perennial,Biotic,dry_indehiscent,1.420282143,PD,1,0,1,1,0,0,0,0,0,0,0,1,0,0,1,1,-0.008148298,0.330648116,-2.301697372,20.28939769,1.052628193,0.741279265,25.05654698,15.52224839,42.4375383,-1.858742925,44.29628122,9.534298591,35.53220273,21.52487962,9.132329573,10.38412696,7.939506919,56.56476524,11.41560301,5,1,1,1
292,Caroxylon tetrandrum,Amaranthaceae,Caroxylon,tetrandrum,Caryophyllales,perennial,Abiotic,dry_indehiscent,1.664907143,NoInfo,1,0,0,1,1,1,1,0,0,0,0,1,0,0,0,NA,NA,NA,NA,NA,NA,NA,NA,NA,NA,NA,NA,NA,NA,NA,NA,NA,NA,NA,NA,NA,NA,NA,NA
293,Caroxylon vermiculatum,Amaranthaceae,Caroxylon,vermiculatum,Caryophyllales,perennial,Abiotic,dry_indehiscent,2.3,NoInfo,1,0,0,0,NoInfo,NoInfo,NoInfo,NoInfo,NoInfo,NoInfo,NoInfo,NoInfo,NoInfo,NoInfo,0,NA,NA,NA,NA,NA,NA,NA,NA,NA,NA,NA,NA,NA,NA,NA,NA,NA,NA,NA,NA,NA,NA,NA,NA
294,Carpinus betulus,Betulaceae,Carpinus,betulus,Fabids,woody,Abiotic,dry_indehiscent,47.44596604,PD,1,0,0,1,0,1,0,0,0,0,1,1,0,0,1,1,-0.069491605,2.043441084,-12.97647222,14.70279094,2.045671309,0.885509497,17.03578356,12.36979833,23.17679955,6.228782339,16.94801721,4.665985238,NA,NA,NA,NA,NA,NA,NA,3,1,0,0
295,Carpinus orientalis,Betulaceae,Carpinus,orientalis,Fabids,woody,Abiotic,dry_indehiscent,14.8,PD,1,0,0,1,0,0,0,0,0,0,1,0,0,0,1,0,NA,NA,NA,NA,NA,NA,NA,NA,NA,NA,NA,NA,NA,NA,NA,NA,NA,NA,NA,NA,0,NA,0
296,Carthamus carduncellus,Asteraceae,Carthamus,carduncellus,Campanulids,perennial,Biotic,dry_indehiscent,18.5807545,PD,1,0,0,0,NoInfo,NoInfo,NoInfo,NoInfo,NoInfo,NoInfo,NoInfo,NoInfo,NoInfo,NoInfo,0,NA,NA,NA,NA,NA,NA,NA,NA,NA,NA,NA,NA,NA,NA,NA,NA,NA,NA,NA,NA,NA,NA,NA,NA
297,Carthamus hispanicus,Asteraceae,Carthamus,hispanicus,Campanulids,perennial,Biotic,dry_indehiscent,18.5807545,PD,1,0,0,0,NoInfo,NoInfo,NoInfo,NoInfo,NoInfo,NoInfo,NoInfo,NoInfo,NoInfo,NoInfo,0,NA,NA,NA,NA,NA,NA,NA,NA,NA,NA,NA,NA,NA,NA,NA,NA,NA,NA,NA,NA,NA,NA,NA,NA
298,Carthamus lanatus,Asteraceae,Carthamus,lanatus,Campanulids,annual,Biotic,dry_indehiscent,10.6099305,PD,1,0,0,1,0,0,0,1,0,0,0,1,0,0,0,NA,NA,NA,NA,NA,NA,NA,NA,NA,NA,NA,NA,NA,NA,NA,NA,NA,NA,NA,NA,NA,NA,NA,NA
299,Carthamus mitissimus,Asteraceae,Carthamus,mitissimus,Campanulids,perennial,Biotic,dry_indehiscent,18.5807545,PD,1,0,0,0,NoInfo,NoInfo,NoInfo,NoInfo,NoInfo,NoInfo,NoInfo,NoInfo,NoInfo,NoInfo,0,NA,NA,NA,NA,NA,NA,NA,NA,NA,NA,NA,NA,NA,NA,NA,NA,NA,NA,NA,NA,NA,NA,NA,NA
300,Carum appuanum,Apiaceae,Carum,appuanum,Campanulids,perennial,Biotic,dry_indehiscent,5.08,NoInfo,1,0,0,0,NoInfo,NoInfo,NoInfo,NoInfo,NoInfo,NoInfo,NoInfo,NoInfo,NoInfo,NoInfo,0,NA,NA,NA,NA,NA,NA,NA,NA,NA,NA,NA,NA,NA,NA,NA,NA,NA,NA,NA,NA,NA,NA,NA,NA
301,Casearia aculeata,Salicaceae,Casearia,aculeata,Fabids,perennial,Biotic,fleshy,64.3792162,NoInfo,1,0,0,1,0,0,0,0,0,0,0,1,0,0,0,NA,NA,NA,NA,NA,NA,NA,NA,NA,NA,NA,NA,NA,NA,NA,NA,NA,NA,NA,NA,NA,NA,NA,NA
302,Castela tortuosa,Simaroubaceae,Castela,tortuosa,Malvids,perennial,NoInfo,fleshy,96.404,PD,1,0,0,0,NoInfo,NoInfo,NoInfo,NoInfo,NoInfo,NoInfo,NoInfo,NoInfo,NoInfo,NoInfo,0,NA,NA,NA,NA,NA,NA,NA,NA,NA,NA,NA,NA,NA,NA,NA,NA,NA,NA,NA,NA,NA,NA,NA,NA
303,Catapodium marinum,Poaceae,Catapodium,marinum,Commelinid-monocots,annual,Abiotic,dry_indehiscent,0.394,PD,1,0,0,0,NoInfo,NoInfo,NoInfo,NoInfo,NoInfo,NoInfo,NoInfo,NoInfo,NoInfo,NoInfo,1,1,-0.067148256,2.28817144,-11.97058736,17.03820452,7.522579121,0.999459556,25.30499207,8.77141697,29.5233647,4.553044337,24.97032036,16.5335751,NA,NA,NA,NA,NA,NA,NA,4,1,0,0
304,Catapodium rigidum,Poaceae,Catapodium,rigidum,Commelinid-monocots,annual,Abiotic,dry_indehiscent,0.196614958,PD,2,0,0,0,NoInfo,NoInfo,NoInfo,NoInfo,NoInfo,NoInfo,NoInfo,NoInfo,NoInfo,NoInfo,1,1,-0.147507909,5.269898666,-43.96340455,17.8631055,3.104973367,0.957097426,20.19273639,15.53347461,24.26707038,11.45914062,12.80792976,4.659261777,NA,NA,NA,NA,NA,NA,NA,4,1,1,1
305,Cenchrus ciliaris,Poaceae,Cenchrus,ciliaris,Commelinid-monocots,perennial,Abiotic,dry_indehiscent,0.990708393,PD,1,0,0,1,1,1,0,1,1,0,1,1,1,0,0,NA,NA,NA,NA,NA,NA,NA,NA,NA,NA,NA,NA,NA,NA,NA,NA,NA,NA,NA,NA,NA,NA,NA,NA
306,Centaurea affinis,Asteraceae,Centaurea,affinis,Campanulids,perennial,Biotic,dry_indehiscent,5.142056821,NoInfo,1,0,0,0,NoInfo,NoInfo,NoInfo,NoInfo,NoInfo,NoInfo,NoInfo,NoInfo,NoInfo,NoInfo,0,NA,NA,NA,NA,NA,NA,NA,NA,NA,NA,NA,NA,NA,NA,NA,NA,NA,NA,NA,NA,NA,NA,NA,NA
307,Centaurea aspera,Asteraceae,Centaurea,aspera,Campanulids,perennial,Biotic,dry_indehiscent,5.113526667,NoInfo,1,0,0,1,0,0,0,0,0,0,0,1,0,0,0,NA,NA,NA,NA,NA,NA,NA,NA,NA,NA,NA,NA,NA,NA,NA,NA,NA,NA,NA,NA,NA,NA,NA,NA
308,Centaurea bourgaei,Asteraceae,Centaurea,bourgaei,Campanulids,perennial,Biotic,dry_indehiscent,5.142056821,NoInfo,1,0,0,0,NoInfo,NoInfo,NoInfo,NoInfo,NoInfo,NoInfo,NoInfo,NoInfo,NoInfo,NoInfo,0,NA,NA,NA,NA,NA,NA,NA,NA,NA,NA,NA,NA,NA,NA,NA,NA,NA,NA,NA,NA,NA,NA,NA,NA
309,Centaurea calcitrapa,Asteraceae,Centaurea,calcitrapa,Campanulids,perennial,Biotic,dry_indehiscent,2.30128,NoInfo,1,0,0,1,0,0,0,0,0,0,0,1,0,0,1,1,-0.032289933,1.055054082,-5.030311231,16.33719838,3.588002693,0.973090631,22.13069139,10.54370538,30.56062376,2.113773013,28.44685074,11.58698601,3.237918891,4.621834122,1.659529474,2.209460732,1.302947065,7.543225741,2.912185671,4,1,0,0
310,Centaurea horrida,Asteraceae,Centaurea,horrida,Campanulids,perennial,Biotic,dry_indehiscent,5.142056821,NoInfo,1,1,0,0,NoInfo,NoInfo,NoInfo,NoInfo,NoInfo,NoInfo,NoInfo,NoInfo,NoInfo,NoInfo,0,NA,NA,NA,NA,NA,NA,NA,NA,NA,NA,NA,NA,NA,NA,NA,NA,NA,NA,NA,NA,NA,NA,NA,NA
311,Centaurea idaea,Asteraceae,Centaurea,idaea,Campanulids,perennial,Biotic,dry_indehiscent,5.142056821,NoInfo,2,0,0,0,NoInfo,NoInfo,NoInfo,NoInfo,NoInfo,NoInfo,NoInfo,NoInfo,NoInfo,NoInfo,0,NA,NA,NA,NA,NA,NA,NA,NA,NA,NA,NA,NA,NA,NA,NA,NA,NA,NA,NA,NA,NA,NA,NA,NA
312,Centaurea jacea,Asteraceae,Centaurea,jacea,Campanulids,perennial,Biotic,dry_indehiscent,1.523176471,NoInfo,2,0,1,1,0,0,0,0,0,0,0,1,0,0,1,1,-0.025688602,0.862783781,-5.505640757,16.79312421,1.738776848,0.850531636,20.22002303,13.36622539,30.29524062,3.291007799,27.00423282,6.853797638,3.109962306,2.951412793,11.05297319,11.1100544,0.480034076,5.986958759,22.14229706,8,1,1,1
313,Centaurea micrantha,Asteraceae,Centaurea,micrantha,Campanulids,perennial,Biotic,dry_indehiscent,5.142056821,NoInfo,1,1,0,0,NoInfo,NoInfo,NoInfo,NoInfo,NoInfo,NoInfo,NoInfo,NoInfo,NoInfo,NoInfo,0,NA,NA,NA,NA,NA,NA,NA,NA,NA,NA,NA,NA,NA,NA,NA,NA,NA,NA,NA,NA,NA,NA,NA,NA
314,Centaurea pichleri,Asteraceae,Centaurea,pichleri,Campanulids,perennial,Biotic,dry_indehiscent,5.142056821,NoInfo,1,0,0,0,NoInfo,NoInfo,NoInfo,NoInfo,NoInfo,NoInfo,NoInfo,NoInfo,NoInfo,NoInfo,0,NA,NA,NA,NA,NA,NA,NA,NA,NA,NA,NA,NA,NA,NA,NA,NA,NA,NA,NA,NA,NA,NA,NA,NA
315,Centaurea pindicola,Asteraceae,Centaurea,pindicola,Campanulids,perennial,Biotic,dry_indehiscent,5.142056821,NoInfo,1,0,0,0,NoInfo,NoInfo,NoInfo,NoInfo,NoInfo,NoInfo,NoInfo,NoInfo,NoInfo,NoInfo,0,NA,NA,NA,NA,NA,NA,NA,NA,NA,NA,NA,NA,NA,NA,NA,NA,NA,NA,NA,NA,NA,NA,NA,NA
316,Centaurea resupinata,Asteraceae,Centaurea,resupinata,Campanulids,perennial,Biotic,dry_indehiscent,5.142056821,NoInfo,1,0,0,0,NoInfo,NoInfo,NoInfo,NoInfo,NoInfo,NoInfo,NoInfo,NoInfo,NoInfo,NoInfo,0,NA,NA,NA,NA,NA,NA,NA,NA,NA,NA,NA,NA,NA,NA,NA,NA,NA,NA,NA,NA,NA,NA,NA,NA
317,Centaurea rupestris,Asteraceae,Centaurea,rupestris,Campanulids,perennial,Biotic,dry_indehiscent,5.142056821,NoInfo,1,0,0,0,NoInfo,NoInfo,NoInfo,NoInfo,NoInfo,NoInfo,NoInfo,NoInfo,NoInfo,NoInfo,0,NA,NA,NA,NA,NA,NA,NA,NA,NA,NA,NA,NA,NA,NA,NA,NA,NA,NA,NA,NA,NA,NA,NA,NA
318,Centaurea sarfattiana,Asteraceae,Centaurea,sarfattiana,Campanulids,perennial,Biotic,dry_indehiscent,5.142056821,NoInfo,1,0,0,0,NoInfo,NoInfo,NoInfo,NoInfo,NoInfo,NoInfo,NoInfo,NoInfo,NoInfo,NoInfo,0,NA,NA,NA,NA,NA,NA,NA,NA,NA,NA,NA,NA,NA,NA,NA,NA,NA,NA,NA,NA,NA,NA,NA,NA
319,Centaurea scabiosa,Asteraceae,Centaurea,scabiosa,Campanulids,perennial,Biotic,dry_indehiscent,7.009181818,NoInfo,1,0,1,1,0,1,0,0,0,0,0,1,0,0,1,1,-0.01213956,0.382617429,-3.800795469,15.75911403,-0.785939622,0.313041175,18.2251075,13.29312056,29.09354489,2.424683164,26.66886173,4.931986943,6.462025907,9.290388818,25.0248408,25.32884309,3.064582449,14.78416532,49.98018843,6,1,1,1
320,Centaurea sphaerocephala,Asteraceae,Centaurea,sphaerocephala,Campanulids,perennial,Biotic,dry_indehiscent,5.142056821,NoInfo,1,0,0,0,NoInfo,NoInfo,NoInfo,NoInfo,NoInfo,NoInfo,NoInfo,NoInfo,NoInfo,NoInfo,1,1,-0.018485315,0.778600185,-4.382550333,21.05996496,3.816095978,0.978460585,29.23861514,12.88131478,40.18389296,1.93603696,38.247856,16.35730036,NA,NA,NA,NA,NA,NA,NA,5,1,0,0
321,Centaurea spinosa,Asteraceae,Centaurea,spinosa,Campanulids,perennial,Biotic,dry_indehiscent,5.142056821,NoInfo,1,0,0,0,NoInfo,NoInfo,NoInfo,NoInfo,NoInfo,NoInfo,NoInfo,NoInfo,NoInfo,NoInfo,1,0,NA,NA,NA,NA,NA,NA,NA,NA,NA,NA,NA,NA,NA,NA,NA,NA,NA,NA,NA,NA,0,NA,0
322,Centaurea spinosociliata,Asteraceae,Centaurea,spinosociliata,Campanulids,perennial,Biotic,dry_indehiscent,5.142056821,NoInfo,1,0,0,0,NoInfo,NoInfo,NoInfo,NoInfo,NoInfo,NoInfo,NoInfo,NoInfo,NoInfo,NoInfo,0,NA,NA,NA,NA,NA,NA,NA,NA,NA,NA,NA,NA,NA,NA,NA,NA,NA,NA,NA,NA,NA,NA,NA,NA
323,Centaurea tommasinii,Asteraceae,Centaurea,tommasinii,Campanulids,perennial,Biotic,dry_indehiscent,5.142056821,NoInfo,1,0,0,0,NoInfo,NoInfo,NoInfo,NoInfo,NoInfo,NoInfo,NoInfo,NoInfo,NoInfo,NoInfo,0,NA,NA,NA,NA,NA,NA,NA,NA,NA,NA,NA,NA,NA,NA,NA,NA,NA,NA,NA,NA,NA,NA,NA,NA
324,Centaurium pulchellum,Gentianaceae,Centaurium,pulchellum,Lamiids,annual,Biotic,dry_dehiscent,0.014307143,NoInfo,1,0,0,1,0,0,0,0,0,0,0,1,0,0,1,0,NA,NA,NA,NA,NA,NA,NA,NA,NA,NA,NA,NA,NA,NA,NA,NA,NA,NA,NA,NA,0,NA,0
325,Cephalanthera epipactoides,Orchidaceae,Cephalanthera,epipactoides,Monocots,perennial,Biotic,dry_dehiscent,0.011893333,NoInfo,1,0,0,0,NoInfo,NoInfo,NoInfo,NoInfo,NoInfo,NoInfo,NoInfo,NoInfo,NoInfo,NoInfo,0,NA,NA,NA,NA,NA,NA,NA,NA,NA,NA,NA,NA,NA,NA,NA,NA,NA,NA,NA,NA,NA,NA,NA,NA
326,Cephalaria leucantha,Caprifoliaceae,Cephalaria,leucantha,Campanulids,perennial,Biotic,fleshy,5.4,NoInfo,1,0,0,1,0,0,0,0,0,0,0,1,0,0,0,NA,NA,NA,NA,NA,NA,NA,NA,NA,NA,NA,NA,NA,NA,NA,NA,NA,NA,NA,NA,NA,NA,NA,NA
327,Cerastium arvense,Caryophyllaceae,Cerastium,arvense,Caryophyllales,perennial,Biotic,dry_dehiscent,0.2131,PD,1,0,1,1,0,0,0,0,0,0,0,1,0,0,1,1,-0.017467204,0.411597461,0.282878735,11.78200793,2.707601009,0.937473675,17.69501191,5.86900396,29.7703411,-6.206325235,35.97666633,11.82600795,NA,NA,NA,NA,NA,NA,NA,8,1,0,0
328,Cerastium brachypetalum,Caryophyllaceae,Cerastium,brachypetalum,Caryophyllales,annual,Biotic,dry_dehiscent,0.060048,PD,3,0,0,0,NoInfo,NoInfo,NoInfo,NoInfo,NoInfo,NoInfo,NoInfo,NoInfo,NoInfo,NoInfo,0,NA,NA,NA,NA,NA,NA,NA,NA,NA,NA,NA,NA,NA,NA,NA,NA,NA,NA,NA,NA,NA,NA,NA,NA
329,Cerastium candidissimum,Caryophyllaceae,Cerastium,candidissimum,Caryophyllales,perennial,Biotic,dry_dehiscent,0.381669831,PD,1,0,0,0,NoInfo,NoInfo,NoInfo,NoInfo,NoInfo,NoInfo,NoInfo,NoInfo,NoInfo,NoInfo,0,NA,NA,NA,NA,NA,NA,NA,NA,NA,NA,NA,NA,NA,NA,NA,NA,NA,NA,NA,NA,NA,NA,NA,NA
330,Cerastium fragillimum,Caryophyllaceae,Cerastium,fragillimum,Caryophyllales,annual,Biotic,dry_dehiscent,0.381669831,PD,1,0,0,0,NoInfo,NoInfo,NoInfo,NoInfo,NoInfo,NoInfo,NoInfo,NoInfo,NoInfo,NoInfo,0,NA,NA,NA,NA,NA,NA,NA,NA,NA,NA,NA,NA,NA,NA,NA,NA,NA,NA,NA,NA,NA,NA,NA,NA
331,Cerastium gibraltaricum,Caryophyllaceae,Cerastium,gibraltaricum,Caryophyllales,perennial,Biotic,dry_dehiscent,0.381669831,PD,1,0,0,0,NoInfo,NoInfo,NoInfo,NoInfo,NoInfo,NoInfo,NoInfo,NoInfo,NoInfo,NoInfo,0,NA,NA,NA,NA,NA,NA,NA,NA,NA,NA,NA,NA,NA,NA,NA,NA,NA,NA,NA,NA,NA,NA,NA,NA
332,Cerastium glomeratum,Caryophyllaceae,Cerastium,glomeratum,Caryophyllales,annual,Biotic,dry_dehiscent,0.104556071,PD,1,0,1,1,0,0,0,0,0,0,0,1,0,0,0,NA,NA,NA,NA,NA,NA,NA,NA,NA,NA,NA,NA,NA,NA,NA,NA,NA,NA,NA,NA,NA,NA,NA,NA
333,Cerastium gracile,Caryophyllaceae,Cerastium,gracile,Caryophyllales,annual,Biotic,dry_dehiscent,0.05,PD,1,0,0,0,NoInfo,NoInfo,NoInfo,NoInfo,NoInfo,NoInfo,NoInfo,NoInfo,NoInfo,NoInfo,0,NA,NA,NA,NA,NA,NA,NA,NA,NA,NA,NA,NA,NA,NA,NA,NA,NA,NA,NA,NA,NA,NA,NA,NA
334,Cerastium pumilum,Caryophyllaceae,Cerastium,pumilum,Caryophyllales,annual,Biotic,dry_dehiscent,0.078044444,PD,1,0,0,0,NoInfo,NoInfo,NoInfo,NoInfo,NoInfo,NoInfo,NoInfo,NoInfo,NoInfo,NoInfo,0,NA,NA,NA,NA,NA,NA,NA,NA,NA,NA,NA,NA,NA,NA,NA,NA,NA,NA,NA,NA,NA,NA,NA,NA
335,Cerastium soleirolii,Caryophyllaceae,Cerastium,soleirolii,Caryophyllales,perennial,Biotic,dry_dehiscent,0.381669831,PD,1,0,0,0,NoInfo,NoInfo,NoInfo,NoInfo,NoInfo,NoInfo,NoInfo,NoInfo,NoInfo,NoInfo,0,NA,NA,NA,NA,NA,NA,NA,NA,NA,NA,NA,NA,NA,NA,NA,NA,NA,NA,NA,NA,NA,NA,NA,NA
336,Chamaecytisus spinescens,Fabaceae,Chamaecytisus,spinescens,Fabids,perennial,Biotic,dry_dehiscent,8.385318384,NoInfo,1,0,0,0,NoInfo,NoInfo,NoInfo,NoInfo,NoInfo,NoInfo,NoInfo,NoInfo,NoInfo,NoInfo,1,0,NA,NA,NA,NA,NA,NA,NA,NA,NA,NA,NA,NA,NA,NA,NA,NA,NA,NA,NA,NA,0,NA,0
337,Chamaeleon gummifer,Asteraceae,Chamaeleon,gummifer,Campanulids,perennial,Biotic,dry_indehiscent,5.1706,NoInfo,1,0,0,1,0,0,0,0,0,0,1,1,1,0,1,0,NA,NA,NA,NA,NA,NA,NA,NA,NA,NA,NA,NA,NA,NA,NA,NA,NA,NA,NA,NA,0,NA,0
338,Chamaeleon macrocephalus,Asteraceae,Chamaeleon,macrocephalus,Campanulids,perennial,Biotic,dry_indehiscent,5.1706,NoInfo,1,0,0,0,NoInfo,NoInfo,NoInfo,NoInfo,NoInfo,NoInfo,NoInfo,NoInfo,NoInfo,NoInfo,0,NA,NA,NA,NA,NA,NA,NA,NA,NA,NA,NA,NA,NA,NA,NA,NA,NA,NA,NA,NA,NA,NA,NA,NA
339,Chamaerops humilis,Arecaceae,Chamaerops,humilis,Commelinid-monocots,perennial,Biotic,fleshy,527.9441667,M(P)D,1,0,0,1,1,1,1,1,1,0,1,1,0,0,0,NA,NA,NA,NA,NA,NA,NA,NA,NA,NA,NA,NA,NA,NA,NA,NA,NA,NA,NA,NA,NA,NA,NA,NA
340,Cherleria baldaccii,Caryophyllaceae,Cherleria,baldaccii,Caryophyllales,perennial,Biotic,dry_dehiscent,0.313128571,NoInfo,1,0,0,0,NoInfo,NoInfo,NoInfo,NoInfo,NoInfo,NoInfo,NoInfo,NoInfo,NoInfo,NoInfo,0,NA,NA,NA,NA,NA,NA,NA,NA,NA,NA,NA,NA,NA,NA,NA,NA,NA,NA,NA,NA,NA,NA,NA,NA
341,Chrysopogon gryllus,Poaceae,Chrysopogon,gryllus,Commelinid-monocots,perennial,Abiotic,dry_indehiscent,2.3,NoInfo,1,0,0,1,1,1,0,0,0,0,1,1,1,0,1,1,-0.02661624,1.378286809,-16.61894202,25.89183953,1.224248415,0.772810327,28.6897889,23.09389017,38.40670876,13.3769703,25.02973846,5.59589873,NA,NA,NA,NA,NA,NA,NA,5,1,0,0
342,Cicer anatolicum,Fabaceae,Cicer,anatolicum,Fabids,perennial,Biotic,dry_dehiscent,54.3,NoInfo,1,0,0,1,0,0,0,1,0,0,0,0,0,0,0,NA,NA,NA,NA,NA,NA,NA,NA,NA,NA,NA,NA,NA,NA,NA,NA,NA,NA,NA,NA,NA,NA,NA,NA
343,Cicer isauricum,Fabaceae,Cicer,isauricum,Fabids,perennial,Biotic,dry_dehiscent,117.11838,NoInfo,1,0,0,0,NoInfo,NoInfo,NoInfo,NoInfo,NoInfo,NoInfo,NoInfo,NoInfo,NoInfo,NoInfo,0,NA,NA,NA,NA,NA,NA,NA,NA,NA,NA,NA,NA,NA,NA,NA,NA,NA,NA,NA,NA,NA,NA,NA,NA
344,Cicerbita variabilis,Asteraceae,Cicerbita,variabilis,Campanulids,perennial,Biotic,dry_indehiscent,1.178132589,NoInfo,1,0,0,0,NoInfo,NoInfo,NoInfo,NoInfo,NoInfo,NoInfo,NoInfo,NoInfo,NoInfo,NoInfo,0,NA,NA,NA,NA,NA,NA,NA,NA,NA,NA,NA,NA,NA,NA,NA,NA,NA,NA,NA,NA,NA,NA,NA,NA
345,Cichorium intybus,Asteraceae,Cichorium,intybus,Campanulids,perennial,Biotic,dry_indehiscent,1.339833782,PD,3,0,1,1,1,0,0,1,1,0,0,1,1,1,1,0,NA,NA,NA,NA,NA,NA,NA,NA,NA,NA,NA,NA,NA,NA,NA,NA,NA,NA,NA,NA,0,NA,0
346,Cirsium canum,Asteraceae,Cirsium,canum,Campanulids,perennial,Biotic,dry_indehiscent,2.1856,NoInfo,1,0,0,0,NoInfo,NoInfo,NoInfo,NoInfo,NoInfo,NoInfo,NoInfo,NoInfo,NoInfo,NoInfo,0,NA,NA,NA,NA,NA,NA,NA,NA,NA,NA,NA,NA,NA,NA,NA,NA,NA,NA,NA,NA,NA,NA,NA,NA
347,Cirsium heterotrichum,Asteraceae,Cirsium,heterotrichum,Campanulids,perennial,Biotic,dry_indehiscent,2.353,NoInfo,1,0,0,0,NoInfo,NoInfo,NoInfo,NoInfo,NoInfo,NoInfo,NoInfo,NoInfo,NoInfo,NoInfo,0,NA,NA,NA,NA,NA,NA,NA,NA,NA,NA,NA,NA,NA,NA,NA,NA,NA,NA,NA,NA,NA,NA,NA,NA
348,Cirsium hypopsilum,Asteraceae,Cirsium,hypopsilum,Campanulids,perennial,Biotic,dry_indehiscent,4.520664704,NoInfo,1,0,0,0,NoInfo,NoInfo,NoInfo,NoInfo,NoInfo,NoInfo,NoInfo,NoInfo,NoInfo,NoInfo,0,NA,NA,NA,NA,NA,NA,NA,NA,NA,NA,NA,NA,NA,NA,NA,NA,NA,NA,NA,NA,NA,NA,NA,NA
349,Cirsium monspessulanum,Asteraceae,Cirsium,monspessulanum,Campanulids,perennial,Biotic,dry_indehiscent,4.520664704,NoInfo,1,0,0,0,NoInfo,NoInfo,NoInfo,NoInfo,NoInfo,NoInfo,NoInfo,NoInfo,NoInfo,NoInfo,0,NA,NA,NA,NA,NA,NA,NA,NA,NA,NA,NA,NA,NA,NA,NA,NA,NA,NA,NA,NA,NA,NA,NA,NA
350,Cirsium morinifolium,Asteraceae,Cirsium,morinifolium,Campanulids,perennial,Biotic,dry_indehiscent,4.520664704,NoInfo,1,0,0,0,NoInfo,NoInfo,NoInfo,NoInfo,NoInfo,NoInfo,NoInfo,NoInfo,NoInfo,NoInfo,0,NA,NA,NA,NA,NA,NA,NA,NA,NA,NA,NA,NA,NA,NA,NA,NA,NA,NA,NA,NA,NA,NA,NA,NA
351,Cirsium pyrenaicum,Asteraceae,Cirsium,pyrenaicum,Campanulids,perennial,Biotic,dry_indehiscent,4.520664704,NoInfo,1,0,0,0,NoInfo,NoInfo,NoInfo,NoInfo,NoInfo,NoInfo,NoInfo,NoInfo,NoInfo,NoInfo,0,NA,NA,NA,NA,NA,NA,NA,NA,NA,NA,NA,NA,NA,NA,NA,NA,NA,NA,NA,NA,NA,NA,NA,NA
352,Cistus albidus,Cistaceae,Cistus,albidus,Malvids,perennial,Biotic,dry_dehiscent,1.0618,PY(PD),1,0,0,1,0,1,0,0,0,1,1,0,0,0,1,1,0.223010987,-8.326521242,76.90079165,18.66841039,-0.820666164,0.30562227,NA,NA,NA,NA,NA,NA,NA,NA,NA,NA,NA,NA,NA,7,0,1,0
353,Cistus clusii,Cistaceae,Cistus,clusii,Malvids,perennial,Biotic,dry_dehiscent,17.88124444,PY(PD),1,0,0,0,NoInfo,NoInfo,NoInfo,NoInfo,NoInfo,NoInfo,NoInfo,NoInfo,NoInfo,NoInfo,1,1,-0.196703475,6.999097237,-59.57501026,17.79098521,2.685407467,0.936160061,19.53933347,16.04263696,23.14084326,12.44112717,10.69971609,3.496696503,NA,NA,NA,NA,NA,NA,NA,4,1,0,0
354,Cistus creticus,Cistaceae,Cistus,creticus,Malvids,perennial,Biotic,dry_dehiscent,0.7816,PY(PD),7,0,0,1,0,0,0,0,0,0,1,1,0,0,1,1,-0.001413636,0.097434425,-1.447580775,34.4623503,0.231328861,0.55757569,43.37931053,25.54539008,81.85986883,-12.93516822,94.79503705,17.83392046,288.6434663,77.9990957,227.0767786,19.3814147,107.1900139,364.4708807,240.6661773,8,1,0,0
355,Cistus monspeliensis,Cistaceae,Cistus,monspeliensis,Malvids,perennial,Biotic,dry_dehiscent,0.91,PY(PD),5,0,0,1,0,1,0,1,0,1,1,1,0,0,1,1,0.041250241,-1.744244124,17.84461164,21.1422297,-0.593993312,0.355719129,NA,NA,NA,NA,NA,NA,NA,NA,NA,NA,2.312235291,NA,NA,7,0,0,0
356,Cistus salviifolius,Cistaceae,Cistus,salviifolius,Malvids,perennial,Biotic,dry_dehiscent,0.947142857,PY(PD),6,0,0,1,0,1,0,0,0,1,0,1,0,0,1,1,-0.037083023,1.122445047,-7.50445853,15.13421723,0.989205055,0.728930877,17.3217013,12.94673315,25.43357071,4.83486374,20.59870697,4.374968147,1.56426041,2.377960156,1.591871458,2.332440025,0.776810061,3.713418207,3.678984497,14,1,1,1
357,Clematis flammula,Ranunculaceae,Clematis,flammula,Early EU,perennial,Biotic,dry_indehiscent,9.66,M(P)D,5,0,0,1,0,1,0,0,0,0,0,1,0,0,0,NA,NA,NA,NA,NA,NA,NA,NA,NA,NA,NA,NA,NA,NA,NA,NA,NA,NA,NA,NA,NA,NA,NA,NA
358,Clematis vitalba,Ranunculaceae,Clematis,vitalba,Early EU,perennial,Biotic,dry_indehiscent,2.543589982,M(P)D,4,0,0,1,0,1,0,1,1,0,1,1,1,0,1,1,-0.025267823,0.759555097,-6.063723497,15.03008612,-0.355634236,0.412016804,16.87205518,13.18811707,25.15207228,4.908099966,20.24397232,3.683938115,2.908539612,2.896387966,4.587733974,4.818777138,1.229930489,5.257985908,9.08212069,12,1,1,1
359,Clematis viticella,Ranunculaceae,Clematis,viticella,Early EU,perennial,Biotic,dry_indehiscent,19.04441305,M(P)D,1,0,0,1,0,1,0,1,0,0,0,1,0,0,0,NA,NA,NA,NA,NA,NA,NA,NA,NA,NA,NA,NA,NA,NA,NA,NA,NA,NA,NA,NA,NA,NA,NA,NA
360,Cleonia lusitanica,Lamiaceae,Cleonia,lusitanica,Lamiids,annual,Biotic,dry_dehiscent,0.8,NoInfo,1,0,0,0,NoInfo,NoInfo,NoInfo,NoInfo,NoInfo,NoInfo,NoInfo,NoInfo,NoInfo,NoInfo,1,1,-0.013252211,0.326141991,-0.813788016,12.30519141,1.192831794,0.767247146,16.22731988,8.383062939,29.97422509,-5.363842266,35.33806735,7.844256942,2.75932471,5.521418377,2.968382888,3.863879518,2.068514906,7.686667148,5.510599617,5,1,1,1
361,Clinopodium alpinum,Lamiaceae,Clinopodium,alpinum,Lamiids,perennial,Biotic,dry_dehiscent,0.520819942,PD,4,0,1,1,0,0,0,0,0,0,0,1,0,0,0,NA,NA,NA,NA,NA,NA,NA,NA,NA,NA,NA,NA,NA,NA,NA,NA,NA,NA,NA,NA,NA,NA,NA,NA
362,Clinopodium grandiflorum,Lamiaceae,Clinopodium,grandiflorum,Lamiids,perennial,Biotic,dry_dehiscent,0.520819942,PD,1,0,0,0,NoInfo,NoInfo,NoInfo,NoInfo,NoInfo,NoInfo,NoInfo,NoInfo,NoInfo,NoInfo,0,NA,NA,NA,NA,NA,NA,NA,NA,NA,NA,NA,NA,NA,NA,NA,NA,NA,NA,NA,NA,NA,NA,NA,NA
363,Clinopodium graveolens,Lamiaceae,Clinopodium,graveolens,Lamiids,annual,Biotic,dry_dehiscent,0.481733333,PD,1,0,0,0,NoInfo,NoInfo,NoInfo,NoInfo,NoInfo,NoInfo,NoInfo,NoInfo,NoInfo,NoInfo,0,NA,NA,NA,NA,NA,NA,NA,NA,NA,NA,NA,NA,NA,NA,NA,NA,NA,NA,NA,NA,NA,NA,NA,NA
364,Clinopodium vulgare,Lamiaceae,Clinopodium,vulgare,Lamiids,perennial,Biotic,dry_dehiscent,0.381415,PD,5,0,1,1,0,1,0,0,0,1,0,1,0,0,1,1,-0.035046441,1.360140745,-9.774855108,19.4048341,3.421797643,0.968378864,24.69281621,14.11685198,32.88264714,5.927021053,26.95562609,10.57596423,NA,NA,NA,NA,NA,NA,NA,10,1,1,1
365,Clypeola ciliata,Brassicaceae,Clypeola,ciliata,Malvids,annual,Biotic,dry_dehiscent,2.8374,NoInfo,1,0,0,0,NoInfo,NoInfo,NoInfo,NoInfo,NoInfo,NoInfo,NoInfo,NoInfo,NoInfo,NoInfo,0,NA,NA,NA,NA,NA,NA,NA,NA,NA,NA,NA,NA,NA,NA,NA,NA,NA,NA,NA,NA,NA,NA,NA,NA
366,Clypeola jonthlaspi,Brassicaceae,Clypeola,jonthlaspi,Malvids,annual,Biotic,dry_dehiscent,0.9508,NoInfo,1,0,0,0,NoInfo,NoInfo,NoInfo,NoInfo,NoInfo,NoInfo,NoInfo,NoInfo,NoInfo,NoInfo,0,NA,NA,NA,NA,NA,NA,NA,NA,NA,NA,NA,NA,NA,NA,NA,NA,NA,NA,NA,NA,NA,NA,NA,NA
367,Colchicum burttii,Colchicaceae,Colchicum,burttii,Monocots,perennial,NoInfo,dry_dehiscent,6.049369762,NoInfo,1,0,0,0,NoInfo,NoInfo,NoInfo,NoInfo,NoInfo,NoInfo,NoInfo,NoInfo,NoInfo,NoInfo,0,NA,NA,NA,NA,NA,NA,NA,NA,NA,NA,NA,NA,NA,NA,NA,NA,NA,NA,NA,NA,NA,NA,NA,NA
368,Colchicum cretense,Colchicaceae,Colchicum,cretense,Monocots,perennial,NoInfo,dry_dehiscent,6.049369762,NoInfo,1,0,0,0,NoInfo,NoInfo,NoInfo,NoInfo,NoInfo,NoInfo,NoInfo,NoInfo,NoInfo,NoInfo,0,NA,NA,NA,NA,NA,NA,NA,NA,NA,NA,NA,NA,NA,NA,NA,NA,NA,NA,NA,NA,NA,NA,NA,NA
369,Coleostephus myconis,Asteraceae,Coleostephus,myconis,Campanulids,annual,Biotic,dry_indehiscent,0.3193,NoInfo,1,0,0,0,NoInfo,NoInfo,NoInfo,NoInfo,NoInfo,NoInfo,NoInfo,NoInfo,NoInfo,NoInfo,1,0,NA,NA,NA,NA,NA,NA,NA,NA,NA,NA,NA,NA,NA,NA,NA,NA,NA,NA,NA,NA,0,NA,0
370,Convolvulus arvensis,Convolvulaceae,Convolvulus,arvensis,Lamiids,perennial,Biotic,dry_dehiscent,11.52765455,PY(PD),4,0,1,1,0,0,0,0,0,0,0,1,1,0,0,NA,NA,NA,NA,NA,NA,NA,NA,NA,NA,NA,NA,NA,NA,NA,NA,NA,NA,NA,NA,NA,NA,NA,NA
371,Convolvulus cantabrica,Convolvulaceae,Convolvulus,cantabrica,Lamiids,perennial,Biotic,dry_dehiscent,6.5515,PY(PD),1,0,0,0,NoInfo,NoInfo,NoInfo,NoInfo,NoInfo,NoInfo,NoInfo,NoInfo,NoInfo,NoInfo,0,NA,NA,NA,NA,NA,NA,NA,NA,NA,NA,NA,NA,NA,NA,NA,NA,NA,NA,NA,NA,NA,NA,NA,NA
372,Convolvulus caput-medusae,Convolvulaceae,Convolvulus,caput-medusae,Lamiids,perennial,Biotic,fleshy,11.00535472,PY(PD),1,1,0,0,NoInfo,NoInfo,NoInfo,NoInfo,NoInfo,NoInfo,NoInfo,NoInfo,NoInfo,NoInfo,0,NA,NA,NA,NA,NA,NA,NA,NA,NA,NA,NA,NA,NA,NA,NA,NA,NA,NA,NA,NA,NA,NA,NA,NA
373,Convolvulus oleifolius,Convolvulaceae,Convolvulus,oleifolius,Lamiids,perennial,Biotic,dry_dehiscent,11.00535472,PY(PD),1,0,0,0,NoInfo,NoInfo,NoInfo,NoInfo,NoInfo,NoInfo,NoInfo,NoInfo,NoInfo,NoInfo,0,NA,NA,NA,NA,NA,NA,NA,NA,NA,NA,NA,NA,NA,NA,NA,NA,NA,NA,NA,NA,NA,NA,NA,NA
374,Coris monspeliensis,Primulaceae,Coris,monspeliensis,Asterids,annual,Biotic,fleshy,0.748,NoInfo,1,0,0,0,NoInfo,NoInfo,NoInfo,NoInfo,NoInfo,NoInfo,NoInfo,NoInfo,NoInfo,NoInfo,1,0,NA,NA,NA,NA,NA,NA,NA,NA,NA,NA,NA,NA,NA,NA,NA,NA,NA,NA,NA,NA,0,NA,0
375,Cormus domestica,Rosaceae,Cormus,domestica,Fabids,woody,Biotic,fleshy,25.181,NoInfo,1,0,0,1,0,1,0,0,1,0,1,1,0,0,0,NA,NA,NA,NA,NA,NA,NA,NA,NA,NA,NA,NA,NA,NA,NA,NA,NA,NA,NA,NA,NA,NA,NA,NA
376,Cornus mas,Cornaceae,Cornus,mas,Asterids,woody,Biotic,fleshy,158.1555406,PD,1,0,0,1,0,1,0,0,1,0,1,1,0,0,0,NA,NA,NA,NA,NA,NA,NA,NA,NA,NA,NA,NA,NA,NA,NA,NA,NA,NA,NA,NA,NA,NA,NA,NA
377,Cornus sanguinea,Cornaceae,Cornus,sanguinea,Asterids,woody,Biotic,fleshy,66.50413043,PD,5,0,0,1,0,1,0,0,0,0,1,1,1,0,1,0,NA,NA,NA,NA,NA,NA,NA,NA,NA,NA,NA,NA,NA,NA,NA,NA,NA,NA,NA,NA,0,NA,0
378,Coronilla libanotica,Fabaceae,Coronilla,libanotica,Fabids,perennial,Biotic,dry_dehiscent,5.775687853,PY(PD),1,0,0,0,NoInfo,NoInfo,NoInfo,NoInfo,NoInfo,NoInfo,NoInfo,NoInfo,NoInfo,NoInfo,0,NA,NA,NA,NA,NA,NA,NA,NA,NA,NA,NA,NA,NA,NA,NA,NA,NA,NA,NA,NA,NA,NA,NA,NA
379,Coronilla minima,Fabaceae,Coronilla,minima,Fabids,perennial,Biotic,dry_dehiscent,3.013846672,PY(PD),5,0,1,1,1,0,0,0,0,0,0,0,0,0,1,1,0.978382,-35.91293883,324.5523299,18.35322953,-5.006874851,0.006647301,NA,NA,16.90133189,19.80512717,-2.903795283,NA,0.318353875,0.156914601,NA,NA,0.12302993,0.437489781,NA,4,0,0,0
380,Coronilla repanda,Fabaceae,Coronilla,repanda,Fabids,annual,Biotic,dry_dehiscent,2.4118,PY(PD),1,0,0,0,NoInfo,NoInfo,NoInfo,NoInfo,NoInfo,NoInfo,NoInfo,NoInfo,NoInfo,NoInfo,1,0,NA,NA,NA,NA,NA,NA,NA,NA,NA,NA,NA,NA,NA,NA,NA,NA,NA,NA,NA,NA,0,NA,0
381,Coronilla varia,Fabaceae,Coronilla,varia,Fabids,perennial,Biotic,dry_dehiscent,3.870037037,PY(PD),1,0,1,0,NoInfo,NoInfo,NoInfo,NoInfo,NoInfo,NoInfo,NoInfo,NoInfo,NoInfo,NoInfo,1,1,-0.052762545,1.984039758,-17.01170732,18.8015926,1.639846304,0.837514023,21.10767865,16.49550656,28.12281671,9.480368498,18.64244821,4.612172085,1.945571761,1.938156162,2.193133234,2.160095771,0.739228569,3.591317594,4.09461338,5,1,1,1
382,Corydalis tauricola,Papaveraceae,Corydalis,tauricola,Early EU,perennial,Biotic,dry_dehiscent,2.779137128,NoInfo,1,0,0,0,NoInfo,NoInfo,NoInfo,NoInfo,NoInfo,NoInfo,NoInfo,NoInfo,NoInfo,NoInfo,0,NA,NA,NA,NA,NA,NA,NA,NA,NA,NA,NA,NA,NA,NA,NA,NA,NA,NA,NA,NA,NA,NA,NA,NA
383,Corylus avellana,Betulaceae,Corylus,avellana,Fabids,woody,Biotic,dry_indehiscent,1042.263836,PD,4,0,0,1,0,1,1,1,1,0,1,1,0,0,0,NA,NA,NA,NA,NA,NA,NA,NA,NA,NA,NA,NA,NA,NA,NA,NA,NA,NA,NA,NA,NA,NA,NA,NA
384,Corynephorus canescens,Poaceae,Corynephorus,canescens,Commelinid-monocots,perennial,Abiotic,dry_indehiscent,0.108857143,ND,1,0,0,0,NoInfo,NoInfo,NoInfo,NoInfo,NoInfo,NoInfo,NoInfo,NoInfo,NoInfo,NoInfo,0,NA,NA,NA,NA,NA,NA,NA,NA,NA,NA,NA,NA,NA,NA,NA,NA,NA,NA,NA,NA,NA,NA,NA,NA
385,Cotoneaster nebrodensis,Rosaceae,Cotoneaster,nebrodensis,Fabids,perennial,Biotic,fleshy,13.259,PD,1,0,0,0,NoInfo,NoInfo,NoInfo,NoInfo,NoInfo,NoInfo,NoInfo,NoInfo,NoInfo,NoInfo,0,NA,NA,NA,NA,NA,NA,NA,NA,NA,NA,NA,NA,NA,NA,NA,NA,NA,NA,NA,NA,NA,NA,NA,NA
386,Cotoneaster nummularius,Rosaceae,Cotoneaster,nummularius,Fabids,perennial,Biotic,fleshy,27.08833333,PD,1,0,0,1,0,0,0,0,0,0,0,1,0,0,0,NA,NA,NA,NA,NA,NA,NA,NA,NA,NA,NA,NA,NA,NA,NA,NA,NA,NA,NA,NA,NA,NA,NA,NA
387,Cotoneaster tomentosus,Rosaceae,Cotoneaster,tomentosus,Fabids,perennial,Biotic,fleshy,26.61175,PD,1,0,0,0,NoInfo,NoInfo,NoInfo,NoInfo,NoInfo,NoInfo,NoInfo,NoInfo,NoInfo,NoInfo,0,NA,NA,NA,NA,NA,NA,NA,NA,NA,NA,NA,NA,NA,NA,NA,NA,NA,NA,NA,NA,NA,NA,NA,NA
388,Crassula tillaea,Crassulaceae,Crassula,tillaea,Rosids,annual,Biotic,dry_dehiscent,0.01020307,NoInfo,1,0,0,0,NoInfo,NoInfo,NoInfo,NoInfo,NoInfo,NoInfo,NoInfo,NoInfo,NoInfo,NoInfo,1,1,-0.059382722,1.37336394,-6.104403153,11.56366611,1.83615787,0.862493672,13.89978994,9.227542268,20.53611534,2.591216871,17.94489847,4.672247674,0.988550203,4.169165317,2.265251433,3.209525364,1.958992522,4.622524753,3.938810408,3,1,0,0
389,Crataegus monogyna,Rosaceae,Crataegus,monogyna,Fabids,woody,Biotic,fleshy,87.05371278,PD,9,0,0,1,0,1,0,0,0,1,1,1,1,0,1,1,0.011795168,-0.332689939,1.589933485,14.10280613,-0.755997369,0.319515911,NA,NA,NA,NA,NA,NA,NA,NA,NA,NA,7.766789843,NA,NA,5,0,1,0
390,Crepis albida,Asteraceae,Crepis,albida,Campanulids,perennial,Biotic,dry_indehiscent,0.9076,NoInfo,2,0,0,0,NoInfo,NoInfo,NoInfo,NoInfo,NoInfo,NoInfo,NoInfo,NoInfo,NoInfo,NoInfo,0,NA,NA,NA,NA,NA,NA,NA,NA,NA,NA,NA,NA,NA,NA,NA,NA,NA,NA,NA,NA,NA,NA,NA,NA
391,Crepis bellidifolia,Asteraceae,Crepis,bellidifolia,Campanulids,perennial,Biotic,dry_indehiscent,2.147744092,NoInfo,1,0,0,0,NoInfo,NoInfo,NoInfo,NoInfo,NoInfo,NoInfo,NoInfo,NoInfo,NoInfo,NoInfo,0,NA,NA,NA,NA,NA,NA,NA,NA,NA,NA,NA,NA,NA,NA,NA,NA,NA,NA,NA,NA,NA,NA,NA,NA
392,Crepis chondrilloides,Asteraceae,Crepis,chondrilloides,Campanulids,perennial,Biotic,dry_indehiscent,2.147744092,NoInfo,1,0,0,0,NoInfo,NoInfo,NoInfo,NoInfo,NoInfo,NoInfo,NoInfo,NoInfo,NoInfo,NoInfo,0,NA,NA,NA,NA,NA,NA,NA,NA,NA,NA,NA,NA,NA,NA,NA,NA,NA,NA,NA,NA,NA,NA,NA,NA
393,Crepis foetida,Asteraceae,Crepis,foetida,Campanulids,annual,Biotic,dry_indehiscent,0.444683333,NoInfo,1,0,0,0,NoInfo,NoInfo,NoInfo,NoInfo,NoInfo,NoInfo,NoInfo,NoInfo,NoInfo,NoInfo,0,NA,NA,NA,NA,NA,NA,NA,NA,NA,NA,NA,NA,NA,NA,NA,NA,NA,NA,NA,NA,NA,NA,NA,NA
394,Crepis fraasii,Asteraceae,Crepis,fraasii,Campanulids,perennial,Biotic,dry_indehiscent,2.147744092,NoInfo,1,0,0,0,NoInfo,NoInfo,NoInfo,NoInfo,NoInfo,NoInfo,NoInfo,NoInfo,NoInfo,NoInfo,0,NA,NA,NA,NA,NA,NA,NA,NA,NA,NA,NA,NA,NA,NA,NA,NA,NA,NA,NA,NA,NA,NA,NA,NA
395,Crepis macropus,Asteraceae,Crepis,macropus,Campanulids,perennial,Biotic,dry_indehiscent,2.147744092,NoInfo,1,0,0,0,NoInfo,NoInfo,NoInfo,NoInfo,NoInfo,NoInfo,NoInfo,NoInfo,NoInfo,NoInfo,0,NA,NA,NA,NA,NA,NA,NA,NA,NA,NA,NA,NA,NA,NA,NA,NA,NA,NA,NA,NA,NA,NA,NA,NA
396,Crepis neglecta,Asteraceae,Crepis,neglecta,Campanulids,annual,Biotic,dry_indehiscent,2.147744092,NoInfo,1,0,0,0,NoInfo,NoInfo,NoInfo,NoInfo,NoInfo,NoInfo,NoInfo,NoInfo,NoInfo,NoInfo,1,0,NA,NA,NA,NA,NA,NA,NA,NA,NA,NA,NA,NA,NA,NA,NA,NA,NA,NA,NA,NA,0,NA,0
397,Crepis setosa,Asteraceae,Crepis,setosa,Campanulids,annual,Biotic,dry_indehiscent,0.1832,NoInfo,1,0,0,0,NoInfo,NoInfo,NoInfo,NoInfo,NoInfo,NoInfo,NoInfo,NoInfo,NoInfo,NoInfo,0,NA,NA,NA,NA,NA,NA,NA,NA,NA,NA,NA,NA,NA,NA,NA,NA,NA,NA,NA,NA,NA,NA,NA,NA
398,Crithmum maritimum,Apiaceae,Crithmum,maritimum,Campanulids,perennial,Biotic,dry_indehiscent,3.156654545,M(P)D,2,0,0,1,0,0,0,0,0,0,0,1,0,0,1,1,-0.029621493,0.804795026,-4.157272602,13.5846467,1.309155442,0.787371796,16.31710962,10.85218377,25.56789529,1.601398102,23.96649719,5.464925851,2.114419042,4.446620167,3.216112213,3.360389044,1.788567644,5.97415272,5.52044271,8,1,1,1
399,Crithopsis delileana,Poaceae,Crithopsis,delileana,Commelinid-monocots,annual,Abiotic,dry_indehiscent,10.71333333,NoInfo,1,0,0,0,NoInfo,NoInfo,NoInfo,NoInfo,NoInfo,NoInfo,NoInfo,NoInfo,NoInfo,NoInfo,0,NA,NA,NA,NA,NA,NA,NA,NA,NA,NA,NA,NA,NA,NA,NA,NA,NA,NA,NA,NA,NA,NA,NA,NA
400,Crocus baytopiorum,Iridaceae,Crocus,baytopiorum,Monocots,perennial,Biotic,dry_dehiscent,5.08872,NoInfo,1,0,0,0,NoInfo,NoInfo,NoInfo,NoInfo,NoInfo,NoInfo,NoInfo,NoInfo,NoInfo,NoInfo,0,NA,NA,NA,NA,NA,NA,NA,NA,NA,NA,NA,NA,NA,NA,NA,NA,NA,NA,NA,NA,NA,NA,NA,NA
401,Crocus biflorus,Iridaceae,Crocus,biflorus,Monocots,perennial,Biotic,dry_dehiscent,5.08872,NoInfo,1,0,0,1,0,1,0,1,0,0,0,0,0,0,0,NA,NA,NA,NA,NA,NA,NA,NA,NA,NA,NA,NA,NA,NA,NA,NA,NA,NA,NA,NA,NA,NA,NA,NA
402,Crocus corsicus,Iridaceae,Crocus,corsicus,Monocots,perennial,Biotic,dry_dehiscent,5.08872,NoInfo,1,0,0,0,NoInfo,NoInfo,NoInfo,NoInfo,NoInfo,NoInfo,NoInfo,NoInfo,NoInfo,NoInfo,0,NA,NA,NA,NA,NA,NA,NA,NA,NA,NA,NA,NA,NA,NA,NA,NA,NA,NA,NA,NA,NA,NA,NA,NA
403,Crocus minimus,Iridaceae,Crocus,minimus,Monocots,perennial,Biotic,dry_dehiscent,5.08872,NoInfo,1,0,0,0,NoInfo,NoInfo,NoInfo,NoInfo,NoInfo,NoInfo,NoInfo,NoInfo,NoInfo,NoInfo,0,NA,NA,NA,NA,NA,NA,NA,NA,NA,NA,NA,NA,NA,NA,NA,NA,NA,NA,NA,NA,NA,NA,NA,NA
404,Crocus sieberi,Iridaceae,Crocus,sieberi,Monocots,perennial,Biotic,dry_dehiscent,5.08872,NoInfo,1,0,0,0,0,1,0,0,0,0,0,0,0,0,0,NA,NA,NA,NA,NA,NA,NA,NA,NA,NA,NA,NA,NA,NA,NA,NA,NA,NA,NA,NA,NA,NA,NA,NA
405,Crocus veluchensis,Iridaceae,Crocus,veluchensis,Monocots,perennial,Biotic,dry_dehiscent,5.08872,NoInfo,1,0,0,0,NoInfo,NoInfo,NoInfo,NoInfo,NoInfo,NoInfo,NoInfo,NoInfo,NoInfo,NoInfo,0,NA,NA,NA,NA,NA,NA,NA,NA,NA,NA,NA,NA,NA,NA,NA,NA,NA,NA,NA,NA,NA,NA,NA,NA
406,Crucianella latifolia,Rubiaceae,Crucianella,latifolia,Lamiids,annual,Biotic,dry_dehiscent,0.7803,NoInfo,1,0,0,0,NoInfo,NoInfo,NoInfo,NoInfo,NoInfo,NoInfo,NoInfo,NoInfo,NoInfo,NoInfo,1,0,NA,NA,NA,NA,NA,NA,NA,NA,NA,NA,NA,NA,NA,NA,NA,NA,NA,NA,NA,NA,0,NA,0
407,Crucianella maritima,Rubiaceae,Crucianella,maritima,Lamiids,perennial,Biotic,dry_dehiscent,1.872,NoInfo,1,0,0,0,NoInfo,NoInfo,NoInfo,NoInfo,NoInfo,NoInfo,NoInfo,NoInfo,NoInfo,NoInfo,1,1,-0.01416512,0.410053687,-1.723120731,14.47406312,1.244450745,0.776337781,18.33656057,10.61156566,31.67053413,-2.72240789,34.39294202,7.724994911,3.542789318,5.886008281,7.718912594,8.136846209,1.922569741,8.922320417,15.38813368,5,1,1,1
408,Cruciata glabra,Rubiaceae,Cruciata,glabra,Lamiids,perennial,Biotic,dry_indehiscent,1.43,NoInfo,2,0,1,0,NoInfo,NoInfo,NoInfo,NoInfo,NoInfo,NoInfo,NoInfo,NoInfo,NoInfo,NoInfo,0,NA,NA,NA,NA,NA,NA,NA,NA,NA,NA,NA,NA,NA,NA,NA,NA,NA,NA,NA,NA,NA,NA,NA,NA
409,Cruciata taurica,Rubiaceae,Cruciata,taurica,Lamiids,perennial,Biotic,dry_dehiscent,9.736311111,NoInfo,1,0,0,0,NoInfo,NoInfo,NoInfo,NoInfo,NoInfo,NoInfo,NoInfo,NoInfo,NoInfo,NoInfo,0,NA,NA,NA,NA,NA,NA,NA,NA,NA,NA,NA,NA,NA,NA,NA,NA,NA,NA,NA,NA,NA,NA,NA,NA
410,Cuscuta palaestina,Convolvulaceae,Cuscuta,palaestina,Lamiids,annual,Biotic,fleshy,1.431505227,NoInfo,1,0,0,0,NoInfo,NoInfo,NoInfo,NoInfo,NoInfo,NoInfo,NoInfo,NoInfo,NoInfo,NoInfo,0,NA,NA,NA,NA,NA,NA,NA,NA,NA,NA,NA,NA,NA,NA,NA,NA,NA,NA,NA,NA,NA,NA,NA,NA
411,Cutandia maritima,Poaceae,Cutandia,maritima,Commelinid-monocots,annual,Abiotic,dry_indehiscent,1.001866667,NoInfo,2,0,0,0,NoInfo,NoInfo,NoInfo,NoInfo,NoInfo,NoInfo,NoInfo,NoInfo,NoInfo,NoInfo,0,NA,NA,NA,NA,NA,NA,NA,NA,NA,NA,NA,NA,NA,NA,NA,NA,NA,NA,NA,NA,NA,NA,NA,NA
412,Cyclamen cilicium,Primulaceae,Cyclamen,cilicium,Asterids,perennial,Biotic,fleshy,7.271048095,PD,1,0,0,1,0,1,0,0,0,0,0,1,0,0,0,NA,NA,NA,NA,NA,NA,NA,NA,NA,NA,NA,NA,NA,NA,NA,NA,NA,NA,NA,NA,NA,NA,NA,NA
413,Cyclamen persicum,Primulaceae,Cyclamen,persicum,Asterids,perennial,Biotic,fleshy,8.295,PD,1,0,0,1,0,1,0,0,0,0,0,1,1,0,0,NA,NA,NA,NA,NA,NA,NA,NA,NA,NA,NA,NA,NA,NA,NA,NA,NA,NA,NA,NA,NA,NA,NA,NA
414,Cyclamen purpurascens,Primulaceae,Cyclamen,purpurascens,Asterids,perennial,Biotic,dry_dehiscent,4.6,PD,1,0,0,1,0,0,0,0,0,0,1,1,0,0,0,NA,NA,NA,NA,NA,NA,NA,NA,NA,NA,NA,NA,NA,NA,NA,NA,NA,NA,NA,NA,NA,NA,NA,NA
415,Cynanchica aristata,Rubiaceae,Cynanchica,aristata,Lamiids,perennial,Biotic,dry_dehiscent,0.820333333,NoInfo,2,0,1,0,NoInfo,NoInfo,NoInfo,NoInfo,NoInfo,NoInfo,NoInfo,NoInfo,NoInfo,NoInfo,0,NA,NA,NA,NA,NA,NA,NA,NA,NA,NA,NA,NA,NA,NA,NA,NA,NA,NA,NA,NA,NA,NA,NA,NA
416,Cynanchica idaea,Rubiaceae,Cynanchica,idaea,Lamiids,perennial,Biotic,dry_dehiscent,0.902693333,NoInfo,1,0,0,0,NoInfo,NoInfo,NoInfo,NoInfo,NoInfo,NoInfo,NoInfo,NoInfo,NoInfo,NoInfo,0,NA,NA,NA,NA,NA,NA,NA,NA,NA,NA,NA,NA,NA,NA,NA,NA,NA,NA,NA,NA,NA,NA,NA,NA
417,Cynanchica oetaea,Rubiaceae,Cynanchica,oetaea,Lamiids,perennial,Biotic,dry_dehiscent,0.902693333,NoInfo,1,0,0,0,NoInfo,NoInfo,NoInfo,NoInfo,NoInfo,NoInfo,NoInfo,NoInfo,NoInfo,NoInfo,0,NA,NA,NA,NA,NA,NA,NA,NA,NA,NA,NA,NA,NA,NA,NA,NA,NA,NA,NA,NA,NA,NA,NA,NA
418,Cynanchica pyrenaica,Rubiaceae,Cynanchica,pyrenaica,Lamiids,perennial,Biotic,dry_dehiscent,0.827733333,NoInfo,2,0,1,0,NoInfo,NoInfo,NoInfo,NoInfo,NoInfo,NoInfo,NoInfo,NoInfo,NoInfo,NoInfo,0,NA,NA,NA,NA,NA,NA,NA,NA,NA,NA,NA,NA,NA,NA,NA,NA,NA,NA,NA,NA,NA,NA,NA,NA
419,Cynanchum acutum,Apocynaceae,Cynanchum,acutum,Lamiids,perennial,Biotic,dry_dehiscent,4.90375,NoInfo,1,0,0,1,0,0,0,0,0,0,1,1,0,0,0,NA,NA,NA,NA,NA,NA,NA,NA,NA,NA,NA,NA,NA,NA,NA,NA,NA,NA,NA,NA,NA,NA,NA,NA
420,Cynara cardunculus,Asteraceae,Cynara,cardunculus,Campanulids,perennial,Biotic,dry_indehiscent,34.025,NoInfo,1,0,0,1,1,1,0,1,1,0,1,1,0,0,0,NA,NA,NA,NA,NA,NA,NA,NA,NA,NA,NA,NA,NA,NA,NA,NA,NA,NA,NA,NA,NA,NA,NA,NA
421,Cynodon dactylon,Poaceae,Cynodon,dactylon,Commelinid-monocots,perennial,Abiotic,dry_indehiscent,0.208121512,PD,6,0,0,1,1,1,0,0,1,0,1,1,1,1,1,0,NA,NA,NA,NA,NA,NA,NA,NA,NA,NA,NA,NA,NA,NA,NA,NA,NA,NA,NA,NA,0,NA,0
422,Cynoglossum montanum,Boraginaceae,Cynoglossum,montanum,Lamiids,perennial,Biotic,fleshy,18.2322,NoInfo,1,0,0,0,NoInfo,NoInfo,NoInfo,NoInfo,NoInfo,NoInfo,NoInfo,NoInfo,NoInfo,NoInfo,0,NA,NA,NA,NA,NA,NA,NA,NA,NA,NA,NA,NA,NA,NA,NA,NA,NA,NA,NA,NA,NA,NA,NA,NA
423,Cynoglottis chetikiana,Boraginaceae,Cynoglottis,chetikiana,Lamiids,perennial,Biotic,fleshy,6.691163461,NoInfo,1,0,0,0,NoInfo,NoInfo,NoInfo,NoInfo,NoInfo,NoInfo,NoInfo,NoInfo,NoInfo,NoInfo,0,NA,NA,NA,NA,NA,NA,NA,NA,NA,NA,NA,NA,NA,NA,NA,NA,NA,NA,NA,NA,NA,NA,NA,NA
424,Cynosurus cristatus,Poaceae,Cynosurus,cristatus,Commelinid-monocots,perennial,Abiotic,dry_indehiscent,0.520136842,NoInfo,2,0,1,1,1,1,0,0,0,0,1,0,0,0,1,1,-0.003122412,0.149588911,1.82618329,23.95406349,3.617814424,0.973860346,42.74988157,5.15824542,69.79794638,-21.88981939,91.68776577,37.59163615,62.24152935,28.65429652,38.45153781,6.340037988,17.86843606,90.07235614,41.95604432,14,1,1,1
425,Cynosurus echinatus,Poaceae,Cynosurus,echinatus,Commelinid-monocots,annual,Abiotic,dry_indehiscent,1.5556,NoInfo,2,0,0,0,NoInfo,NoInfo,NoInfo,NoInfo,NoInfo,NoInfo,NoInfo,NoInfo,NoInfo,NoInfo,1,1,-0.033793278,1.134958733,-6.212439088,16.7926701,3.317054703,0.965009276,22.00455672,11.58078349,30.40472882,3.180611384,27.22411744,10.42377324,2.536300832,1.020501291,0.959050817,1.423856819,1.036247942,3.263931739,1.26453716,7,1,1,1
426,Cyperus capitatus,Cyperaceae,Cyperus,capitatus,Commelinid-monocots,perennial,Biotic,dry_indehiscent,2.0794,NoInfo,3,0,0,0,NoInfo,NoInfo,NoInfo,NoInfo,NoInfo,NoInfo,NoInfo,NoInfo,NoInfo,NoInfo,1,1,-0.800660398,31.23869748,-315.3051731,19.50808205,-10.60163628,2.48746546828462e-05,19.76119327,19.25497084,NA,NA,NA,0.506222429,NA,NA,1279.45624,3991.781175,1356.167588,NA,5271.232145,5,1,1,1
427,Cytisophyllum sessilifolium,Fabaceae,Cytisophyllum,sessilifolium,Fabids,perennial,Biotic,dry_dehiscent,14.62125,PY(PD),2,0,0,0,NoInfo,NoInfo,NoInfo,NoInfo,NoInfo,NoInfo,NoInfo,NoInfo,NoInfo,NoInfo,0,NA,NA,NA,NA,NA,NA,NA,NA,NA,NA,NA,NA,NA,NA,NA,NA,NA,NA,NA,NA,NA,NA,NA,NA
428,Cytisus balansae,Fabaceae,Cytisus,balansae,Fabids,perennial,Biotic,dry_dehiscent,7.685975464,PY(PD),1,0,0,0,NoInfo,NoInfo,NoInfo,NoInfo,NoInfo,NoInfo,NoInfo,NoInfo,NoInfo,NoInfo,0,NA,NA,NA,NA,NA,NA,NA,NA,NA,NA,NA,NA,NA,NA,NA,NA,NA,NA,NA,NA,NA,NA,NA,NA
429,Cytisus multiflorus,Fabaceae,Cytisus,multiflorus,Fabids,perennial,Biotic,dry_dehiscent,5.083333333,PY(PD),1,0,0,0,0,1,0,0,0,0,0,0,0,0,0,NA,NA,NA,NA,NA,NA,NA,NA,NA,NA,NA,NA,NA,NA,NA,NA,NA,NA,NA,NA,NA,NA,NA,NA
430,Cytisus scoparius,Fabaceae,Cytisus,scoparius,Fabids,perennial,Biotic,dry_dehiscent,8.932947105,PY(PD),1,0,0,1,0,1,0,0,1,0,1,1,1,0,1,1,-0.065516724,2.386126528,-18.13462327,18.21005687,3.591126618,0.973172311,22.28105434,14.13905939,28.1977572,8.222356539,19.97540066,8.141994954,NA,NA,NA,NA,NA,NA,NA,4,1,0,0
431,Cytisus striatus,Fabaceae,Cytisus,striatus,Fabids,perennial,Biotic,dry_dehiscent,6.384777778,PY(PD),1,0,0,0,NoInfo,NoInfo,NoInfo,NoInfo,NoInfo,NoInfo,NoInfo,NoInfo,NoInfo,NoInfo,1,0,NA,NA,NA,NA,NA,NA,NA,NA,NA,NA,NA,NA,NA,NA,NA,NA,NA,NA,NA,NA,0,NA,0
432,Dactylis glomerata,Poaceae,Dactylis,glomerata,Commelinid-monocots,perennial,Biotic,dry_indehiscent,0.85594252,PD,27,0,1,1,1,1,0,0,0,0,0,1,1,0,1,1,-0.033204691,1.282562209,-9.622995146,19.31296683,2.762045554,0.940590044,23.68400441,14.94192924,32.42242064,6.203513016,26.21890762,8.742075171,1.083688999,0.731811336,0.808019814,0.597057646,0.4111622,1.656394257,1.158676091,27,1,1,1
433,Dactylis smithii,Poaceae,Dactylis,smithii,Commelinid-monocots,perennial,Biotic,dry_indehiscent,0.85594252,PD,1,0,0,0,NoInfo,NoInfo,NoInfo,NoInfo,NoInfo,NoInfo,NoInfo,NoInfo,NoInfo,NoInfo,0,NA,NA,NA,NA,NA,NA,NA,NA,NA,NA,NA,NA,NA,NA,NA,NA,NA,NA,NA,NA,NA,NA,NA,NA
434,Dactylorhiza elata,Orchidaceae,Dactylorhiza,elata,Monocots,perennial,Biotic,dry_dehiscent,0.005597333,NoInfo,1,0,0,0,0,1,0,0,0,0,0,0,0,0,0,NA,NA,NA,NA,NA,NA,NA,NA,NA,NA,NA,NA,NA,NA,NA,NA,NA,NA,NA,NA,NA,NA,NA,NA
435,Dactylorhiza majalis,Orchidaceae,Dactylorhiza,majalis,Monocots,perennial,Biotic,dry_dehiscent,0.0041,NoInfo,1,0,0,1,0,0,0,0,0,0,0,1,0,0,0,NA,NA,NA,NA,NA,NA,NA,NA,NA,NA,NA,NA,NA,NA,NA,NA,NA,NA,NA,NA,NA,NA,NA,NA
436,Danthonia decumbens,Poaceae,Danthonia,decumbens,Commelinid-monocots,perennial,Abiotic,dry_indehiscent,1.439375,PD,1,0,1,0,NoInfo,NoInfo,NoInfo,NoInfo,NoInfo,NoInfo,NoInfo,NoInfo,NoInfo,NoInfo,0,NA,NA,NA,NA,NA,NA,NA,NA,NA,NA,NA,NA,NA,NA,NA,NA,NA,NA,NA,NA,NA,NA,NA,NA
437,Daphne blagayana,Thymelaeaceae,Daphne,blagayana,Malvids,perennial,Biotic,fleshy,59.93599187,PD,1,0,0,0,0,1,0,0,0,0,0,0,0,0,0,NA,NA,NA,NA,NA,NA,NA,NA,NA,NA,NA,NA,NA,NA,NA,NA,NA,NA,NA,NA,NA,NA,NA,NA
438,Daphne gnidium,Thymelaeaceae,Daphne,gnidium,Malvids,perennial,Biotic,fleshy,6.6892,PD,5,0,0,1,0,0,0,0,0,0,1,1,1,0,0,NA,NA,NA,NA,NA,NA,NA,NA,NA,NA,NA,NA,NA,NA,NA,NA,NA,NA,NA,NA,NA,NA,NA,NA
439,Daphne laureola,Thymelaeaceae,Daphne,laureola,Malvids,perennial,Biotic,fleshy,35.6,PD,1,0,0,1,0,1,0,0,0,0,1,1,1,0,0,NA,NA,NA,NA,NA,NA,NA,NA,NA,NA,NA,NA,NA,NA,NA,NA,NA,NA,NA,NA,NA,NA,NA,NA
440,Daphne mezereum,Thymelaeaceae,Daphne,mezereum,Malvids,perennial,Biotic,fleshy,80.91428571,PD,1,0,1,1,0,1,0,0,0,0,0,1,1,0,0,NA,NA,NA,NA,NA,NA,NA,NA,NA,NA,NA,NA,NA,NA,NA,NA,NA,NA,NA,NA,NA,NA,NA,NA
441,Daphne oleoides,Thymelaeaceae,Daphne,oleoides,Malvids,perennial,Biotic,fleshy,10.23236667,PD,5,0,0,1,0,0,0,0,0,0,1,1,0,0,0,NA,NA,NA,NA,NA,NA,NA,NA,NA,NA,NA,NA,NA,NA,NA,NA,NA,NA,NA,NA,NA,NA,NA,NA
442,Dasypyrum villosum,Poaceae,Dasypyrum,villosum,Commelinid-monocots,annual,Abiotic,dry_indehiscent,6.992727273,NoInfo,1,0,0,1,1,0,0,1,0,0,0,0,0,0,1,0,NA,NA,NA,NA,NA,NA,NA,NA,NA,NA,NA,NA,NA,NA,NA,NA,NA,NA,NA,NA,0,NA,0
443,Daucus carota,Apiaceae,Daucus,carota,Campanulids,perennial,Biotic,dry_indehiscent,1.028713618,M(P)D,9,0,1,1,1,0,0,1,1,0,1,1,1,0,1,1,-0.014992753,0.481430519,-1.80212273,16.05544102,2.062666922,0.887221297,21.10972343,11.00115861,34.33024373,-2.219361692,36.54960542,10.10856482,4.196886952,2.626097616,2.587607476,2.600974291,1.553442078,6.274373945,4.155578211,6,1,1,1
444,Daucus edulis,Apiaceae,Daucus,edulis,Campanulids,perennial,Biotic,dry_indehiscent,2.822640731,M(P)D,1,1,0,0,NoInfo,NoInfo,NoInfo,NoInfo,NoInfo,NoInfo,NoInfo,NoInfo,NoInfo,NoInfo,0,NA,NA,NA,NA,NA,NA,NA,NA,NA,NA,NA,NA,NA,NA,NA,NA,NA,NA,NA,NA,NA,NA,NA,NA
445,Daucus pumilus,Apiaceae,Daucus,pumilus,Campanulids,annual,Biotic,dry_indehiscent,2.822640731,M(P)D,1,0,0,1,0,0,0,1,0,0,0,0,0,0,0,NA,NA,NA,NA,NA,NA,NA,NA,NA,NA,NA,NA,NA,NA,NA,NA,NA,NA,NA,NA,NA,NA,NA,NA
446,Deschampsia cespitosa,Poaceae,Deschampsia,cespitosa,Commelinid-monocots,perennial,Abiotic,dry_indehiscent,0.256593066,PD,3,0,1,1,1,1,0,0,0,0,1,1,0,0,0,NA,NA,NA,NA,NA,NA,NA,NA,NA,NA,NA,NA,NA,NA,NA,NA,NA,NA,NA,NA,NA,NA,NA,NA
447,Deschampsia media,Poaceae,Deschampsia,media,Commelinid-monocots,perennial,Abiotic,dry_indehiscent,0.136666667,PD,1,0,0,0,NoInfo,NoInfo,NoInfo,NoInfo,NoInfo,NoInfo,NoInfo,NoInfo,NoInfo,NoInfo,0,NA,NA,NA,NA,NA,NA,NA,NA,NA,NA,NA,NA,NA,NA,NA,NA,NA,NA,NA,NA,NA,NA,NA,NA
448,Dianthus biflorus,Caryophyllaceae,Dianthus,biflorus,Caryophyllales,perennial,Biotic,dry_dehiscent,0.902090674,NoInfo,1,0,0,0,NoInfo,NoInfo,NoInfo,NoInfo,NoInfo,NoInfo,NoInfo,NoInfo,NoInfo,NoInfo,0,NA,NA,NA,NA,NA,NA,NA,NA,NA,NA,NA,NA,NA,NA,NA,NA,NA,NA,NA,NA,NA,NA,NA,NA
449,Dianthus crinitus,Caryophyllaceae,Dianthus,crinitus,Caryophyllales,perennial,Biotic,dry_dehiscent,0.947,NoInfo,1,0,0,0,NoInfo,NoInfo,NoInfo,NoInfo,NoInfo,NoInfo,NoInfo,NoInfo,NoInfo,NoInfo,0,NA,NA,NA,NA,NA,NA,NA,NA,NA,NA,NA,NA,NA,NA,NA,NA,NA,NA,NA,NA,NA,NA,NA,NA
450,Dianthus langeanus,Caryophyllaceae,Dianthus,langeanus,Caryophyllales,perennial,Biotic,dry_dehiscent,0.8492,NoInfo,1,0,0,0,NoInfo,NoInfo,NoInfo,NoInfo,NoInfo,NoInfo,NoInfo,NoInfo,NoInfo,NoInfo,0,NA,NA,NA,NA,NA,NA,NA,NA,NA,NA,NA,NA,NA,NA,NA,NA,NA,NA,NA,NA,NA,NA,NA,NA
451,Dianthus nudiflorus,Caryophyllaceae,Dianthus,nudiflorus,Caryophyllales,annual,Biotic,dry_dehiscent,0.302,NoInfo,1,0,0,0,NoInfo,NoInfo,NoInfo,NoInfo,NoInfo,NoInfo,NoInfo,NoInfo,NoInfo,NoInfo,1,0,NA,NA,NA,NA,NA,NA,NA,NA,NA,NA,NA,NA,NA,NA,NA,NA,NA,NA,NA,NA,0,NA,0
452,Dianthus pungens,Caryophyllaceae,Dianthus,pungens,Caryophyllales,perennial,Biotic,dry_dehiscent,1.0248,NoInfo,1,0,0,0,NoInfo,NoInfo,NoInfo,NoInfo,NoInfo,NoInfo,NoInfo,NoInfo,NoInfo,NoInfo,0,NA,NA,NA,NA,NA,NA,NA,NA,NA,NA,NA,NA,NA,NA,NA,NA,NA,NA,NA,NA,NA,NA,NA,NA
453,Dianthus recticaulis,Caryophyllaceae,Dianthus,recticaulis,Caryophyllales,perennial,Biotic,dry_dehiscent,0.0788,NoInfo,1,0,0,0,NoInfo,NoInfo,NoInfo,NoInfo,NoInfo,NoInfo,NoInfo,NoInfo,NoInfo,NoInfo,0,NA,NA,NA,NA,NA,NA,NA,NA,NA,NA,NA,NA,NA,NA,NA,NA,NA,NA,NA,NA,NA,NA,NA,NA
454,Dianthus sylvestris,Caryophyllaceae,Dianthus,sylvestris,Caryophyllales,perennial,Biotic,dry_dehiscent,0.514666667,NoInfo,3,0,1,0,NoInfo,NoInfo,NoInfo,NoInfo,NoInfo,NoInfo,NoInfo,NoInfo,NoInfo,NoInfo,1,1,0.099922425,-4.820874416,55.76190651,24.12308565,-2.385276712,0.084302333,NA,NA,NA,NA,NA,NA,NA,NA,NA,NA,NA,NA,NA,6,0,1,0
455,Dianthus tymphresteus,Caryophyllaceae,Dianthus,tymphresteus,Caryophyllales,perennial,Biotic,dry_dehiscent,0.902090674,NoInfo,1,0,0,0,NoInfo,NoInfo,NoInfo,NoInfo,NoInfo,NoInfo,NoInfo,NoInfo,NoInfo,NoInfo,0,NA,NA,NA,NA,NA,NA,NA,NA,NA,NA,NA,NA,NA,NA,NA,NA,NA,NA,NA,NA,NA,NA,NA,NA
456,Dianthus viscidus,Caryophyllaceae,Dianthus,viscidus,Caryophyllales,perennial,Biotic,dry_dehiscent,0.902090674,NoInfo,1,0,0,0,NoInfo,NoInfo,NoInfo,NoInfo,NoInfo,NoInfo,NoInfo,NoInfo,NoInfo,NoInfo,0,NA,NA,NA,NA,NA,NA,NA,NA,NA,NA,NA,NA,NA,NA,NA,NA,NA,NA,NA,NA,NA,NA,NA,NA
457,Dianthus zonatus,Caryophyllaceae,Dianthus,zonatus,Caryophyllales,perennial,Biotic,dry_dehiscent,0.902090674,NoInfo,1,0,0,0,NoInfo,NoInfo,NoInfo,NoInfo,NoInfo,NoInfo,NoInfo,NoInfo,NoInfo,NoInfo,0,NA,NA,NA,NA,NA,NA,NA,NA,NA,NA,NA,NA,NA,NA,NA,NA,NA,NA,NA,NA,NA,NA,NA,NA
458,Digitalis cariensis,Plantaginaceae,Digitalis,cariensis,Lamiids,perennial,Biotic,fleshy,0.249815802,PD,1,0,0,0,NoInfo,NoInfo,NoInfo,NoInfo,NoInfo,NoInfo,NoInfo,NoInfo,NoInfo,NoInfo,0,NA,NA,NA,NA,NA,NA,NA,NA,NA,NA,NA,NA,NA,NA,NA,NA,NA,NA,NA,NA,NA,NA,NA,NA
459,Digitalis laevigata,Plantaginaceae,Digitalis,laevigata,Lamiids,perennial,Biotic,fleshy,0.249815802,PD,1,0,0,0,NoInfo,NoInfo,NoInfo,NoInfo,NoInfo,NoInfo,NoInfo,NoInfo,NoInfo,NoInfo,1,0,NA,NA,NA,NA,NA,NA,NA,NA,NA,NA,NA,NA,NA,NA,NA,NA,NA,NA,NA,NA,0,NA,0
460,Digitalis purpurea,Plantaginaceae,Digitalis,purpurea,Lamiids,perennial,Biotic,dry_dehiscent,0.086264822,PD,1,0,0,1,0,1,0,0,0,0,1,1,1,0,1,1,0.005550921,-0.230557542,5.375942569,20.76750213,2.98189045,0.95174926,NA,NA,NA,NA,NA,NA,NA,NA,NA,NA,5.27456456,NA,NA,8,0,1,0
461,Dioscorea communis,Dioscoreaceae,Dioscorea,communis,Monocots,perennial,Biotic,fleshy,17.67827273,PD,4,0,0,1,0,0,0,0,1,0,0,1,1,0,1,0,NA,NA,NA,NA,NA,NA,NA,NA,NA,NA,NA,NA,NA,NA,NA,NA,NA,NA,NA,NA,0,NA,0
462,Diplotaxis virgata,Brassicaceae,Diplotaxis,virgata,Malvids,annual,Biotic,dry_dehiscent,0.217076923,PD,1,0,0,1,1,0,0,1,0,0,0,0,0,0,0,NA,NA,NA,NA,NA,NA,NA,NA,NA,NA,NA,NA,NA,NA,NA,NA,NA,NA,NA,NA,NA,NA,NA,NA
463,Dittrichia viscosa,Asteraceae,Dittrichia,viscosa,Campanulids,perennial,Biotic,dry_indehiscent,0.442023077,NoInfo,5,0,0,1,0,0,0,0,0,0,1,1,0,0,1,0,NA,NA,NA,NA,NA,NA,NA,NA,NA,NA,NA,NA,NA,NA,NA,NA,NA,NA,NA,NA,0,NA,0
464,Doronicum caucasicum,Asteraceae,Doronicum,caucasicum,Campanulids,perennial,Biotic,dry_indehiscent,0.9129,NoInfo,2,0,0,0,NoInfo,NoInfo,NoInfo,NoInfo,NoInfo,NoInfo,NoInfo,NoInfo,NoInfo,NoInfo,0,NA,NA,NA,NA,NA,NA,NA,NA,NA,NA,NA,NA,NA,NA,NA,NA,NA,NA,NA,NA,NA,NA,NA,NA
465,Doronicum columnae,Asteraceae,Doronicum,columnae,Campanulids,perennial,Biotic,dry_indehiscent,0.629244444,NoInfo,2,0,1,0,NoInfo,NoInfo,NoInfo,NoInfo,NoInfo,NoInfo,NoInfo,NoInfo,NoInfo,NoInfo,0,NA,NA,NA,NA,NA,NA,NA,NA,NA,NA,NA,NA,NA,NA,NA,NA,NA,NA,NA,NA,NA,NA,NA,NA
466,Draba dedeana,Brassicaceae,Draba,dedeana,Malvids,perennial,Biotic,dry_dehiscent,0.150382554,PD,1,0,0,0,NoInfo,NoInfo,NoInfo,NoInfo,NoInfo,NoInfo,NoInfo,NoInfo,NoInfo,NoInfo,0,NA,NA,NA,NA,NA,NA,NA,NA,NA,NA,NA,NA,NA,NA,NA,NA,NA,NA,NA,NA,NA,NA,NA,NA
467,Draba muralis,Brassicaceae,Draba,muralis,Malvids,perennial,Biotic,dry_dehiscent,0.058011111,PD,1,0,0,1,0,0,0,0,0,0,0,1,0,0,0,NA,NA,NA,NA,NA,NA,NA,NA,NA,NA,NA,NA,NA,NA,NA,NA,NA,NA,NA,NA,NA,NA,NA,NA
468,Draba verna,Brassicaceae,Draba,verna,Malvids,annual,Biotic,dry_dehiscent,0.024932258,PD,1,0,0,1,0,0,0,0,0,0,0,1,0,0,0,NA,NA,NA,NA,NA,NA,NA,NA,NA,NA,NA,NA,NA,NA,NA,NA,NA,NA,NA,NA,NA,NA,NA,NA
469,Drimia maritima,Asparagaceae,Drimia,maritima,Monocots,perennial,Biotic,fleshy,7.285,M(P)D,3,0,0,1,1,1,0,0,1,0,1,1,1,1,1,1,-0.018244953,0.495000069,-2.288423188,13.56539692,1.06901302,0.744409174,16.76895298,10.36184086,28.39698508,-1.266191232,29.66317631,6.407112125,3.850079017,19.83164062,4.796780026,16.8767247,8.702492693,22.65613912,17.68424028,4,1,0,0
470,Drimia pancration,Asparagaceae,Drimia,pancration,Monocots,perennial,Biotic,fleshy,2.324433333,M(P)D,1,0,0,0,NoInfo,NoInfo,NoInfo,NoInfo,NoInfo,NoInfo,NoInfo,NoInfo,NoInfo,NoInfo,0,NA,NA,NA,NA,NA,NA,NA,NA,NA,NA,NA,NA,NA,NA,NA,NA,NA,NA,NA,NA,NA,NA,NA,NA
471,Drymocallis corsica,Rosaceae,Drymocallis,corsica,Fabids,perennial,Biotic,fleshy,0.197280586,NoInfo,1,0,0,0,NoInfo,NoInfo,NoInfo,NoInfo,NoInfo,NoInfo,NoInfo,NoInfo,NoInfo,NoInfo,0,NA,NA,NA,NA,NA,NA,NA,NA,NA,NA,NA,NA,NA,NA,NA,NA,NA,NA,NA,NA,NA,NA,NA,NA
472,Echinophora spinosa,Apiaceae,Echinophora,spinosa,Campanulids,perennial,Biotic,dry_indehiscent,5.977096606,NoInfo,2,0,0,0,NoInfo,NoInfo,NoInfo,NoInfo,NoInfo,NoInfo,NoInfo,NoInfo,NoInfo,NoInfo,1,1,-0.015919275,0.635825057,-8.459329169,19.97028915,-2.110524052,0.108078139,21.86805872,18.07251958,27.20796667,12.73261163,14.47535504,3.795539136,3.118687878,1.823589728,5.399400182,5.93431472,1.978710268,3.231440833,10.63381633,5,1,1,1
473,Echinops ossicus,Asteraceae,Echinops,ossicus,Campanulids,perennial,Biotic,dry_indehiscent,15.843,NoInfo,1,0,0,0,NoInfo,NoInfo,NoInfo,NoInfo,NoInfo,NoInfo,NoInfo,NoInfo,NoInfo,NoInfo,0,NA,NA,NA,NA,NA,NA,NA,NA,NA,NA,NA,NA,NA,NA,NA,NA,NA,NA,NA,NA,NA,NA,NA,NA
474,Echinops ritro,Asteraceae,Echinops,ritro,Campanulids,perennial,Biotic,dry_indehiscent,22.21427143,NoInfo,1,0,0,1,0,1,0,0,0,0,0,1,0,0,1,0,NA,NA,NA,NA,NA,NA,NA,NA,NA,NA,NA,NA,NA,NA,NA,NA,NA,NA,NA,NA,0,NA,0
475,Echinospartum horridum,Fabaceae,Echinospartum,horridum,Fabids,perennial,Biotic,dry_dehiscent,7.195,PY(PD),1,0,0,0,NoInfo,NoInfo,NoInfo,NoInfo,NoInfo,NoInfo,NoInfo,NoInfo,NoInfo,NoInfo,0,NA,NA,NA,NA,NA,NA,NA,NA,NA,NA,NA,NA,NA,NA,NA,NA,NA,NA,NA,NA,NA,NA,NA,NA
476,Echinospartum lusitanicum,Fabaceae,Echinospartum,lusitanicum,Fabids,perennial,Biotic,dry_dehiscent,7.195,PY(PD),1,0,0,0,NoInfo,NoInfo,NoInfo,NoInfo,NoInfo,NoInfo,NoInfo,NoInfo,NoInfo,NoInfo,0,NA,NA,NA,NA,NA,NA,NA,NA,NA,NA,NA,NA,NA,NA,NA,NA,NA,NA,NA,NA,NA,NA,NA,NA
477,Echium humile,Boraginaceae,Echium,humile,Lamiids,perennial,Biotic,dry_indehiscent,4.32076,NoInfo,1,0,0,0,NoInfo,NoInfo,NoInfo,NoInfo,NoInfo,NoInfo,NoInfo,NoInfo,NoInfo,NoInfo,0,NA,NA,NA,NA,NA,NA,NA,NA,NA,NA,NA,NA,NA,NA,NA,NA,NA,NA,NA,NA,NA,NA,NA,NA
478,Echium plantagineum,Boraginaceae,Echium,plantagineum,Lamiids,perennial,Biotic,dry_indehiscent,4.06245,NoInfo,1,0,0,1,0,1,0,0,1,1,0,1,1,0,1,1,-0.008069873,0.302458453,-3.452449876,18.73997676,-0.618417686,0.350141409,21.84646854,15.63348497,35.71746747,1.762486045,33.95498142,6.212983565,5.40486918,3.593791715,8.044054215,8.165042603,1.868210193,8.384215061,15.7730346,6,1,1,1
479,Echium salmanticum,Boraginaceae,Echium,salmanticum,Lamiids,perennial,Biotic,fleshy,5.726407213,NoInfo,1,0,0,0,NoInfo,NoInfo,NoInfo,NoInfo,NoInfo,NoInfo,NoInfo,NoInfo,NoInfo,NoInfo,0,NA,NA,NA,NA,NA,NA,NA,NA,NA,NA,NA,NA,NA,NA,NA,NA,NA,NA,NA,NA,NA,NA,NA,NA
480,Edraianthus tenuifolius,Campanulaceae,Edraianthus,tenuifolius,Campanulids,perennial,Biotic,fleshy,0.3896,NoInfo,1,0,0,0,NoInfo,NoInfo,NoInfo,NoInfo,NoInfo,NoInfo,NoInfo,NoInfo,NoInfo,NoInfo,0,NA,NA,NA,NA,NA,NA,NA,NA,NA,NA,NA,NA,NA,NA,NA,NA,NA,NA,NA,NA,NA,NA,NA,NA
481,Elymus repens,Poaceae,Elymus,repens,Commelinid-monocots,perennial,Abiotic,dry_indehiscent,2.695713256,PD,3,0,1,1,1,0,0,1,1,0,1,1,0,0,1,1,0.104072126,-4.065194486,40.54535469,19.53065936,0.84739032,0.700019416,NA,NA,NA,NA,NA,NA,NA,NA,NA,NA,NA,NA,NA,6,0,0,0
482,Epilobium lanceolatum,Onagraceae,Epilobium,lanceolatum,Malvids,perennial,Biotic,dry_dehiscent,0.098336364,ND,1,0,0,0,NoInfo,NoInfo,NoInfo,NoInfo,NoInfo,NoInfo,NoInfo,NoInfo,NoInfo,NoInfo,0,NA,NA,NA,NA,NA,NA,NA,NA,NA,NA,NA,NA,NA,NA,NA,NA,NA,NA,NA,NA,NA,NA,NA,NA
483,Epilobium montanum,Onagraceae,Epilobium,montanum,Malvids,perennial,Biotic,dry_dehiscent,0.11334,ND,1,0,0,0,NoInfo,NoInfo,NoInfo,NoInfo,NoInfo,NoInfo,NoInfo,NoInfo,NoInfo,NoInfo,0,NA,NA,NA,NA,NA,NA,NA,NA,NA,NA,NA,NA,NA,NA,NA,NA,NA,NA,NA,NA,NA,NA,NA,NA
484,Epilobium nutans,Onagraceae,Epilobium,nutans,Malvids,perennial,Biotic,dry_dehiscent,0.075,ND,1,0,0,0,NoInfo,NoInfo,NoInfo,NoInfo,NoInfo,NoInfo,NoInfo,NoInfo,NoInfo,NoInfo,0,NA,NA,NA,NA,NA,NA,NA,NA,NA,NA,NA,NA,NA,NA,NA,NA,NA,NA,NA,NA,NA,NA,NA,NA
485,Epipactis atrorubens,Orchidaceae,Epipactis,atrorubens,Monocots,perennial,Biotic,dry_dehiscent,0.01,NoInfo,1,0,0,0,NoInfo,NoInfo,NoInfo,NoInfo,NoInfo,NoInfo,NoInfo,NoInfo,NoInfo,NoInfo,0,NA,NA,NA,NA,NA,NA,NA,NA,NA,NA,NA,NA,NA,NA,NA,NA,NA,NA,NA,NA,NA,NA,NA,NA
486,Epipactis helleborine,Orchidaceae,Epipactis,helleborine,Monocots,perennial,Biotic,dry_dehiscent,0.0076,NoInfo,1,0,0,1,0,0,0,0,0,0,0,1,0,0,0,NA,NA,NA,NA,NA,NA,NA,NA,NA,NA,NA,NA,NA,NA,NA,NA,NA,NA,NA,NA,NA,NA,NA,NA
487,Epipactis leptochila,Orchidaceae,Epipactis,leptochila,Monocots,perennial,Biotic,dry_dehiscent,0.005,NoInfo,1,0,0,0,NoInfo,NoInfo,NoInfo,NoInfo,NoInfo,NoInfo,NoInfo,NoInfo,NoInfo,NoInfo,0,NA,NA,NA,NA,NA,NA,NA,NA,NA,NA,NA,NA,NA,NA,NA,NA,NA,NA,NA,NA,NA,NA,NA,NA
488,Eranthis hyemalis,Ranunculaceae,Eranthis,hyemalis,Early EU,perennial,Biotic,dry_dehiscent,4.521,NoInfo,1,0,0,1,0,1,0,0,0,0,0,1,0,0,0,NA,NA,NA,NA,NA,NA,NA,NA,NA,NA,NA,NA,NA,NA,NA,NA,NA,NA,NA,NA,NA,NA,NA,NA
489,Erica arborea,Ericaceae,Erica,arborea,Asterids,woody,Biotic,dry_dehiscent,0.07,PD,7,0,0,1,0,1,1,0,0,0,1,1,0,0,1,1,0.063191321,-1.841552919,14.28800383,14.57124869,0.871141046,0.70498307,NA,NA,NA,NA,NA,NA,NA,NA,NA,NA,NA,NA,NA,3,0,0,0
490,Erica carnea,Ericaceae,Erica,carnea,Asterids,perennial,Biotic,dry_dehiscent,0.135384615,PD,2,0,0,1,0,0,0,0,0,0,0,1,0,0,0,NA,NA,NA,NA,NA,NA,NA,NA,NA,NA,NA,NA,NA,NA,NA,NA,NA,NA,NA,NA,NA,NA,NA,NA
491,Erica maderensis,Ericaceae,Erica,maderensis,Asterids,perennial,Biotic,dry_dehiscent,0.367017578,PD,1,0,0,0,NoInfo,NoInfo,NoInfo,NoInfo,NoInfo,NoInfo,NoInfo,NoInfo,NoInfo,NoInfo,0,NA,NA,NA,NA,NA,NA,NA,NA,NA,NA,NA,NA,NA,NA,NA,NA,NA,NA,NA,NA,NA,NA,NA,NA
492,Erica manipuliflora,Ericaceae,Erica,manipuliflora,Asterids,perennial,Biotic,dry_dehiscent,0.367017578,PD,1,0,0,0,NoInfo,NoInfo,NoInfo,NoInfo,NoInfo,NoInfo,NoInfo,NoInfo,NoInfo,NoInfo,0,NA,NA,NA,NA,NA,NA,NA,NA,NA,NA,NA,NA,NA,NA,NA,NA,NA,NA,NA,NA,NA,NA,NA,NA
493,Erica multiflora,Ericaceae,Erica,multiflora,Asterids,perennial,Biotic,dry_dehiscent,0.059167047,PD,1,0,0,1,0,1,0,0,0,1,1,1,0,0,1,0,NA,NA,NA,NA,NA,NA,NA,NA,NA,NA,NA,NA,NA,NA,NA,NA,NA,NA,NA,NA,0,NA,0
494,Erinacea anthyllis,Fabaceae,Erinacea,anthyllis,Fabids,perennial,Biotic,dry_dehiscent,11.799891,NoInfo,2,0,0,0,0,1,0,0,0,0,0,0,0,0,0,NA,NA,NA,NA,NA,NA,NA,NA,NA,NA,NA,NA,NA,NA,NA,NA,NA,NA,NA,NA,NA,NA,NA,NA
495,Eriophorum angustifolium,Cyperaceae,Eriophorum,angustifolium,Commelinid-monocots,perennial,Abiotic,dry_indehiscent,0.4756875,PD,1,0,0,1,0,0,0,0,0,0,1,1,0,0,1,0,NA,NA,NA,NA,NA,NA,NA,NA,NA,NA,NA,NA,NA,NA,NA,NA,NA,NA,NA,NA,0,NA,0
496,Eriophorum latifolium,Cyperaceae,Eriophorum,latifolium,Commelinid-monocots,perennial,Abiotic,dry_indehiscent,0.852317647,PD,1,0,0,0,NoInfo,NoInfo,NoInfo,NoInfo,NoInfo,NoInfo,NoInfo,NoInfo,NoInfo,NoInfo,1,1,-0.008500478,0.448798874,-5.245651626,26.3984478,0.678145204,0.6633246,30.53210797,22.26478763,47.04214866,5.754746933,41.28740173,8.26732034,NA,NA,NA,NA,NA,NA,NA,3,1,0,0
497,Erodium botrys,Geraniaceae,Erodium,botrys,Malvids,annual,Biotic,dry_indehiscent,7.349117403,PY(PD),1,0,0,0,NoInfo,NoInfo,NoInfo,NoInfo,NoInfo,NoInfo,NoInfo,NoInfo,NoInfo,NoInfo,0,NA,NA,NA,NA,NA,NA,NA,NA,NA,NA,NA,NA,NA,NA,NA,NA,NA,NA,NA,NA,NA,NA,NA,NA
498,Erodium cicutarium,Geraniaceae,Erodium,cicutarium,Malvids,perennial,Biotic,dry_indehiscent,1.780472,PY(PD),4,0,1,1,1,0,0,0,1,0,1,1,1,0,0,NA,NA,NA,NA,NA,NA,NA,NA,NA,NA,NA,NA,NA,NA,NA,NA,NA,NA,NA,NA,NA,NA,NA,NA
499,Erodium foetidum,Geraniaceae,Erodium,foetidum,Malvids,perennial,Biotic,dry_indehiscent,5.240744463,PY(PD),1,0,0,1,0,0,0,0,0,0,0,1,0,0,0,NA,NA,NA,NA,NA,NA,NA,NA,NA,NA,NA,NA,NA,NA,NA,NA,NA,NA,NA,NA,NA,NA,NA,NA
500,Erodium laciniatum,Geraniaceae,Erodium,laciniatum,Malvids,perennial,Biotic,dry_indehiscent,1.15265,PY(PD),1,0,0,1,1,0,0,0,0,0,0,0,0,0,0,NA,NA,NA,NA,NA,NA,NA,NA,NA,NA,NA,NA,NA,NA,NA,NA,NA,NA,NA,NA,NA,NA,NA,NA
501,Eruca vesicaria,Brassicaceae,Eruca,vesicaria,Malvids,annual,Biotic,dry_dehiscent,0.981866667,PD,1,0,0,1,1,0,1,1,1,0,1,1,1,0,0,NA,NA,NA,NA,NA,NA,NA,NA,NA,NA,NA,NA,NA,NA,NA,NA,NA,NA,NA,NA,NA,NA,NA,NA
502,Eryngium amethystinum,Apiaceae,Eryngium,amethystinum,Campanulids,perennial,Biotic,dry_indehiscent,2.208006772,M(P)D,3,0,1,1,0,0,0,0,0,0,0,1,0,0,0,NA,NA,NA,NA,NA,NA,NA,NA,NA,NA,NA,NA,NA,NA,NA,NA,NA,NA,NA,NA,NA,NA,NA,NA
503,Eryngium campestre,Apiaceae,Eryngium,campestre,Campanulids,perennial,Biotic,dry_indehiscent,1.735982353,M(P)D,10,0,1,1,0,0,0,0,0,0,0,1,0,0,1,1,-0.034767308,0.968890394,-6.371150667,13.93392875,0.379074193,0.59364979,15.80559962,12.06225788,23.71109878,4.156758726,19.55434005,3.743341732,NA,NA,NA,NA,NA,NA,NA,4,1,1,1
504,Eryngium maritimum,Apiaceae,Eryngium,maritimum,Campanulids,perennial,Biotic,dry_indehiscent,17.88679,M(P)D,4,0,0,1,0,0,0,0,1,0,0,1,0,0,1,1,-0.014079214,0.493776472,-8.239211583,17.53565538,-3.909864555,0.019649379,19.46291709,15.60839368,NA,NA,NA,3.854523414,NA,NA,NA,NA,NA,NA,NA,7,1,1,1
505,Erysimum bicolor,Brassicaceae,Erysimum,bicolor,Malvids,perennial,Biotic,dry_dehiscent,1.2493,NoInfo,1,0,0,0,NoInfo,NoInfo,NoInfo,NoInfo,NoInfo,NoInfo,NoInfo,NoInfo,NoInfo,NoInfo,0,NA,NA,NA,NA,NA,NA,NA,NA,NA,NA,NA,NA,NA,NA,NA,NA,NA,NA,NA,NA,NA,NA,NA,NA
506,Erysimum thyrsoideum,Brassicaceae,Erysimum,thyrsoideum,Malvids,perennial,Biotic,dry_dehiscent,1.108151177,NoInfo,1,0,0,0,NoInfo,NoInfo,NoInfo,NoInfo,NoInfo,NoInfo,NoInfo,NoInfo,NoInfo,NoInfo,0,NA,NA,NA,NA,NA,NA,NA,NA,NA,NA,NA,NA,NA,NA,NA,NA,NA,NA,NA,NA,NA,NA,NA,NA
507,Euonymus europaeus,Celastraceae,Euonymus,europaeus,Fabids,woody,Biotic,dry_dehiscent,39.91384605,M(P)D,2,0,0,1,0,1,0,0,0,0,1,1,1,0,0,NA,NA,NA,NA,NA,NA,NA,NA,NA,NA,NA,NA,NA,NA,NA,NA,NA,NA,NA,NA,NA,NA,NA,NA
508,Euphorbia acanthothamnos,Euphorbiaceae,Euphorbia,acanthothamnos,Fabids,perennial,Biotic,dry_dehiscent,9.617688642,PD,1,0,0,0,NoInfo,NoInfo,NoInfo,NoInfo,NoInfo,NoInfo,NoInfo,NoInfo,NoInfo,NoInfo,0,NA,NA,NA,NA,NA,NA,NA,NA,NA,NA,NA,NA,NA,NA,NA,NA,NA,NA,NA,NA,NA,NA,NA,NA
509,Euphorbia amygdaloides,Euphorbiaceae,Euphorbia,amygdaloides,Fabids,perennial,Biotic,dry_dehiscent,3.771709091,PD,3,0,0,1,0,1,0,0,0,0,0,1,0,0,1,1,-0.025156673,0.875864421,-7.935966058,17.40819293,-0.312357651,0.422539368,19.27026352,15.54612233,27.63695444,7.17943141,20.45752303,3.724141195,2.065163336,2.135959751,7.302820008,7.336798519,1.001867136,3.693168868,14.50188381,13,1,1,1
510,Euphorbia characias,Euphorbiaceae,Euphorbia,characias,Fabids,perennial,Biotic,dry_dehiscent,9.617688642,PD,3,0,0,0,0,1,0,0,0,0,0,0,0,0,0,NA,NA,NA,NA,NA,NA,NA,NA,NA,NA,NA,NA,NA,NA,NA,NA,NA,NA,NA,NA,NA,NA,NA,NA
511,Euphorbia cyparissias,Euphorbiaceae,Euphorbia,cyparissias,Fabids,perennial,Biotic,dry_dehiscent,1.998833333,PD,4,0,1,1,0,1,0,0,0,0,0,1,1,0,0,NA,NA,NA,NA,NA,NA,NA,NA,NA,NA,NA,NA,NA,NA,NA,NA,NA,NA,NA,NA,NA,NA,NA,NA
512,Euphorbia dendroides,Euphorbiaceae,Euphorbia,dendroides,Fabids,perennial,Biotic,dry_dehiscent,9.617688642,ND,1,0,0,1,0,0,0,0,0,0,1,0,0,0,1,1,-0.031960196,1.167101166,-8.763859838,18.25866745,1.890996199,0.868869075,21.50803375,15.00930116,30.55889282,5.958442089,24.60045073,6.498732594,0.721058771,0.597728107,1.31978831,1.204053979,0.407321262,1.044397836,2.391554285,12,1,1,1
513,Euphorbia denticulata,Euphorbiaceae,Euphorbia,denticulata,Fabids,perennial,Biotic,dry_dehiscent,9.617688642,PD,1,0,0,0,NoInfo,NoInfo,NoInfo,NoInfo,NoInfo,NoInfo,NoInfo,NoInfo,NoInfo,NoInfo,0,NA,NA,NA,NA,NA,NA,NA,NA,NA,NA,NA,NA,NA,NA,NA,NA,NA,NA,NA,NA,NA,NA,NA,NA
514,Euphorbia exigua,Euphorbiaceae,Euphorbia,exigua,Fabids,annual,Biotic,dry_dehiscent,0.3445,PD,1,0,0,1,0,1,0,0,0,0,0,1,0,0,0,NA,NA,NA,NA,NA,NA,NA,NA,NA,NA,NA,NA,NA,NA,NA,NA,NA,NA,NA,NA,NA,NA,NA,NA
515,Euphorbia flavicoma,Euphorbiaceae,Euphorbia,flavicoma,Fabids,perennial,Biotic,dry_dehiscent,1.18,PD,1,0,0,0,NoInfo,NoInfo,NoInfo,NoInfo,NoInfo,NoInfo,NoInfo,NoInfo,NoInfo,NoInfo,0,NA,NA,NA,NA,NA,NA,NA,NA,NA,NA,NA,NA,NA,NA,NA,NA,NA,NA,NA,NA,NA,NA,NA,NA
516,Euphorbia herniariifolia,Euphorbiaceae,Euphorbia,herniariifolia,Fabids,perennial,Biotic,dry_dehiscent,9.617688642,PD,1,0,0,0,NoInfo,NoInfo,NoInfo,NoInfo,NoInfo,NoInfo,NoInfo,NoInfo,NoInfo,NoInfo,0,NA,NA,NA,NA,NA,NA,NA,NA,NA,NA,NA,NA,NA,NA,NA,NA,NA,NA,NA,NA,NA,NA,NA,NA
517,Euphorbia hirsuta,Euphorbiaceae,Euphorbia,hirsuta,Fabids,perennial,Biotic,dry_dehiscent,9.617688642,PD,1,0,0,1,0,0,0,0,0,0,0,1,0,0,0,NA,NA,NA,NA,NA,NA,NA,NA,NA,NA,NA,NA,NA,NA,NA,NA,NA,NA,NA,NA,NA,NA,NA,NA
518,Euphorbia kotschyana,Euphorbiaceae,Euphorbia,kotschyana,Fabids,perennial,Biotic,dry_dehiscent,2.6,PD,2,0,0,0,NoInfo,NoInfo,NoInfo,NoInfo,NoInfo,NoInfo,NoInfo,NoInfo,NoInfo,NoInfo,0,NA,NA,NA,NA,NA,NA,NA,NA,NA,NA,NA,NA,NA,NA,NA,NA,NA,NA,NA,NA,NA,NA,NA,NA
519,Euphorbia macroclada,Euphorbiaceae,Euphorbia,macroclada,Fabids,perennial,Biotic,dry_dehiscent,5.8,PD,1,0,0,1,0,0,0,0,0,0,0,1,0,0,0,NA,NA,NA,NA,NA,NA,NA,NA,NA,NA,NA,NA,NA,NA,NA,NA,NA,NA,NA,NA,NA,NA,NA,NA
520,Euphorbia officinarum,Euphorbiaceae,Euphorbia,officinarum,Fabids,perennial,Biotic,dry_dehiscent,9.617688642,PD,1,0,0,1,1,1,0,0,0,0,1,1,1,0,0,NA,NA,NA,NA,NA,NA,NA,NA,NA,NA,NA,NA,NA,NA,NA,NA,NA,NA,NA,NA,NA,NA,NA,NA
521,Euphorbia paralias,Euphorbiaceae,Euphorbia,paralias,Fabids,perennial,Biotic,dry_dehiscent,5.2757,PD,3,0,0,0,NoInfo,NoInfo,NoInfo,NoInfo,NoInfo,NoInfo,NoInfo,NoInfo,NoInfo,NoInfo,1,1,-0.012204703,0.465830554,-5.42505814,19.08405944,-0.980089152,0.272874094,21.47695154,16.69116735,31.77067587,6.397443015,25.37323286,4.785784193,NA,NA,NA,NA,NA,NA,NA,5,1,1,1
522,Euphorbia peplis,Euphorbiaceae,Euphorbia,peplis,Fabids,annual,Biotic,dry_dehiscent,2.4272,PD,2,0,0,1,0,0,0,0,0,0,0,1,1,0,1,1,-0.070769189,3.227580554,-35.77837162,22.80357167,1.021810629,0.735325138,24.40444018,21.20270317,30.28988347,15.31725987,14.9726236,3.201737012,0.095268211,0.028700524,0.153772858,0.029353563,0.062229484,0.06564655,0.18309946,6,1,1,1
523,Euphorbia peplus,Euphorbiaceae,Euphorbia,peplus,Fabids,annual,Biotic,dry_dehiscent,0.55025,PD,1,0,0,1,1,0,0,0,1,0,0,1,1,0,0,NA,NA,NA,NA,NA,NA,NA,NA,NA,NA,NA,NA,NA,NA,NA,NA,NA,NA,NA,NA,NA,NA,NA,NA
524,Euphorbia pestalozzae,Euphorbiaceae,Euphorbia,pestalozzae,Fabids,perennial,Biotic,dry_dehiscent,9.617688642,PD,1,0,0,0,NoInfo,NoInfo,NoInfo,NoInfo,NoInfo,NoInfo,NoInfo,NoInfo,NoInfo,NoInfo,0,NA,NA,NA,NA,NA,NA,NA,NA,NA,NA,NA,NA,NA,NA,NA,NA,NA,NA,NA,NA,NA,NA,NA,NA
525,Euphorbia pithyusa,Euphorbiaceae,Euphorbia,pithyusa,Fabids,perennial,Biotic,dry_dehiscent,9.617688642,PD,1,0,0,0,NoInfo,NoInfo,NoInfo,NoInfo,NoInfo,NoInfo,NoInfo,NoInfo,NoInfo,NoInfo,0,NA,NA,NA,NA,NA,NA,NA,NA,NA,NA,NA,NA,NA,NA,NA,NA,NA,NA,NA,NA,NA,NA,NA,NA
526,Euphorbia rigida,Euphorbiaceae,Euphorbia,rigida,Fabids,perennial,Biotic,dry_dehiscent,9.617688642,PD,1,0,0,1,0,0,0,0,0,0,0,0,1,0,0,NA,NA,NA,NA,NA,NA,NA,NA,NA,NA,NA,NA,NA,NA,NA,NA,NA,NA,NA,NA,NA,NA,NA,NA
527,Euphorbia serrata,Euphorbiaceae,Euphorbia,serrata,Fabids,perennial,Biotic,dry_dehiscent,7.6,PD,1,0,0,0,NoInfo,NoInfo,NoInfo,NoInfo,NoInfo,NoInfo,NoInfo,NoInfo,NoInfo,NoInfo,0,NA,NA,NA,NA,NA,NA,NA,NA,NA,NA,NA,NA,NA,NA,NA,NA,NA,NA,NA,NA,NA,NA,NA,NA
528,Euphorbia spinosa,Euphorbiaceae,Euphorbia,spinosa,Fabids,perennial,Biotic,dry_dehiscent,9.617688642,PD,1,0,0,0,NoInfo,NoInfo,NoInfo,NoInfo,NoInfo,NoInfo,NoInfo,NoInfo,NoInfo,NoInfo,0,NA,NA,NA,NA,NA,NA,NA,NA,NA,NA,NA,NA,NA,NA,NA,NA,NA,NA,NA,NA,NA,NA,NA,NA
529,Euphorbia terracina,Euphorbiaceae,Euphorbia,terracina,Fabids,perennial,Biotic,dry_dehiscent,3.372,PD,1,0,0,1,0,0,0,0,0,0,0,1,1,0,1,1,-0.019349879,1.076770316,-10.39350304,27.82369669,4.586362292,0.989912927,37.54172553,18.10566785,47.55162447,8.095768908,39.45585556,19.43605768,2.649491771,2.5669105,5.097691786,5.079004633,0.323772228,5.176713097,10.15609105,7,1,1,1
530,Fagus sylvatica,Fagaceae,Fagus,sylvatica,Fabids,woody,Abiotic,dry_indehiscent,195.1266509,PD,5,0,0,1,0,0,1,0,0,0,1,1,1,1,1,1,0.004320847,-0.231264843,2.351105195,26.76152026,-0.743394195,0.322262373,NA,NA,NA,NA,NA,NA,NA,NA,NA,NA,64.63154749,NA,NA,8,0,0,0
531,Ferula communis,Apiaceae,Ferula,communis,Campanulids,perennial,Biotic,dry_indehiscent,18.76628571,NoInfo,1,0,0,1,0,1,1,1,1,0,1,1,1,0,0,NA,NA,NA,NA,NA,NA,NA,NA,NA,NA,NA,NA,NA,NA,NA,NA,NA,NA,NA,NA,NA,NA,NA,NA
532,Ferula elaeochytris,Apiaceae,Ferula,elaeochytris,Campanulids,perennial,Biotic,dry_indehiscent,28.36754319,NoInfo,1,0,0,0,NoInfo,NoInfo,NoInfo,NoInfo,NoInfo,NoInfo,NoInfo,NoInfo,NoInfo,NoInfo,0,NA,NA,NA,NA,NA,NA,NA,NA,NA,NA,NA,NA,NA,NA,NA,NA,NA,NA,NA,NA,NA,NA,NA,NA
533,Ferulago armena,Apiaceae,Ferulago,armena,Campanulids,perennial,Biotic,dry_indehiscent,15.39538,NoInfo,1,0,0,0,NoInfo,NoInfo,NoInfo,NoInfo,NoInfo,NoInfo,NoInfo,NoInfo,NoInfo,NoInfo,0,NA,NA,NA,NA,NA,NA,NA,NA,NA,NA,NA,NA,NA,NA,NA,NA,NA,NA,NA,NA,NA,NA,NA,NA
534,Ferulago aucheri,Apiaceae,Ferulago,aucheri,Campanulids,perennial,Biotic,dry_indehiscent,19.4,NoInfo,1,0,0,0,NoInfo,NoInfo,NoInfo,NoInfo,NoInfo,NoInfo,NoInfo,NoInfo,NoInfo,NoInfo,0,NA,NA,NA,NA,NA,NA,NA,NA,NA,NA,NA,NA,NA,NA,NA,NA,NA,NA,NA,NA,NA,NA,NA,NA
535,Festuca ambigua,Poaceae,Festuca,ambigua,Commelinid-monocots,annual,Abiotic,dry_indehiscent,0.4355,PD,4,0,0,0,NoInfo,NoInfo,NoInfo,NoInfo,NoInfo,NoInfo,NoInfo,NoInfo,NoInfo,NoInfo,1,1,0.069456449,-2.319219788,21.8479005,16.69549646,2.487637621,0.923270614,NA,NA,NA,NA,NA,NA,NA,NA,NA,NA,0.877509959,NA,NA,4,0,0,0
536,Festuca brigantina,Poaceae,Festuca,brigantina,Commelinid-monocots,perennial,Abiotic,dry_indehiscent,1.059751255,PD,1,1,1,0,NoInfo,NoInfo,NoInfo,NoInfo,NoInfo,NoInfo,NoInfo,NoInfo,NoInfo,NoInfo,0,NA,NA,NA,NA,NA,NA,NA,NA,NA,NA,NA,NA,NA,NA,NA,NA,NA,NA,NA,NA,NA,NA,NA,NA
537,Festuca bromoides,Poaceae,Festuca,bromoides,Commelinid-monocots,annual,Abiotic,dry_indehiscent,1.023657143,PD,1,0,0,0,NoInfo,NoInfo,NoInfo,NoInfo,NoInfo,NoInfo,NoInfo,NoInfo,NoInfo,NoInfo,1,1,0.001454777,-0.015257323,3.034006223,5.243871645,2.994002501,0.952302443,NA,NA,NA,NA,NA,NA,NA,NA,NA,NA,NA,NA,NA,7,0,0,0
538,Festuca burnatii,Poaceae,Festuca,burnatii,Commelinid-monocots,perennial,Abiotic,dry_indehiscent,1.059751255,PD,1,0,0,0,NoInfo,NoInfo,NoInfo,NoInfo,NoInfo,NoInfo,NoInfo,NoInfo,NoInfo,NoInfo,0,NA,NA,NA,NA,NA,NA,NA,NA,NA,NA,NA,NA,NA,NA,NA,NA,NA,NA,NA,NA,NA,NA,NA,NA
539,Festuca circummediterranea,Poaceae,Festuca,circummediterranea,Commelinid-monocots,perennial,Abiotic,dry_indehiscent,1.059751255,PD,2,0,1,0,NoInfo,NoInfo,NoInfo,NoInfo,NoInfo,NoInfo,NoInfo,NoInfo,NoInfo,NoInfo,0,NA,NA,NA,NA,NA,NA,NA,NA,NA,NA,NA,NA,NA,NA,NA,NA,NA,NA,NA,NA,NA,NA,NA,NA
540,Festuca drymeja,Poaceae,Festuca,drymeja,Commelinid-monocots,perennial,Abiotic,dry_indehiscent,0.840571429,PD,1,0,0,0,NoInfo,NoInfo,NoInfo,NoInfo,NoInfo,NoInfo,NoInfo,NoInfo,NoInfo,NoInfo,1,1,0.071905463,-3.2002035,34.75620838,22.25285365,-0.850621689,0.29930246,NA,NA,NA,NA,NA,NA,NA,NA,NA,NA,NA,NA,NA,3,0,0,0
541,Festuca eskia,Poaceae,Festuca,eskia,Commelinid-monocots,perennial,Abiotic,dry_indehiscent,1.059751255,PD,1,0,1,0,NoInfo,NoInfo,NoInfo,NoInfo,NoInfo,NoInfo,NoInfo,NoInfo,NoInfo,NoInfo,1,1,0.001515188,-0.097803529,1.169182338,32.27439149,-0.409092348,0.399129779,NA,NA,NA,NA,NA,NA,NA,NA,NA,NA,NA,NA,NA,4,0,0,0
542,Festuca fasciculata,Poaceae,Festuca,fasciculata,Commelinid-monocots,annual,Abiotic,dry_indehiscent,2.6763,PD,1,0,0,0,NoInfo,NoInfo,NoInfo,NoInfo,NoInfo,NoInfo,NoInfo,NoInfo,NoInfo,NoInfo,1,1,-0.012263197,0.354393042,0.608117798,14.44945561,3.168511062,0.959631945,22.69892656,6.199984664,36.77610593,-7.877194706,44.65330064,16.4989419,3.24150471,3.564435735,2.813007125,3.102784497,0.759196921,6.642257894,5.724949046,8,1,1,1
543,Festuca frigida,Poaceae,Festuca,frigida,Commelinid-monocots,perennial,Abiotic,dry_indehiscent,1.059751255,PD,1,0,0,0,NoInfo,NoInfo,NoInfo,NoInfo,NoInfo,NoInfo,NoInfo,NoInfo,NoInfo,NoInfo,0,NA,NA,NA,NA,NA,NA,NA,NA,NA,NA,NA,NA,NA,NA,NA,NA,NA,NA,NA,NA,NA,NA,NA,NA
544,Festuca heterophylla,Poaceae,Festuca,heterophylla,Commelinid-monocots,perennial,Abiotic,dry_indehiscent,1.44,PD,3,0,0,0,0,1,0,0,0,0,0,0,0,0,1,0,NA,NA,NA,NA,NA,NA,NA,NA,NA,NA,NA,NA,NA,NA,NA,NA,NA,NA,NA,NA,0,NA,0
545,Festuca hystrix,Poaceae,Festuca,hystrix,Commelinid-monocots,perennial,Abiotic,dry_indehiscent,1.059751255,PD,2,0,0,0,NoInfo,NoInfo,NoInfo,NoInfo,NoInfo,NoInfo,NoInfo,NoInfo,NoInfo,NoInfo,1,1,0.02487537,-0.748809673,6.438044978,15.05122699,0.802792794,0.69057157,NA,NA,NA,NA,NA,NA,NA,NA,NA,NA,NA,NA,NA,3,0,0,0
546,Festuca iberica,Poaceae,Festuca,iberica,Commelinid-monocots,perennial,Abiotic,dry_indehiscent,1.059751255,PD,3,0,1,0,NoInfo,NoInfo,NoInfo,NoInfo,NoInfo,NoInfo,NoInfo,NoInfo,NoInfo,NoInfo,0,NA,NA,NA,NA,NA,NA,NA,NA,NA,NA,NA,NA,NA,NA,NA,NA,NA,NA,NA,NA,NA,NA,NA,NA
547,Festuca illyrica,Poaceae,Festuca,illyrica,Commelinid-monocots,perennial,Abiotic,dry_indehiscent,1.059751255,PD,1,0,0,0,NoInfo,NoInfo,NoInfo,NoInfo,NoInfo,NoInfo,NoInfo,NoInfo,NoInfo,NoInfo,0,NA,NA,NA,NA,NA,NA,NA,NA,NA,NA,NA,NA,NA,NA,NA,NA,NA,NA,NA,NA,NA,NA,NA,NA
548,Festuca incurva,Poaceae,Festuca,incurva,Commelinid-monocots,annual,Abiotic,dry_indehiscent,1.059751255,PD,3,0,0,0,NoInfo,NoInfo,NoInfo,NoInfo,NoInfo,NoInfo,NoInfo,NoInfo,NoInfo,NoInfo,0,NA,NA,NA,NA,NA,NA,NA,NA,NA,NA,NA,NA,NA,NA,NA,NA,NA,NA,NA,NA,NA,NA,NA,NA
549,Festuca indigesta,Poaceae,Festuca,indigesta,Commelinid-monocots,perennial,Abiotic,dry_indehiscent,1.059751255,PD,2,0,0,0,NoInfo,NoInfo,NoInfo,NoInfo,NoInfo,NoInfo,NoInfo,NoInfo,NoInfo,NoInfo,1,0,NA,NA,NA,NA,NA,NA,NA,NA,NA,NA,NA,NA,NA,NA,NA,NA,NA,NA,NA,NA,0,NA,0
550,Festuca jeanpertii,Poaceae,Festuca,jeanpertii,Commelinid-monocots,perennial,Abiotic,dry_indehiscent,1.059751255,PD,2,0,0,0,NoInfo,NoInfo,NoInfo,NoInfo,NoInfo,NoInfo,NoInfo,NoInfo,NoInfo,NoInfo,0,NA,NA,NA,NA,NA,NA,NA,NA,NA,NA,NA,NA,NA,NA,NA,NA,NA,NA,NA,NA,NA,NA,NA,NA
551,Festuca jubata,Poaceae,Festuca,jubata,Commelinid-monocots,perennial,Abiotic,dry_indehiscent,1.059751255,PD,1,0,0,0,NoInfo,NoInfo,NoInfo,NoInfo,NoInfo,NoInfo,NoInfo,NoInfo,NoInfo,NoInfo,0,NA,NA,NA,NA,NA,NA,NA,NA,NA,NA,NA,NA,NA,NA,NA,NA,NA,NA,NA,NA,NA,NA,NA,NA
552,Festuca lachenalii,Poaceae,Festuca,lachenalii,Commelinid-monocots,annual,Abiotic,dry_indehiscent,0.600262222,PD,1,0,0,0,NoInfo,NoInfo,NoInfo,NoInfo,NoInfo,NoInfo,NoInfo,NoInfo,NoInfo,NoInfo,0,NA,NA,NA,NA,NA,NA,NA,NA,NA,NA,NA,NA,NA,NA,NA,NA,NA,NA,NA,NA,NA,NA,NA,NA
553,Festuca laevigata,Poaceae,Festuca,laevigata,Commelinid-monocots,perennial,Abiotic,dry_indehiscent,1.3,PD,1,0,0,0,NoInfo,NoInfo,NoInfo,NoInfo,NoInfo,NoInfo,NoInfo,NoInfo,NoInfo,NoInfo,0,NA,NA,NA,NA,NA,NA,NA,NA,NA,NA,NA,NA,NA,NA,NA,NA,NA,NA,NA,NA,NA,NA,NA,NA
554,Festuca marginata,Poaceae,Festuca,marginata,Commelinid-monocots,perennial,Abiotic,dry_indehiscent,1.059751255,PD,1,0,0,0,NoInfo,NoInfo,NoInfo,NoInfo,NoInfo,NoInfo,NoInfo,NoInfo,NoInfo,NoInfo,0,NA,NA,NA,NA,NA,NA,NA,NA,NA,NA,NA,NA,NA,NA,NA,NA,NA,NA,NA,NA,NA,NA,NA,NA
555,Festuca maritima,Poaceae,Festuca,maritima,Commelinid-monocots,annual,Abiotic,dry_indehiscent,0.317266667,PD,1,0,0,0,NoInfo,NoInfo,NoInfo,NoInfo,NoInfo,NoInfo,NoInfo,NoInfo,NoInfo,NoInfo,0,NA,NA,NA,NA,NA,NA,NA,NA,NA,NA,NA,NA,NA,NA,NA,NA,NA,NA,NA,NA,NA,NA,NA,NA
556,Festuca morisiana,Poaceae,Festuca,morisiana,Commelinid-monocots,perennial,Abiotic,dry_indehiscent,1.059751255,PD,1,0,0,0,NoInfo,NoInfo,NoInfo,NoInfo,NoInfo,NoInfo,NoInfo,NoInfo,NoInfo,NoInfo,0,NA,NA,NA,NA,NA,NA,NA,NA,NA,NA,NA,NA,NA,NA,NA,NA,NA,NA,NA,NA,NA,NA,NA,NA
557,Festuca myuros,Poaceae,Festuca,myuros,Commelinid-monocots,annual,Abiotic,dry_indehiscent,0.602640262,PD,4,0,0,0,NoInfo,NoInfo,NoInfo,NoInfo,NoInfo,NoInfo,NoInfo,NoInfo,NoInfo,NoInfo,1,0,NA,NA,NA,NA,NA,NA,NA,NA,NA,NA,NA,NA,NA,NA,NA,NA,NA,NA,NA,NA,0,NA,0
558,Festuca nevadensis,Poaceae,Festuca,nevadensis,Commelinid-monocots,perennial,Abiotic,dry_indehiscent,1.059751255,PD,1,0,0,0,NoInfo,NoInfo,NoInfo,NoInfo,NoInfo,NoInfo,NoInfo,NoInfo,NoInfo,NoInfo,0,NA,NA,NA,NA,NA,NA,NA,NA,NA,NA,NA,NA,NA,NA,NA,NA,NA,NA,NA,NA,NA,NA,NA,NA
559,Festuca olympica,Poaceae,Festuca,olympica,Commelinid-monocots,perennial,Abiotic,dry_indehiscent,1.059751255,PD,1,0,0,0,NoInfo,NoInfo,NoInfo,NoInfo,NoInfo,NoInfo,NoInfo,NoInfo,NoInfo,NoInfo,0,NA,NA,NA,NA,NA,NA,NA,NA,NA,NA,NA,NA,NA,NA,NA,NA,NA,NA,NA,NA,NA,NA,NA,NA
560,Festuca ovina,Poaceae,Festuca,ovina,Commelinid-monocots,perennial,Abiotic,dry_indehiscent,1.20547166,PD,7,0,1,1,1,1,0,0,0,0,0,0,0,0,1,1,-0.037868863,1.330270042,-9.076059874,17.56416681,2.606482585,0.931277624,21.43920781,13.68912582,29.67130263,5.457030994,24.21427164,7.750081992,6.732776793,6.626982473,3.244610206,3.872363072,1.555611912,12.99286906,6.431614776,7,1,0,0
561,Festuca penzesii,Poaceae,Festuca,penzesii,Commelinid-monocots,perennial,Abiotic,dry_indehiscent,1.059751255,PD,1,0,0,0,NoInfo,NoInfo,NoInfo,NoInfo,NoInfo,NoInfo,NoInfo,NoInfo,NoInfo,NoInfo,0,NA,NA,NA,NA,NA,NA,NA,NA,NA,NA,NA,NA,NA,NA,NA,NA,NA,NA,NA,NA,NA,NA,NA,NA
562,Festuca polita,Poaceae,Festuca,polita,Commelinid-monocots,perennial,Abiotic,dry_indehiscent,1.059751255,PD,1,0,0,0,NoInfo,NoInfo,NoInfo,NoInfo,NoInfo,NoInfo,NoInfo,NoInfo,NoInfo,NoInfo,0,NA,NA,NA,NA,NA,NA,NA,NA,NA,NA,NA,NA,NA,NA,NA,NA,NA,NA,NA,NA,NA,NA,NA,NA
563,Festuca pseudeskia,Poaceae,Festuca,pseudeskia,Commelinid-monocots,perennial,Abiotic,dry_indehiscent,1.059751255,PD,1,0,0,0,NoInfo,NoInfo,NoInfo,NoInfo,NoInfo,NoInfo,NoInfo,NoInfo,NoInfo,NoInfo,0,NA,NA,NA,NA,NA,NA,NA,NA,NA,NA,NA,NA,NA,NA,NA,NA,NA,NA,NA,NA,NA,NA,NA,NA
564,Festuca rothmaleri,Poaceae,Festuca,rothmaleri,Commelinid-monocots,perennial,Abiotic,dry_indehiscent,0.879,PD,1,0,1,0,NoInfo,NoInfo,NoInfo,NoInfo,NoInfo,NoInfo,NoInfo,NoInfo,NoInfo,NoInfo,1,1,-0.018758659,0.648095443,-1.726499621,17.27456726,3.871284537,0.979593506,25.51928782,9.029846709,36.33597998,-1.786845457,38.12282544,16.48944111,6.052517217,6.220115215,1.373520849,1.264118691,0.962613714,12.12184372,1.806269782,3,1,0,0
565,Festuca rubra,Poaceae,Festuca,rubra,Commelinid-monocots,perennial,Abiotic,dry_indehiscent,1.58806421,PD,8,0,1,1,0,1,0,0,0,0,0,0,1,0,1,1,-0.022747683,0.839231062,-4.436380705,18.4465174,3.304064489,0.964567984,24.77293553,12.12009928,35.0202155,1.872819307,33.14739619,12.65283625,NA,NA,NA,NA,NA,NA,NA,14,1,1,1
566,Festuca summilusitana,Poaceae,Festuca,summilusitana,Commelinid-monocots,perennial,Abiotic,dry_indehiscent,1.059751255,PD,1,1,1,0,NoInfo,NoInfo,NoInfo,NoInfo,NoInfo,NoInfo,NoInfo,NoInfo,NoInfo,NoInfo,0,NA,NA,NA,NA,NA,NA,NA,NA,NA,NA,NA,NA,NA,NA,NA,NA,NA,NA,NA,NA,NA,NA,NA,NA
567,Festuca valesiaca,Poaceae,Festuca,valesiaca,Commelinid-monocots,perennial,Abiotic,dry_indehiscent,0.4844,PD,3,0,1,0,NoInfo,NoInfo,NoInfo,NoInfo,NoInfo,NoInfo,NoInfo,NoInfo,NoInfo,NoInfo,1,0,NA,NA,NA,NA,NA,NA,NA,NA,NA,NA,NA,NA,NA,NA,NA,NA,NA,NA,NA,NA,0,NA,0
568,Festuca varia,Poaceae,Festuca,varia,Commelinid-monocots,perennial,Abiotic,dry_indehiscent,1.644533333,PD,3,0,1,0,NoInfo,NoInfo,NoInfo,NoInfo,NoInfo,NoInfo,NoInfo,NoInfo,NoInfo,NoInfo,1,1,-0.022476109,0.552298882,-1.510277278,12.28635435,1.882592611,0.867908635,16.14910946,8.42359924,26.94114115,-2.368432443,29.30957359,7.725510222,1.969039192,3.931045714,2.607034054,3.113399099,1.30278983,5.645478378,5.117686553,8,1,1,1
569,Ficus carica,Moraceae,Ficus,carica,Fabids,woody,Biotic,fleshy,56.50147958,ND,1,0,0,1,1,1,0,1,1,0,1,1,1,1,1,1,-0.032684363,1.335475877,-11.74445395,20.42988992,1.89735863,0.869592283,23.65060477,17.20917507,32.60108724,8.258692605,24.34239463,6.441429706,NA,NA,NA,NA,NA,NA,NA,4,1,1,1
570,Filago aegaea,Asteraceae,Filago,aegaea,Campanulids,annual,Biotic,dry_indehiscent,0.128827857,NoInfo,1,0,0,0,NoInfo,NoInfo,NoInfo,NoInfo,NoInfo,NoInfo,NoInfo,NoInfo,NoInfo,NoInfo,0,NA,NA,NA,NA,NA,NA,NA,NA,NA,NA,NA,NA,NA,NA,NA,NA,NA,NA,NA,NA,NA,NA,NA,NA
571,Filago carpetana,Asteraceae,Filago,carpetana,Campanulids,annual,Biotic,dry_indehiscent,0.128827857,NoInfo,1,0,0,0,NoInfo,NoInfo,NoInfo,NoInfo,NoInfo,NoInfo,NoInfo,NoInfo,NoInfo,NoInfo,0,NA,NA,NA,NA,NA,NA,NA,NA,NA,NA,NA,NA,NA,NA,NA,NA,NA,NA,NA,NA,NA,NA,NA,NA
572,Filago eriocephala,Asteraceae,Filago,eriocephala,Campanulids,annual,Biotic,dry_indehiscent,0.0313,NoInfo,1,0,0,0,NoInfo,NoInfo,NoInfo,NoInfo,NoInfo,NoInfo,NoInfo,NoInfo,NoInfo,NoInfo,0,NA,NA,NA,NA,NA,NA,NA,NA,NA,NA,NA,NA,NA,NA,NA,NA,NA,NA,NA,NA,NA,NA,NA,NA
573,Filago pyramidata,Asteraceae,Filago,pyramidata,Campanulids,annual,Biotic,dry_indehiscent,0.05034,NoInfo,2,0,0,0,NoInfo,NoInfo,NoInfo,NoInfo,NoInfo,NoInfo,NoInfo,NoInfo,NoInfo,NoInfo,0,NA,NA,NA,NA,NA,NA,NA,NA,NA,NA,NA,NA,NA,NA,NA,NA,NA,NA,NA,NA,NA,NA,NA,NA
574,Filipendula vulgaris,Rosaceae,Filipendula,vulgaris,Fabids,perennial,Biotic,dry_indehiscent,0.807325,PD,1,0,1,1,0,1,0,0,0,0,0,1,0,0,0,NA,NA,NA,NA,NA,NA,NA,NA,NA,NA,NA,NA,NA,NA,NA,NA,NA,NA,NA,NA,NA,NA,NA,NA
575,Flueggea tinctoria,Phyllanthaceae,Flueggea,tinctoria,Fabids,perennial,Biotic,fleshy,2.911666667,NoInfo,1,0,0,0,NoInfo,NoInfo,NoInfo,NoInfo,NoInfo,NoInfo,NoInfo,NoInfo,NoInfo,NoInfo,0,NA,NA,NA,NA,NA,NA,NA,NA,NA,NA,NA,NA,NA,NA,NA,NA,NA,NA,NA,NA,NA,NA,NA,NA
576,Foeniculum vulgare,Apiaceae,Foeniculum,vulgare,Campanulids,perennial,Biotic,dry_indehiscent,3.32059,M(P)D,2,0,0,1,1,1,0,1,1,0,1,1,0,0,1,0,NA,NA,NA,NA,NA,NA,NA,NA,NA,NA,NA,NA,NA,NA,NA,NA,NA,NA,NA,NA,0,NA,0
577,Forsskaolea angustifolia,Urticaceae,Forsskaolea,angustifolia,Fabids,perennial,NoInfo,dry_indehiscent,8.253122222,NoInfo,1,0,0,0,NoInfo,NoInfo,NoInfo,NoInfo,NoInfo,NoInfo,NoInfo,NoInfo,NoInfo,NoInfo,0,NA,NA,NA,NA,NA,NA,NA,NA,NA,NA,NA,NA,NA,NA,NA,NA,NA,NA,NA,NA,NA,NA,NA,NA
578,Fragaria vesca,Rosaceae,Fragaria,vesca,Fabids,perennial,Biotic,dry_indehiscent,0.332509565,PD,6,0,1,1,0,1,0,1,1,0,1,1,0,0,1,1,0.012108101,-0.477112161,6.858899476,19.70218816,2.158822694,0.896490351,NA,NA,NA,NA,NA,NA,NA,NA,NA,NA,4.063129628,NA,NA,4,0,1,0
579,Frankenia corymbosa,Frankeniaceae,Frankenia,corymbosa,Caryophyllales,perennial,Biotic,dry_dehiscent,0.332047222,NoInfo,1,0,0,0,NoInfo,NoInfo,NoInfo,NoInfo,NoInfo,NoInfo,NoInfo,NoInfo,NoInfo,NoInfo,0,NA,NA,NA,NA,NA,NA,NA,NA,NA,NA,NA,NA,NA,NA,NA,NA,NA,NA,NA,NA,NA,NA,NA,NA
580,Frankenia laevis,Frankeniaceae,Frankenia,laevis,Caryophyllales,perennial,Biotic,dry_dehiscent,1.214666667,NoInfo,2,0,0,0,0,1,0,0,0,0,0,0,0,0,0,NA,NA,NA,NA,NA,NA,NA,NA,NA,NA,NA,NA,NA,NA,NA,NA,NA,NA,NA,NA,NA,NA,NA,NA
581,Frankenia pulverulenta,Frankeniaceae,Frankenia,pulverulenta,Caryophyllales,annual,Biotic,dry_dehiscent,0.034,NoInfo,1,0,0,1,1,0,0,0,0,0,0,1,0,0,0,NA,NA,NA,NA,NA,NA,NA,NA,NA,NA,NA,NA,NA,NA,NA,NA,NA,NA,NA,NA,NA,NA,NA,NA
582,Fraxinus angustifolia,Oleaceae,Fraxinus,angustifolia,Lamiids,woody,Abiotic,dry_indehiscent,58.46264615,PD,1,0,0,1,0,1,0,0,0,0,1,1,0,0,0,NA,NA,NA,NA,NA,NA,NA,NA,NA,NA,NA,NA,NA,NA,NA,NA,NA,NA,NA,NA,NA,NA,NA,NA
583,Fraxinus excelsior,Oleaceae,Fraxinus,excelsior,Lamiids,woody,Biotic,dry_indehiscent,62.45396494,M(P)D,3,0,0,1,0,1,0,0,0,0,1,1,1,0,0,NA,NA,NA,NA,NA,NA,NA,NA,NA,NA,NA,NA,NA,NA,NA,NA,NA,NA,NA,NA,NA,NA,NA,NA
584,Fraxinus ornus,Oleaceae,Fraxinus,ornus,Lamiids,woody,Biotic,dry_indehiscent,27.114,PD,6,0,0,1,0,1,0,0,0,0,1,1,0,0,1,1,0.001078587,-0.097052963,0.450090217,44.9907696,-1.73315353,0.150184653,NA,NA,NA,NA,NA,NA,NA,NA,NA,NA,177.7858008,NA,NA,7,0,0,0
585,Fumana arabica,Cistaceae,Fumana,arabica,Malvids,perennial,Biotic,dry_dehiscent,3.2277,PY(PD),1,0,0,0,NoInfo,NoInfo,NoInfo,NoInfo,NoInfo,NoInfo,NoInfo,NoInfo,NoInfo,NoInfo,0,NA,NA,NA,NA,NA,NA,NA,NA,NA,NA,NA,NA,NA,NA,NA,NA,NA,NA,NA,NA,NA,NA,NA,NA
586,Fumana ericoides,Cistaceae,Fumana,ericoides,Malvids,perennial,Biotic,dry_dehiscent,2.417142857,PY(PD),1,0,0,1,1,0,0,0,0,0,0,0,0,0,1,1,1.304744857,-50.51172667,487.680041,19.3569365,-1.196101812,0.232169408,NA,NA,NA,NA,NA,NA,NA,NA,NA,NA,0.259124855,NA,NA,4,0,1,0
587,Fumana procumbens,Cistaceae,Fumana,procumbens,Malvids,perennial,Biotic,dry_dehiscent,3.225985185,PY(PD),4,0,0,0,NoInfo,NoInfo,NoInfo,NoInfo,NoInfo,NoInfo,NoInfo,NoInfo,NoInfo,NoInfo,1,1,-0.064598357,2.605972192,-23.6235287,20.17057646,2.658451977,0.934530017,23.19260136,17.14855156,29.48369969,10.85745323,18.62624646,6.044049803,0.58228116,0.261099248,0.623311774,0.451746977,0.231625167,0.774498199,0.985182686,4,1,1,1
588,Fumana thymifolia,Cistaceae,Fumana,thymifolia,Malvids,perennial,Biotic,dry_dehiscent,1.158592976,PY(PD),1,0,0,1,1,0,0,0,0,0,0,0,0,0,1,0,NA,NA,NA,NA,NA,NA,NA,NA,NA,NA,NA,NA,NA,NA,NA,NA,NA,NA,NA,NA,0,NA,0
589,Fumaria capreolata,Papaveraceae,Fumaria,capreolata,Early EU,annual,Biotic,dry_indehiscent,4.012177778,NoInfo,1,0,0,1,0,0,0,0,0,0,0,1,0,0,0,NA,NA,NA,NA,NA,NA,NA,NA,NA,NA,NA,NA,NA,NA,NA,NA,NA,NA,NA,NA,NA,NA,NA,NA
590,Fumaria parviflora,Papaveraceae,Fumaria,parviflora,Early EU,annual,Biotic,dry_indehiscent,1.9748,NoInfo,1,0,0,1,0,0,0,0,0,0,0,1,0,0,0,NA,NA,NA,NA,NA,NA,NA,NA,NA,NA,NA,NA,NA,NA,NA,NA,NA,NA,NA,NA,NA,NA,NA,NA
591,Gagea graeca,Liliaceae,Gagea,graeca,Monocots,perennial,Biotic,fleshy,0.867225,NoInfo,1,0,0,0,NoInfo,NoInfo,NoInfo,NoInfo,NoInfo,NoInfo,NoInfo,NoInfo,NoInfo,NoInfo,0,NA,NA,NA,NA,NA,NA,NA,NA,NA,NA,NA,NA,NA,NA,NA,NA,NA,NA,NA,NA,NA,NA,NA,NA
592,Gagea granatellii,Liliaceae,Gagea,granatellii,Monocots,perennial,Biotic,fleshy,0.867225,NoInfo,1,0,0,0,NoInfo,NoInfo,NoInfo,NoInfo,NoInfo,NoInfo,NoInfo,NoInfo,NoInfo,NoInfo,0,NA,NA,NA,NA,NA,NA,NA,NA,NA,NA,NA,NA,NA,NA,NA,NA,NA,NA,NA,NA,NA,NA,NA,NA
593,Gagea nevadensis,Liliaceae,Gagea,nevadensis,Monocots,perennial,Biotic,fleshy,0.867225,NoInfo,1,0,0,0,NoInfo,NoInfo,NoInfo,NoInfo,NoInfo,NoInfo,NoInfo,NoInfo,NoInfo,NoInfo,0,NA,NA,NA,NA,NA,NA,NA,NA,NA,NA,NA,NA,NA,NA,NA,NA,NA,NA,NA,NA,NA,NA,NA,NA
594,Galactites tomentosus,Asteraceae,Galactites,tomentosus,Campanulids,perennial,Biotic,dry_indehiscent,11.4,NoInfo,2,0,0,0,NoInfo,NoInfo,NoInfo,NoInfo,NoInfo,NoInfo,NoInfo,NoInfo,NoInfo,NoInfo,1,0,NA,NA,NA,NA,NA,NA,NA,NA,NA,NA,NA,NA,NA,NA,NA,NA,NA,NA,NA,NA,0,NA,0
595,Galanthus elwesii,Amaryllidaceae,Galanthus,elwesii,Monocots,perennial,Biotic,fleshy,9.897155714,NoInfo,1,0,0,1,0,1,0,0,0,0,0,1,0,0,0,NA,NA,NA,NA,NA,NA,NA,NA,NA,NA,NA,NA,NA,NA,NA,NA,NA,NA,NA,NA,NA,NA,NA,NA
596,Galium aetnicum,Rubiaceae,Galium,aetnicum,Lamiids,perennial,Biotic,dry_dehiscent,2.051022863,PD,1,0,0,0,NoInfo,NoInfo,NoInfo,NoInfo,NoInfo,NoInfo,NoInfo,NoInfo,NoInfo,NoInfo,0,NA,NA,NA,NA,NA,NA,NA,NA,NA,NA,NA,NA,NA,NA,NA,NA,NA,NA,NA,NA,NA,NA,NA,NA
597,Galium aparine,Rubiaceae,Galium,aparine,Lamiids,annual,Biotic,dry_indehiscent,7.713819231,PD,4,0,0,1,0,0,0,0,0,0,1,1,0,0,1,1,-0.086391659,2.558895383,-17.53959315,14.80985217,1.408838024,0.803582605,16.46757303,13.15213132,21.90844467,7.711259679,14.19718499,3.315441712,0.895770125,0.980093537,1.939469255,1.689354978,0.585537937,1.467840663,3.443763024,5,1,1,1
598,Galium consanguineum,Rubiaceae,Galium,consanguineum,Lamiids,perennial,Biotic,dry_dehiscent,2.051022863,PD,1,0,0,0,NoInfo,NoInfo,NoInfo,NoInfo,NoInfo,NoInfo,NoInfo,NoInfo,NoInfo,NoInfo,0,NA,NA,NA,NA,NA,NA,NA,NA,NA,NA,NA,NA,NA,NA,NA,NA,NA,NA,NA,NA,NA,NA,NA,NA
599,Galium corsicum,Rubiaceae,Galium,corsicum,Lamiids,perennial,Biotic,dry_dehiscent,0.6094,PD,2,0,0,0,NoInfo,NoInfo,NoInfo,NoInfo,NoInfo,NoInfo,NoInfo,NoInfo,NoInfo,NoInfo,1,0,NA,NA,NA,NA,NA,NA,NA,NA,NA,NA,NA,NA,NA,NA,NA,NA,NA,NA,NA,NA,0,NA,0
600,Galium debile,Rubiaceae,Galium,debile,Lamiids,perennial,Biotic,dry_dehiscent,0.91,PD,1,0,0,0,NoInfo,NoInfo,NoInfo,NoInfo,NoInfo,NoInfo,NoInfo,NoInfo,NoInfo,NoInfo,0,NA,NA,NA,NA,NA,NA,NA,NA,NA,NA,NA,NA,NA,NA,NA,NA,NA,NA,NA,NA,NA,NA,NA,NA
601,Galium divaricatum,Rubiaceae,Galium,divaricatum,Lamiids,annual,Biotic,dry_dehiscent,0.095,PD,1,0,0,0,NoInfo,NoInfo,NoInfo,NoInfo,NoInfo,NoInfo,NoInfo,NoInfo,NoInfo,NoInfo,0,NA,NA,NA,NA,NA,NA,NA,NA,NA,NA,NA,NA,NA,NA,NA,NA,NA,NA,NA,NA,NA,NA,NA,NA
602,Galium firmum,Rubiaceae,Galium,firmum,Lamiids,perennial,Biotic,dry_dehiscent,2.051022863,PD,2,0,0,0,NoInfo,NoInfo,NoInfo,NoInfo,NoInfo,NoInfo,NoInfo,NoInfo,NoInfo,NoInfo,0,NA,NA,NA,NA,NA,NA,NA,NA,NA,NA,NA,NA,NA,NA,NA,NA,NA,NA,NA,NA,NA,NA,NA,NA
603,Galium humifusum,Rubiaceae,Galium,humifusum,Lamiids,perennial,Biotic,dry_dehiscent,0.3968,PD,1,0,0,0,NoInfo,NoInfo,NoInfo,NoInfo,NoInfo,NoInfo,NoInfo,NoInfo,NoInfo,NoInfo,0,NA,NA,NA,NA,NA,NA,NA,NA,NA,NA,NA,NA,NA,NA,NA,NA,NA,NA,NA,NA,NA,NA,NA,NA
604,Galium incanum,Rubiaceae,Galium,incanum,Lamiids,perennial,Biotic,dry_dehiscent,2.45785,PD,1,0,0,0,NoInfo,NoInfo,NoInfo,NoInfo,NoInfo,NoInfo,NoInfo,NoInfo,NoInfo,NoInfo,0,NA,NA,NA,NA,NA,NA,NA,NA,NA,NA,NA,NA,NA,NA,NA,NA,NA,NA,NA,NA,NA,NA,NA,NA
605,Galium isauricum,Rubiaceae,Galium,isauricum,Lamiids,annual,Biotic,dry_dehiscent,2.051022863,PD,1,0,0,0,NoInfo,NoInfo,NoInfo,NoInfo,NoInfo,NoInfo,NoInfo,NoInfo,NoInfo,NoInfo,0,NA,NA,NA,NA,NA,NA,NA,NA,NA,NA,NA,NA,NA,NA,NA,NA,NA,NA,NA,NA,NA,NA,NA,NA
606,Galium lucidum,Rubiaceae,Galium,lucidum,Lamiids,perennial,Biotic,dry_indehiscent,0.743333333,PD,4,0,1,0,NoInfo,NoInfo,NoInfo,NoInfo,NoInfo,NoInfo,NoInfo,NoInfo,NoInfo,NoInfo,0,NA,NA,NA,NA,NA,NA,NA,NA,NA,NA,NA,NA,NA,NA,NA,NA,NA,NA,NA,NA,NA,NA,NA,NA
607,Galium mollugo,Rubiaceae,Galium,mollugo,Lamiids,perennial,Biotic,dry_indehiscent,0.643636364,PD,5,0,1,1,0,1,0,0,0,0,0,1,0,0,0,NA,NA,NA,NA,NA,NA,NA,NA,NA,NA,NA,NA,NA,NA,NA,NA,NA,NA,NA,NA,NA,NA,NA,NA
608,Galium monachinii,Rubiaceae,Galium,monachinii,Lamiids,annual,Biotic,dry_dehiscent,2.051022863,PD,1,0,0,0,NoInfo,NoInfo,NoInfo,NoInfo,NoInfo,NoInfo,NoInfo,NoInfo,NoInfo,NoInfo,0,NA,NA,NA,NA,NA,NA,NA,NA,NA,NA,NA,NA,NA,NA,NA,NA,NA,NA,NA,NA,NA,NA,NA,NA
609,Galium murale,Rubiaceae,Galium,murale,Lamiids,annual,Biotic,dry_dehiscent,0.1585,PD,2,0,0,0,NoInfo,NoInfo,NoInfo,NoInfo,NoInfo,NoInfo,NoInfo,NoInfo,NoInfo,NoInfo,0,NA,NA,NA,NA,NA,NA,NA,NA,NA,NA,NA,NA,NA,NA,NA,NA,NA,NA,NA,NA,NA,NA,NA,NA
610,Galium odoratum,Rubiaceae,Galium,odoratum,Lamiids,perennial,Biotic,dry_indehiscent,5.380111111,PD,1,0,0,1,0,1,0,0,1,0,0,1,0,0,0,NA,NA,NA,NA,NA,NA,NA,NA,NA,NA,NA,NA,NA,NA,NA,NA,NA,NA,NA,NA,NA,NA,NA,NA
611,Galium palustre,Rubiaceae,Galium,palustre,Lamiids,perennial,Biotic,dry_indehiscent,1.00475,PD,1,0,0,1,0,0,0,0,0,0,0,1,0,0,0,NA,NA,NA,NA,NA,NA,NA,NA,NA,NA,NA,NA,NA,NA,NA,NA,NA,NA,NA,NA,NA,NA,NA,NA
612,Galium parisiense,Rubiaceae,Galium,parisiense,Lamiids,annual,Biotic,dry_indehiscent,0.159214563,PD,1,0,0,0,NoInfo,NoInfo,NoInfo,NoInfo,NoInfo,NoInfo,NoInfo,NoInfo,NoInfo,NoInfo,0,NA,NA,NA,NA,NA,NA,NA,NA,NA,NA,NA,NA,NA,NA,NA,NA,NA,NA,NA,NA,NA,NA,NA,NA
613,Galium peplidifolium,Rubiaceae,Galium,peplidifolium,Lamiids,annual,Biotic,dry_dehiscent,2.051022863,PD,1,0,0,0,NoInfo,NoInfo,NoInfo,NoInfo,NoInfo,NoInfo,NoInfo,NoInfo,NoInfo,NoInfo,0,NA,NA,NA,NA,NA,NA,NA,NA,NA,NA,NA,NA,NA,NA,NA,NA,NA,NA,NA,NA,NA,NA,NA,NA
614,Galium productum,Rubiaceae,Galium,productum,Lamiids,perennial,Biotic,dry_dehiscent,2.051022863,PD,1,0,0,0,NoInfo,NoInfo,NoInfo,NoInfo,NoInfo,NoInfo,NoInfo,NoInfo,NoInfo,NoInfo,0,NA,NA,NA,NA,NA,NA,NA,NA,NA,NA,NA,NA,NA,NA,NA,NA,NA,NA,NA,NA,NA,NA,NA,NA
615,Galium pumilum,Rubiaceae,Galium,pumilum,Lamiids,perennial,Biotic,dry_indehiscent,0.3795,PD,1,0,1,0,NoInfo,NoInfo,NoInfo,NoInfo,NoInfo,NoInfo,NoInfo,NoInfo,NoInfo,NoInfo,0,NA,NA,NA,NA,NA,NA,NA,NA,NA,NA,NA,NA,NA,NA,NA,NA,NA,NA,NA,NA,NA,NA,NA,NA
616,Galium rotundifolium,Rubiaceae,Galium,rotundifolium,Lamiids,perennial,Biotic,dry_indehiscent,0.793333333,PD,3,0,0,1,0,0,0,0,0,0,0,1,0,0,0,NA,NA,NA,NA,NA,NA,NA,NA,NA,NA,NA,NA,NA,NA,NA,NA,NA,NA,NA,NA,NA,NA,NA,NA
617,Galium saxatile,Rubiaceae,Galium,saxatile,Lamiids,perennial,Biotic,dry_indehiscent,0.6133,PD,2,0,1,0,NoInfo,NoInfo,NoInfo,NoInfo,NoInfo,NoInfo,NoInfo,NoInfo,NoInfo,NoInfo,0,NA,NA,NA,NA,NA,NA,NA,NA,NA,NA,NA,NA,NA,NA,NA,NA,NA,NA,NA,NA,NA,NA,NA,NA
618,Galium schmidii,Rubiaceae,Galium,schmidii,Lamiids,perennial,Biotic,dry_dehiscent,2.051022863,PD,1,0,0,0,NoInfo,NoInfo,NoInfo,NoInfo,NoInfo,NoInfo,NoInfo,NoInfo,NoInfo,NoInfo,0,NA,NA,NA,NA,NA,NA,NA,NA,NA,NA,NA,NA,NA,NA,NA,NA,NA,NA,NA,NA,NA,NA,NA,NA
619,Galium stellatum,Rubiaceae,Galium,stellatum,Lamiids,perennial,Biotic,dry_dehiscent,2.8288,PD,1,0,0,0,NoInfo,NoInfo,NoInfo,NoInfo,NoInfo,NoInfo,NoInfo,NoInfo,NoInfo,NoInfo,0,NA,NA,NA,NA,NA,NA,NA,NA,NA,NA,NA,NA,NA,NA,NA,NA,NA,NA,NA,NA,NA,NA,NA,NA
620,Galium taygeteum,Rubiaceae,Galium,taygeteum,Lamiids,perennial,Biotic,dry_dehiscent,2.051022863,PD,1,0,0,0,NoInfo,NoInfo,NoInfo,NoInfo,NoInfo,NoInfo,NoInfo,NoInfo,NoInfo,NoInfo,0,NA,NA,NA,NA,NA,NA,NA,NA,NA,NA,NA,NA,NA,NA,NA,NA,NA,NA,NA,NA,NA,NA,NA,NA
621,Galium thymifolium,Rubiaceae,Galium,thymifolium,Lamiids,perennial,Biotic,dry_dehiscent,2.051022863,PD,1,0,0,0,NoInfo,NoInfo,NoInfo,NoInfo,NoInfo,NoInfo,NoInfo,NoInfo,NoInfo,NoInfo,0,NA,NA,NA,NA,NA,NA,NA,NA,NA,NA,NA,NA,NA,NA,NA,NA,NA,NA,NA,NA,NA,NA,NA,NA
622,Galium tricornutum,Rubiaceae,Galium,tricornutum,Lamiids,annual,Biotic,dry_indehiscent,10.492,PD,1,0,0,0,NoInfo,NoInfo,NoInfo,NoInfo,NoInfo,NoInfo,NoInfo,NoInfo,NoInfo,NoInfo,0,NA,NA,NA,NA,NA,NA,NA,NA,NA,NA,NA,NA,NA,NA,NA,NA,NA,NA,NA,NA,NA,NA,NA,NA
623,Galium verum,Rubiaceae,Galium,verum,Lamiids,perennial,Biotic,dry_indehiscent,0.493538889,PD,3,0,1,1,0,0,0,0,0,0,1,1,0,0,0,NA,NA,NA,NA,NA,NA,NA,NA,NA,NA,NA,NA,NA,NA,NA,NA,NA,NA,NA,NA,NA,NA,NA,NA
624,Gastridium phleoides,Poaceae,Gastridium,phleoides,Commelinid-monocots,annual,Abiotic,dry_indehiscent,0.14,NoInfo,1,0,0,0,NoInfo,NoInfo,NoInfo,NoInfo,NoInfo,NoInfo,NoInfo,NoInfo,NoInfo,NoInfo,0,NA,NA,NA,NA,NA,NA,NA,NA,NA,NA,NA,NA,NA,NA,NA,NA,NA,NA,NA,NA,NA,NA,NA,NA
625,Gelasia tomentosa,Asteraceae,Gelasia,tomentosa,Campanulids,perennial,Biotic,dry_indehiscent,10.09782667,NoInfo,1,0,0,0,NoInfo,NoInfo,NoInfo,NoInfo,NoInfo,NoInfo,NoInfo,NoInfo,NoInfo,NoInfo,0,NA,NA,NA,NA,NA,NA,NA,NA,NA,NA,NA,NA,NA,NA,NA,NA,NA,NA,NA,NA,NA,NA,NA,NA
626,Gelasia villosa,Asteraceae,Gelasia,villosa,Campanulids,perennial,Biotic,dry_indehiscent,10.09782667,NoInfo,1,0,0,0,NoInfo,NoInfo,NoInfo,NoInfo,NoInfo,NoInfo,NoInfo,NoInfo,NoInfo,NoInfo,0,NA,NA,NA,NA,NA,NA,NA,NA,NA,NA,NA,NA,NA,NA,NA,NA,NA,NA,NA,NA,NA,NA,NA,NA
627,Genista acanthoclada,Fabaceae,Genista,acanthoclada,Fabids,perennial,Biotic,dry_dehiscent,5.04441854,PY(PD),1,0,0,1,0,0,0,0,0,0,1,0,0,0,0,NA,NA,NA,NA,NA,NA,NA,NA,NA,NA,NA,NA,NA,NA,NA,NA,NA,NA,NA,NA,NA,NA,NA,NA
628,Genista cinerascens,Fabaceae,Genista,cinerascens,Fabids,perennial,Biotic,dry_dehiscent,3.9,PY(PD),1,0,0,0,NoInfo,NoInfo,NoInfo,NoInfo,NoInfo,NoInfo,NoInfo,NoInfo,NoInfo,NoInfo,0,NA,NA,NA,NA,NA,NA,NA,NA,NA,NA,NA,NA,NA,NA,NA,NA,NA,NA,NA,NA,NA,NA,NA,NA
629,Genista cinerea,Fabaceae,Genista,cinerea,Fabids,perennial,Biotic,dry_dehiscent,5.04441854,PY(PD),1,0,0,0,NoInfo,NoInfo,NoInfo,NoInfo,NoInfo,NoInfo,NoInfo,NoInfo,NoInfo,NoInfo,1,0,NA,NA,NA,NA,NA,NA,NA,NA,NA,NA,NA,NA,NA,NA,NA,NA,NA,NA,NA,NA,0,NA,0
630,Genista corsica,Fabaceae,Genista,corsica,Fabids,perennial,Biotic,dry_dehiscent,4.1556,PY(PD),1,0,0,0,NoInfo,NoInfo,NoInfo,NoInfo,NoInfo,NoInfo,NoInfo,NoInfo,NoInfo,NoInfo,0,NA,NA,NA,NA,NA,NA,NA,NA,NA,NA,NA,NA,NA,NA,NA,NA,NA,NA,NA,NA,NA,NA,NA,NA
631,Genista cupanii,Fabaceae,Genista,cupanii,Fabids,perennial,Biotic,dry_dehiscent,5.04441854,PY(PD),1,0,0,0,NoInfo,NoInfo,NoInfo,NoInfo,NoInfo,NoInfo,NoInfo,NoInfo,NoInfo,NoInfo,0,NA,NA,NA,NA,NA,NA,NA,NA,NA,NA,NA,NA,NA,NA,NA,NA,NA,NA,NA,NA,NA,NA,NA,NA
632,Genista desoleana,Fabaceae,Genista,desoleana,Fabids,perennial,Biotic,dry_dehiscent,2.421,PY(PD),1,0,0,0,NoInfo,NoInfo,NoInfo,NoInfo,NoInfo,NoInfo,NoInfo,NoInfo,NoInfo,NoInfo,0,NA,NA,NA,NA,NA,NA,NA,NA,NA,NA,NA,NA,NA,NA,NA,NA,NA,NA,NA,NA,NA,NA,NA,NA
633,Genista ephedroides,Fabaceae,Genista,ephedroides,Fabids,perennial,Biotic,dry_dehiscent,5.04441854,PY(PD),1,0,0,0,NoInfo,NoInfo,NoInfo,NoInfo,NoInfo,NoInfo,NoInfo,NoInfo,NoInfo,NoInfo,0,NA,NA,NA,NA,NA,NA,NA,NA,NA,NA,NA,NA,NA,NA,NA,NA,NA,NA,NA,NA,NA,NA,NA,NA
634,Genista florida,Fabaceae,Genista,florida,Fabids,perennial,Biotic,dry_dehiscent,7.1772,PY(PD),1,0,0,1,0,0,0,0,0,0,1,0,0,0,1,0,NA,NA,NA,NA,NA,NA,NA,NA,NA,NA,NA,NA,NA,NA,NA,NA,NA,NA,NA,NA,0,NA,0
635,Genista hispanica,Fabaceae,Genista,hispanica,Fabids,perennial,Biotic,dry_dehiscent,5.04441854,PY(PD),1,0,1,1,0,0,0,0,0,0,1,0,0,0,0,NA,NA,NA,NA,NA,NA,NA,NA,NA,NA,NA,NA,NA,NA,NA,NA,NA,NA,NA,NA,NA,NA,NA,NA
636,Genista hystrix,Fabaceae,Genista,hystrix,Fabids,perennial,Biotic,dry_dehiscent,3.8,PY(PD),1,0,0,0,NoInfo,NoInfo,NoInfo,NoInfo,NoInfo,NoInfo,NoInfo,NoInfo,NoInfo,NoInfo,0,NA,NA,NA,NA,NA,NA,NA,NA,NA,NA,NA,NA,NA,NA,NA,NA,NA,NA,NA,NA,NA,NA,NA,NA
637,Genista lobelii,Fabaceae,Genista,lobelii,Fabids,perennial,Biotic,dry_dehiscent,5.04441854,PY(PD),2,0,0,0,NoInfo,NoInfo,NoInfo,NoInfo,NoInfo,NoInfo,NoInfo,NoInfo,NoInfo,NoInfo,0,NA,NA,NA,NA,NA,NA,NA,NA,NA,NA,NA,NA,NA,NA,NA,NA,NA,NA,NA,NA,NA,NA,NA,NA
638,Genista pilosa,Fabaceae,Genista,pilosa,Fabids,perennial,Biotic,dry_dehiscent,2.859142857,PY(PD),1,0,1,0,0,1,0,0,0,0,0,0,0,0,0,NA,NA,NA,NA,NA,NA,NA,NA,NA,NA,NA,NA,NA,NA,NA,NA,NA,NA,NA,NA,NA,NA,NA,NA
639,Genista salzmannii,Fabaceae,Genista,salzmannii,Fabids,perennial,Biotic,dry_dehiscent,5.04441854,PY(PD),2,0,0,0,NoInfo,NoInfo,NoInfo,NoInfo,NoInfo,NoInfo,NoInfo,NoInfo,NoInfo,NoInfo,0,NA,NA,NA,NA,NA,NA,NA,NA,NA,NA,NA,NA,NA,NA,NA,NA,NA,NA,NA,NA,NA,NA,NA,NA
640,Genista sanabrensis,Fabaceae,Genista,sanabrensis,Fabids,perennial,Biotic,dry_dehiscent,5.04441854,PY(PD),1,0,0,0,NoInfo,NoInfo,NoInfo,NoInfo,NoInfo,NoInfo,NoInfo,NoInfo,NoInfo,NoInfo,0,NA,NA,NA,NA,NA,NA,NA,NA,NA,NA,NA,NA,NA,NA,NA,NA,NA,NA,NA,NA,NA,NA,NA,NA
641,Genista sardoa,Fabaceae,Genista,sardoa,Fabids,perennial,Biotic,dry_dehiscent,5.04441854,PY(PD),1,0,0,0,NoInfo,NoInfo,NoInfo,NoInfo,NoInfo,NoInfo,NoInfo,NoInfo,NoInfo,NoInfo,0,NA,NA,NA,NA,NA,NA,NA,NA,NA,NA,NA,NA,NA,NA,NA,NA,NA,NA,NA,NA,NA,NA,NA,NA
642,Genista scorpius,Fabaceae,Genista,scorpius,Fabids,perennial,Biotic,dry_dehiscent,6.495998823,PY(PD),6,0,1,1,0,0,0,0,0,0,0,1,0,0,1,1,3.969887054,-147.8557527,1371.867612,18.62216113,-4.829213379,0.007929428,NA,NA,17.93312719,19.31119506,-1.378067871,NA,585.9747468,295.5823361,NA,NA,161.0501067,870.4723403,NA,4,0,0,0
643,Genista sericea,Fabaceae,Genista,sericea,Fabids,perennial,Biotic,dry_dehiscent,5.04441854,PY(PD),1,0,0,0,NoInfo,NoInfo,NoInfo,NoInfo,NoInfo,NoInfo,NoInfo,NoInfo,NoInfo,NoInfo,0,NA,NA,NA,NA,NA,NA,NA,NA,NA,NA,NA,NA,NA,NA,NA,NA,NA,NA,NA,NA,NA,NA,NA,NA
644,Genista sylvestris,Fabaceae,Genista,sylvestris,Fabids,perennial,Biotic,dry_dehiscent,5.04441854,PY(PD),1,0,0,0,NoInfo,NoInfo,NoInfo,NoInfo,NoInfo,NoInfo,NoInfo,NoInfo,NoInfo,NoInfo,0,NA,NA,NA,NA,NA,NA,NA,NA,NA,NA,NA,NA,NA,NA,NA,NA,NA,NA,NA,NA,NA,NA,NA,NA
645,Genista tenera,Fabaceae,Genista,tenera,Fabids,perennial,Biotic,dry_dehiscent,5.3,PY(PD),1,0,0,0,NoInfo,NoInfo,NoInfo,NoInfo,NoInfo,NoInfo,NoInfo,NoInfo,NoInfo,NoInfo,0,NA,NA,NA,NA,NA,NA,NA,NA,NA,NA,NA,NA,NA,NA,NA,NA,NA,NA,NA,NA,NA,NA,NA,NA
646,Gentiana acaulis,Gentianaceae,Gentiana,acaulis,Lamiids,perennial,Biotic,dry_dehiscent,0.378333333,M(P)D,1,0,1,1,0,1,0,0,0,0,0,1,0,0,1,1,-0.175162624,5.094369062,-34.59146095,14.54182675,2.449255193,0.920506967,16.24494057,12.83871293,20.0909253,8.992728199,11.0981971,3.406227641,NA,NA,NA,NA,NA,NA,NA,3,1,1,1
647,Gentiana pyrenaica,Gentianaceae,Gentiana,pyrenaica,Lamiids,perennial,Biotic,fleshy,0.205625617,M(P)D,1,0,0,0,NoInfo,NoInfo,NoInfo,NoInfo,NoInfo,NoInfo,NoInfo,NoInfo,NoInfo,NoInfo,0,NA,NA,NA,NA,NA,NA,NA,NA,NA,NA,NA,NA,NA,NA,NA,NA,NA,NA,NA,NA,NA,NA,NA,NA
648,Gentianella bulgarica,Gentianaceae,Gentianella,bulgarica,Lamiids,annual,Biotic,fleshy,0.2548,NoInfo,1,0,0,0,NoInfo,NoInfo,NoInfo,NoInfo,NoInfo,NoInfo,NoInfo,NoInfo,NoInfo,NoInfo,0,NA,NA,NA,NA,NA,NA,NA,NA,NA,NA,NA,NA,NA,NA,NA,NA,NA,NA,NA,NA,NA,NA,NA,NA
649,Gentianella tortuosa,Gentianaceae,Gentianella,tortuosa,Lamiids,annual,Biotic,fleshy,0.206333005,NoInfo,1,0,0,0,NoInfo,NoInfo,NoInfo,NoInfo,NoInfo,NoInfo,NoInfo,NoInfo,NoInfo,NoInfo,0,NA,NA,NA,NA,NA,NA,NA,NA,NA,NA,NA,NA,NA,NA,NA,NA,NA,NA,NA,NA,NA,NA,NA,NA
650,Geranium macrorrhizum,Geraniaceae,Geranium,macrorrhizum,Malvids,perennial,Biotic,dry_indehiscent,2.54,PY(PD),1,0,0,1,0,1,0,0,0,0,1,1,0,0,0,NA,NA,NA,NA,NA,NA,NA,NA,NA,NA,NA,NA,NA,NA,NA,NA,NA,NA,NA,NA,NA,NA,NA,NA
651,Geranium macrostylum,Geraniaceae,Geranium,macrostylum,Malvids,perennial,Biotic,dry_indehiscent,4.275430149,PY(PD),2,0,0,0,NoInfo,NoInfo,NoInfo,NoInfo,NoInfo,NoInfo,NoInfo,NoInfo,NoInfo,NoInfo,0,NA,NA,NA,NA,NA,NA,NA,NA,NA,NA,NA,NA,NA,NA,NA,NA,NA,NA,NA,NA,NA,NA,NA,NA
652,Geranium molle,Geraniaceae,Geranium,molle,Malvids,annual,Biotic,dry_indehiscent,1.076153846,PY(PD),2,0,1,1,0,0,0,0,0,0,0,1,0,0,1,0,NA,NA,NA,NA,NA,NA,NA,NA,NA,NA,NA,NA,NA,NA,NA,NA,NA,NA,NA,NA,0,NA,0
653,Geranium purpureum,Geraniaceae,Geranium,purpureum,Malvids,perennial,Biotic,dry_indehiscent,1.871666667,PY(PD),3,0,0,0,NoInfo,NoInfo,NoInfo,NoInfo,NoInfo,NoInfo,NoInfo,NoInfo,NoInfo,NoInfo,0,NA,NA,NA,NA,NA,NA,NA,NA,NA,NA,NA,NA,NA,NA,NA,NA,NA,NA,NA,NA,NA,NA,NA,NA
654,Geranium robertianum,Geraniaceae,Geranium,robertianum,Malvids,perennial,Biotic,dry_indehiscent,1.40583,PY(PD),1,0,0,1,0,1,0,0,0,0,0,1,0,0,1,1,-0.013592726,0.49938091,-3.460409844,18.36941663,1.126258153,0.755147694,22.15414841,14.58468485,35.67479532,1.064037937,34.61075739,7.569463553,NA,NA,NA,NA,NA,NA,NA,20,1,NA,NA
655,Geranium rotundifolium,Geraniaceae,Geranium,rotundifolium,Malvids,annual,Biotic,dry_indehiscent,1.853247059,PY(PD),1,0,0,1,0,0,0,0,0,0,0,1,0,0,0,NA,NA,NA,NA,NA,NA,NA,NA,NA,NA,NA,NA,NA,NA,NA,NA,NA,NA,NA,NA,NA,NA,NA,NA
656,Geranium subcaulescens,Geraniaceae,Geranium,subcaulescens,Malvids,perennial,Biotic,dry_indehiscent,4.275430149,PY(PD),1,0,0,0,NoInfo,NoInfo,NoInfo,NoInfo,NoInfo,NoInfo,NoInfo,NoInfo,NoInfo,NoInfo,0,NA,NA,NA,NA,NA,NA,NA,NA,NA,NA,NA,NA,NA,NA,NA,NA,NA,NA,NA,NA,NA,NA,NA,NA
657,Geranium tuberosum,Geraniaceae,Geranium,tuberosum,Malvids,perennial,Biotic,dry_indehiscent,4.275430149,PY(PD),1,0,0,1,0,0,0,0,0,0,0,1,0,0,0,NA,NA,NA,NA,NA,NA,NA,NA,NA,NA,NA,NA,NA,NA,NA,NA,NA,NA,NA,NA,NA,NA,NA,NA
658,Geranium versicolor,Geraniaceae,Geranium,versicolor,Malvids,perennial,Biotic,dry_indehiscent,4.275430149,PY(PD),1,0,0,0,NoInfo,NoInfo,NoInfo,NoInfo,NoInfo,NoInfo,NoInfo,NoInfo,NoInfo,NoInfo,0,NA,NA,NA,NA,NA,NA,NA,NA,NA,NA,NA,NA,NA,NA,NA,NA,NA,NA,NA,NA,NA,NA,NA,NA
659,Geum coccineum,Rosaceae,Geum,coccineum,Fabids,perennial,Biotic,fleshy,1.3012,ND,1,0,0,0,0,1,0,0,0,0,0,0,0,0,0,NA,NA,NA,NA,NA,NA,NA,NA,NA,NA,NA,NA,NA,NA,NA,NA,NA,NA,NA,NA,NA,NA,NA,NA
660,Geum heterocarpum,Rosaceae,Geum,heterocarpum,Fabids,perennial,Biotic,fleshy,1.651364334,ND,1,0,0,0,NoInfo,NoInfo,NoInfo,NoInfo,NoInfo,NoInfo,NoInfo,NoInfo,NoInfo,NoInfo,0,NA,NA,NA,NA,NA,NA,NA,NA,NA,NA,NA,NA,NA,NA,NA,NA,NA,NA,NA,NA,NA,NA,NA,NA
661,Geum urbanum,Rosaceae,Geum,urbanum,Fabids,perennial,Biotic,dry_indehiscent,1.923436364,PD,2,0,1,1,0,0,0,0,1,0,0,1,0,0,1,1,-0.072840621,2.846901869,-24.71041807,19.54199332,3.106650588,0.957166243,22.85901105,16.22497559,28.65643289,10.42755375,18.22887915,6.634035467,NA,NA,NA,NA,NA,NA,NA,8,1,1,1
662,Glaucium flavum,Papaveraceae,Glaucium,flavum,Early EU,perennial,Biotic,dry_dehiscent,1.089522222,M(P)D,1,0,0,1,0,1,0,0,0,0,0,1,1,0,1,1,-0.010657344,0.168011736,-0.02326571,7.882439659,0.638905474,0.654506,11.52999334,4.234885979,26.21908119,-10.45420187,36.67328306,7.29510736,2.470059579,16.65367983,9.041777758,17.12522572,7.722428604,18.12039951,22.61659983,11,1,0,0
663,Glebionis coronaria,Asteraceae,Glebionis,coronaria,Campanulids,annual,Biotic,dry_indehiscent,1.900909091,PD,1,0,0,1,0,1,0,1,1,0,1,1,0,0,1,1,-0.002184606,0.028915421,-2.203302624,6.61799585,-2.107621556,0.10835825,11.74171002,1.494281676,26.18970894,-12.95371724,39.14342619,10.24742835,NA,NA,NA,NA,NA,NA,NA,6,1,1,1
664,Glechoma hederacea,Lamiaceae,Glechoma,hederacea,Lamiids,perennial,Biotic,dry_dehiscent,0.6384,NoInfo,1,0,1,1,0,0,0,0,0,0,0,1,1,0,0,NA,NA,NA,NA,NA,NA,NA,NA,NA,NA,NA,NA,NA,NA,NA,NA,NA,NA,NA,NA,NA,NA,NA,NA
665,Globularia bisnagarica,Plantaginaceae,Globularia,bisnagarica,Lamiids,perennial,Biotic,fleshy,0.605555556,NoInfo,2,0,1,0,NoInfo,NoInfo,NoInfo,NoInfo,NoInfo,NoInfo,NoInfo,NoInfo,NoInfo,NoInfo,0,NA,NA,NA,NA,NA,NA,NA,NA,NA,NA,NA,NA,NA,NA,NA,NA,NA,NA,NA,NA,NA,NA,NA,NA
666,Globularia cordifolia,Plantaginaceae,Globularia,cordifolia,Lamiids,perennial,Biotic,dry_indehiscent,0.578,NoInfo,2,0,1,1,0,1,0,0,0,0,0,1,0,0,1,1,-0.040375949,1.492480175,-9.631017181,18.48229209,4.161210087,0.984650594,24.55331911,12.41126506,31.74830771,5.216276467,26.53203124,12.14205405,NA,NA,NA,NA,NA,NA,NA,7,1,1,1
667,Globularia vulgaris,Plantaginaceae,Globularia,vulgaris,Lamiids,perennial,Biotic,dry_indehiscent,0.6548,NoInfo,3,0,0,1,0,0,0,0,0,0,0,1,0,0,0,NA,NA,NA,NA,NA,NA,NA,NA,NA,NA,NA,NA,NA,NA,NA,NA,NA,NA,NA,NA,NA,NA,NA,NA
668,Glycyrrhiza glabra,Fabaceae,Glycyrrhiza,glabra,Fabids,perennial,Biotic,dry_dehiscent,9.62,PY(PD),1,0,0,1,0,1,1,0,1,0,1,1,1,1,0,NA,NA,NA,NA,NA,NA,NA,NA,NA,NA,NA,NA,NA,NA,NA,NA,NA,NA,NA,NA,NA,NA,NA,NA
669,Gratiola officinalis,Plantaginaceae,Gratiola,officinalis,Lamiids,perennial,Biotic,dry_dehiscent,0.0274,PD,1,0,0,1,0,1,0,0,0,0,0,1,0,0,0,NA,NA,NA,NA,NA,NA,NA,NA,NA,NA,NA,NA,NA,NA,NA,NA,NA,NA,NA,NA,NA,NA,NA,NA
670,Gymnadenia frivaldii,Orchidaceae,Gymnadenia,frivaldii,Monocots,perennial,Biotic,dry_dehiscent,0.006457143,NoInfo,1,0,0,0,NoInfo,NoInfo,NoInfo,NoInfo,NoInfo,NoInfo,NoInfo,NoInfo,NoInfo,NoInfo,0,NA,NA,NA,NA,NA,NA,NA,NA,NA,NA,NA,NA,NA,NA,NA,NA,NA,NA,NA,NA,NA,NA,NA,NA
671,Gypsophila struthium,Caryophyllaceae,Gypsophila,struthium,Caryophyllales,perennial,Biotic,dry_dehiscent,0.6682,PD,1,0,0,1,0,0,0,0,0,0,0,1,0,0,1,0,NA,NA,NA,NA,NA,NA,NA,NA,NA,NA,NA,NA,NA,NA,NA,NA,NA,NA,NA,NA,0,NA,0
672,Hedera helix,Araliaceae,Hedera,helix,Campanulids,perennial,Biotic,fleshy,22.76821667,M(P)D,10,0,0,1,0,1,0,0,0,0,1,1,1,0,0,NA,NA,NA,NA,NA,NA,NA,NA,NA,NA,NA,NA,NA,NA,NA,NA,NA,NA,NA,NA,NA,NA,NA,NA
673,Hedypnois rhagadioloides,Asteraceae,Hedypnois,rhagadioloides,Campanulids,annual,Biotic,dry_indehiscent,9.210549412,NoInfo,3,0,0,1,1,0,0,0,0,0,0,0,0,0,1,0,NA,NA,NA,NA,NA,NA,NA,NA,NA,NA,NA,NA,NA,NA,NA,NA,NA,NA,NA,NA,0,NA,0
674,Helianthemum apenninum,Cistaceae,Helianthemum,apenninum,Malvids,perennial,Biotic,dry_dehiscent,1.15088125,PY(PD),3,0,1,1,1,0,0,0,0,0,0,0,0,0,1,1,-0.040255327,1.504777303,-11.87553396,18.69041224,2.186920103,0.899068767,21.91922171,15.46160277,29.98068737,7.400137105,22.58055026,6.45761894,NA,NA,NA,NA,NA,NA,NA,5,1,1,1
675,Helianthemum canum,Cistaceae,Helianthemum,canum,Malvids,perennial,Biotic,dry_dehiscent,0.852657143,PY(PD),5,0,1,0,NoInfo,NoInfo,NoInfo,NoInfo,NoInfo,NoInfo,NoInfo,NoInfo,NoInfo,NoInfo,0,NA,NA,NA,NA,NA,NA,NA,NA,NA,NA,NA,NA,NA,NA,NA,NA,NA,NA,NA,NA,NA,NA,NA,NA
676,Helianthemum hirtum,Cistaceae,Helianthemum,hirtum,Malvids,perennial,Biotic,dry_dehiscent,1.6222,PY(PD),1,0,0,0,NoInfo,NoInfo,NoInfo,NoInfo,NoInfo,NoInfo,NoInfo,NoInfo,NoInfo,NoInfo,1,0,NA,NA,NA,NA,NA,NA,NA,NA,NA,NA,NA,NA,NA,NA,NA,NA,NA,NA,NA,NA,0,NA,0
677,Helianthemum nummularium,Cistaceae,Helianthemum,nummularium,Malvids,perennial,Biotic,dry_dehiscent,1.041181395,PD,6,0,1,1,0,1,0,0,0,0,0,1,0,0,1,1,-0.018497247,0.64576216,-1.616429861,17.45562907,4.019662506,0.982357812,26.09967462,8.811583519,36.85908101,-1.947822873,38.80690388,17.2880911,5.917805148,6.172138354,3.673490674,3.762235734,1.756197507,11.57127912,6.55446292,12,1,1,1
678,Helianthemum oelandicum,Cistaceae,Helianthemum,oelandicum,Malvids,perennial,Biotic,dry_dehiscent,0.643738462,PY(PD),2,0,1,0,NoInfo,NoInfo,NoInfo,NoInfo,NoInfo,NoInfo,NoInfo,NoInfo,NoInfo,NoInfo,1,1,-0.055457032,1.292221632,-3.760211647,11.65065634,3.767403425,0.9774101,16.308046,6.993266666,22.6519198,0.64939287,22.00252693,9.314779338,NA,NA,NA,NA,NA,NA,NA,3,1,0,0
679,Helianthemum origanifolium,Cistaceae,Helianthemum,origanifolium,Malvids,perennial,Biotic,dry_dehiscent,0.691781918,PY(PD),1,0,0,0,NoInfo,NoInfo,NoInfo,NoInfo,NoInfo,NoInfo,NoInfo,NoInfo,NoInfo,NoInfo,0,NA,NA,NA,NA,NA,NA,NA,NA,NA,NA,NA,NA,NA,NA,NA,NA,NA,NA,NA,NA,NA,NA,NA,NA
680,Helianthemum salicifolium,Cistaceae,Helianthemum,salicifolium,Malvids,annual,Biotic,dry_dehiscent,0.294,PY(PD),1,0,0,1,1,1,0,0,0,0,0,1,0,0,0,NA,NA,NA,NA,NA,NA,NA,NA,NA,NA,NA,NA,NA,NA,NA,NA,NA,NA,NA,NA,NA,NA,NA,NA
681,Helianthemum squamatum,Cistaceae,Helianthemum,squamatum,Malvids,perennial,Biotic,dry_dehiscent,0.352227273,PY(PD),1,0,0,0,NoInfo,NoInfo,NoInfo,NoInfo,NoInfo,NoInfo,NoInfo,NoInfo,NoInfo,NoInfo,1,1,0.019790903,-0.642935389,4.005330869,16.24320501,-1.216334795,0.228582102,NA,NA,NA,NA,NA,NA,NA,NA,NA,NA,NA,NA,NA,4,0,1,0
682,Helianthemum syriacum,Cistaceae,Helianthemum,syriacum,Malvids,perennial,Biotic,dry_dehiscent,0.357922839,PY(PD),1,0,0,0,NoInfo,NoInfo,NoInfo,NoInfo,NoInfo,NoInfo,NoInfo,NoInfo,NoInfo,NoInfo,1,0,NA,NA,NA,NA,NA,NA,NA,NA,NA,NA,NA,NA,NA,NA,NA,NA,NA,NA,NA,NA,0,NA,0
683,Helianthemum violaceum,Cistaceae,Helianthemum,violaceum,Malvids,perennial,Biotic,dry_dehiscent,0.791066667,PY(PD),1,0,0,0,NoInfo,NoInfo,NoInfo,NoInfo,NoInfo,NoInfo,NoInfo,NoInfo,NoInfo,NoInfo,1,0,NA,NA,NA,NA,NA,NA,NA,NA,NA,NA,NA,NA,NA,NA,NA,NA,NA,NA,NA,NA,0,NA,0
684,Helichrysum italicum,Asteraceae,Helichrysum,italicum,Campanulids,perennial,Biotic,dry_indehiscent,0.071733333,PD,5,0,0,1,0,0,0,0,1,0,1,1,0,0,1,1,-0.010672271,0.340161571,-4.606043685,15.93669974,-1.895517274,0.130616672,18.28350038,13.5898991,25.85056712,6.022832365,19.82773475,4.693601286,9.49066041,9.852909437,39.23631746,39.32120534,1.411656369,19.13984911,78.50681817,6,1,1,1
685,Helichrysum litoreum,Asteraceae,Helichrysum,litoreum,Campanulids,perennial,Biotic,dry_indehiscent,0.0572,PD,1,0,0,0,NoInfo,NoInfo,NoInfo,NoInfo,NoInfo,NoInfo,NoInfo,NoInfo,NoInfo,NoInfo,1,1,-0.024682611,0.752415078,-3.299415406,15.24180498,2.434666533,0.919432888,19.75496882,10.72864114,30.0042905,0.479319456,29.52497104,9.026327681,NA,NA,NA,NA,NA,NA,NA,3,1,0,0
686,Helichrysum melaleucum,Asteraceae,Helichrysum,melaleucum,Campanulids,perennial,Biotic,dry_indehiscent,0.268631451,PD,1,0,0,0,NoInfo,NoInfo,NoInfo,NoInfo,NoInfo,NoInfo,NoInfo,NoInfo,NoInfo,NoInfo,0,NA,NA,NA,NA,NA,NA,NA,NA,NA,NA,NA,NA,NA,NA,NA,NA,NA,NA,NA,NA,NA,NA,NA,NA
687,Helichrysum plicatum,Asteraceae,Helichrysum,plicatum,Campanulids,perennial,Biotic,dry_indehiscent,0.162063333,PD,1,0,0,0,NoInfo,NoInfo,NoInfo,NoInfo,NoInfo,NoInfo,NoInfo,NoInfo,NoInfo,NoInfo,0,NA,NA,NA,NA,NA,NA,NA,NA,NA,NA,NA,NA,NA,NA,NA,NA,NA,NA,NA,NA,NA,NA,NA,NA
688,Helichrysum stoechas,Asteraceae,Helichrysum,stoechas,Campanulids,perennial,Biotic,dry_indehiscent,0.050389333,PD,7,0,0,1,0,0,0,0,0,0,0,1,0,0,1,1,-0.018671043,0.657334326,-4.627451765,17.60304217,1.158090161,0.760985514,20.86787219,14.33821214,32.42622769,2.77985665,29.64637104,6.529660053,NA,NA,NA,NA,NA,NA,NA,7,1,1,1
689,Helictochloa bromoides,Poaceae,Helictochloa,bromoides,Commelinid-monocots,perennial,Abiotic,dry_indehiscent,1.479857143,NoInfo,4,0,0,0,NoInfo,NoInfo,NoInfo,NoInfo,NoInfo,NoInfo,NoInfo,NoInfo,NoInfo,NoInfo,0,NA,NA,NA,NA,NA,NA,NA,NA,NA,NA,NA,NA,NA,NA,NA,NA,NA,NA,NA,NA,NA,NA,NA,NA
690,Helictochloa marginata,Poaceae,Helictochloa,marginata,Commelinid-monocots,perennial,Abiotic,dry_indehiscent,2,NoInfo,2,0,1,0,NoInfo,NoInfo,NoInfo,NoInfo,NoInfo,NoInfo,NoInfo,NoInfo,NoInfo,NoInfo,1,1,-0.012581264,0.299919775,-0.797701567,11.91930235,0.989715676,0.729031759,15.67546502,8.163139683,29.60261311,-5.764008409,35.36662152,7.512325338,NA,NA,NA,NA,NA,NA,NA,4,1,1,1
691,Helictochloa pratensis,Poaceae,Helictochloa,pratensis,Commelinid-monocots,perennial,Abiotic,dry_indehiscent,2.541728273,NoInfo,3,0,1,0,NoInfo,NoInfo,NoInfo,NoInfo,NoInfo,NoInfo,NoInfo,NoInfo,NoInfo,NoInfo,0,NA,NA,NA,NA,NA,NA,NA,NA,NA,NA,NA,NA,NA,NA,NA,NA,NA,NA,NA,NA,NA,NA,NA,NA
692,Helictotrichon filifolium,Poaceae,Helictotrichon,filifolium,Commelinid-monocots,perennial,Abiotic,dry_indehiscent,1.2,NoInfo,1,0,0,0,NoInfo,NoInfo,NoInfo,NoInfo,NoInfo,NoInfo,NoInfo,NoInfo,NoInfo,NoInfo,0,NA,NA,NA,NA,NA,NA,NA,NA,NA,NA,NA,NA,NA,NA,NA,NA,NA,NA,NA,NA,NA,NA,NA,NA
693,Helleborus foetidus,Ranunculaceae,Helleborus,foetidus,Early EU,perennial,Biotic,dry_indehiscent,11.34931111,M(P)D,3,0,1,1,0,1,0,0,0,0,0,1,1,0,1,0,NA,NA,NA,NA,NA,NA,NA,NA,NA,NA,NA,NA,NA,NA,NA,NA,NA,NA,NA,NA,0,NA,0
694,Helleborus lividus,Ranunculaceae,Helleborus,lividus,Early EU,perennial,Biotic,dry_indehiscent,10.13876984,M(P)D,2,0,0,0,NoInfo,NoInfo,NoInfo,NoInfo,NoInfo,NoInfo,NoInfo,NoInfo,NoInfo,NoInfo,0,NA,NA,NA,NA,NA,NA,NA,NA,NA,NA,NA,NA,NA,NA,NA,NA,NA,NA,NA,NA,NA,NA,NA,NA
695,Helleborus odorus,Ranunculaceae,Helleborus,odorus,Early EU,perennial,Biotic,dry_indehiscent,9.4656,M(P)D,1,0,0,1,0,0,0,0,0,0,0,1,0,0,0,NA,NA,NA,NA,NA,NA,NA,NA,NA,NA,NA,NA,NA,NA,NA,NA,NA,NA,NA,NA,NA,NA,NA,NA
696,Helleborus vesicarius,Ranunculaceae,Helleborus,vesicarius,Early EU,perennial,Biotic,dry_indehiscent,10.13876984,M(P)D,1,0,0,1,0,0,0,0,0,0,0,1,0,0,0,NA,NA,NA,NA,NA,NA,NA,NA,NA,NA,NA,NA,NA,NA,NA,NA,NA,NA,NA,NA,NA,NA,NA,NA
697,Hepatica nobilis,Ranunculaceae,Hepatica,nobilis,Early EU,perennial,Biotic,dry_indehiscent,2.803722222,M(P)D,3,0,1,1,0,0,0,0,0,0,0,1,0,0,0,NA,NA,NA,NA,NA,NA,NA,NA,NA,NA,NA,NA,NA,NA,NA,NA,NA,NA,NA,NA,NA,NA,NA,NA
698,Herniaria fruticosa,Caryophyllaceae,Herniaria,fruticosa,Caryophyllales,perennial,Biotic,dry_indehiscent,0.309458514,PD,1,0,0,0,NoInfo,NoInfo,NoInfo,NoInfo,NoInfo,NoInfo,NoInfo,NoInfo,NoInfo,NoInfo,0,NA,NA,NA,NA,NA,NA,NA,NA,NA,NA,NA,NA,NA,NA,NA,NA,NA,NA,NA,NA,NA,NA,NA,NA
699,Herniaria glabra,Caryophyllaceae,Herniaria,glabra,Caryophyllales,annual,Biotic,dry_indehiscent,0.084288,PD,1,0,0,1,0,0,0,0,0,0,0,1,0,0,0,NA,NA,NA,NA,NA,NA,NA,NA,NA,NA,NA,NA,NA,NA,NA,NA,NA,NA,NA,NA,NA,NA,NA,NA
700,Herniaria hirsuta,Caryophyllaceae,Herniaria,hirsuta,Caryophyllales,annual,Biotic,dry_indehiscent,0.09759,PD,1,0,0,1,0,0,0,0,0,0,0,1,0,0,0,NA,NA,NA,NA,NA,NA,NA,NA,NA,NA,NA,NA,NA,NA,NA,NA,NA,NA,NA,NA,NA,NA,NA,NA
701,Herniaria parnassica,Caryophyllaceae,Herniaria,parnassica,Caryophyllales,perennial,Biotic,dry_indehiscent,0.309458514,PD,1,0,0,0,NoInfo,NoInfo,NoInfo,NoInfo,NoInfo,NoInfo,NoInfo,NoInfo,NoInfo,NoInfo,0,NA,NA,NA,NA,NA,NA,NA,NA,NA,NA,NA,NA,NA,NA,NA,NA,NA,NA,NA,NA,NA,NA,NA,NA
702,Herreria aculeata,Asparagaceae,Herreria,aculeata,Monocots,perennial,Biotic,fleshy,1.712,NoInfo,1,0,0,0,NoInfo,NoInfo,NoInfo,NoInfo,NoInfo,NoInfo,NoInfo,NoInfo,NoInfo,NoInfo,0,NA,NA,NA,NA,NA,NA,NA,NA,NA,NA,NA,NA,NA,NA,NA,NA,NA,NA,NA,NA,NA,NA,NA,NA
703,Hesperis armena,Brassicaceae,Hesperis,armena,Malvids,perennial,Biotic,dry_dehiscent,10.94558836,NoInfo,1,0,0,0,NoInfo,NoInfo,NoInfo,NoInfo,NoInfo,NoInfo,NoInfo,NoInfo,NoInfo,NoInfo,0,NA,NA,NA,NA,NA,NA,NA,NA,NA,NA,NA,NA,NA,NA,NA,NA,NA,NA,NA,NA,NA,NA,NA,NA
704,Heteropogon contortus,Poaceae,Heteropogon,contortus,Commelinid-monocots,perennial,Abiotic,dry_indehiscent,1.875876288,PD,1,0,0,1,1,1,0,0,0,1,1,1,1,0,0,NA,NA,NA,NA,NA,NA,NA,NA,NA,NA,NA,NA,NA,NA,NA,NA,NA,NA,NA,NA,NA,NA,NA,NA
705,Hieracium bifidum,Asteraceae,Hieracium,bifidum,Campanulids,perennial,Biotic,dry_indehiscent,0.615775036,NoInfo,1,0,1,0,NoInfo,NoInfo,NoInfo,NoInfo,NoInfo,NoInfo,NoInfo,NoInfo,NoInfo,NoInfo,0,NA,NA,NA,NA,NA,NA,NA,NA,NA,NA,NA,NA,NA,NA,NA,NA,NA,NA,NA,NA,NA,NA,NA,NA
706,Hieracium bracteolatum,Asteraceae,Hieracium,bracteolatum,Campanulids,perennial,Biotic,dry_indehiscent,0.615775036,NoInfo,1,0,0,0,NoInfo,NoInfo,NoInfo,NoInfo,NoInfo,NoInfo,NoInfo,NoInfo,NoInfo,NoInfo,0,NA,NA,NA,NA,NA,NA,NA,NA,NA,NA,NA,NA,NA,NA,NA,NA,NA,NA,NA,NA,NA,NA,NA,NA
707,Hieracium loscosianum,Asteraceae,Hieracium,loscosianum,Campanulids,perennial,Biotic,dry_indehiscent,0.615775036,NoInfo,1,0,0,0,NoInfo,NoInfo,NoInfo,NoInfo,NoInfo,NoInfo,NoInfo,NoInfo,NoInfo,NoInfo,0,NA,NA,NA,NA,NA,NA,NA,NA,NA,NA,NA,NA,NA,NA,NA,NA,NA,NA,NA,NA,NA,NA,NA,NA
708,Hieracium murorum,Asteraceae,Hieracium,murorum,Campanulids,perennial,Biotic,dry_indehiscent,0.372953846,NoInfo,6,0,1,1,0,0,0,0,0,0,0,1,0,0,0,NA,NA,NA,NA,NA,NA,NA,NA,NA,NA,NA,NA,NA,NA,NA,NA,NA,NA,NA,NA,NA,NA,NA,NA
709,Hieracium pannosum,Asteraceae,Hieracium,pannosum,Campanulids,perennial,Biotic,dry_indehiscent,0.773,NoInfo,1,0,0,0,NoInfo,NoInfo,NoInfo,NoInfo,NoInfo,NoInfo,NoInfo,NoInfo,NoInfo,NoInfo,0,NA,NA,NA,NA,NA,NA,NA,NA,NA,NA,NA,NA,NA,NA,NA,NA,NA,NA,NA,NA,NA,NA,NA,NA
710,Hieracium pictum,Asteraceae,Hieracium,pictum,Campanulids,perennial,Biotic,dry_indehiscent,0.615775036,NoInfo,1,0,0,0,NoInfo,NoInfo,NoInfo,NoInfo,NoInfo,NoInfo,NoInfo,NoInfo,NoInfo,NoInfo,0,NA,NA,NA,NA,NA,NA,NA,NA,NA,NA,NA,NA,NA,NA,NA,NA,NA,NA,NA,NA,NA,NA,NA,NA
711,Hieracium scoparium,Asteraceae,Hieracium,scoparium,Campanulids,perennial,Biotic,dry_indehiscent,0.615775036,NoInfo,1,0,0,0,NoInfo,NoInfo,NoInfo,NoInfo,NoInfo,NoInfo,NoInfo,NoInfo,NoInfo,NoInfo,0,NA,NA,NA,NA,NA,NA,NA,NA,NA,NA,NA,NA,NA,NA,NA,NA,NA,NA,NA,NA,NA,NA,NA,NA
712,Hippocrepis ciliata,Fabaceae,Hippocrepis,ciliata,Fabids,annual,Biotic,dry_dehiscent,3.3948,NoInfo,1,0,0,0,NoInfo,NoInfo,NoInfo,NoInfo,NoInfo,NoInfo,NoInfo,NoInfo,NoInfo,NoInfo,1,0,NA,NA,NA,NA,NA,NA,NA,NA,NA,NA,NA,NA,NA,NA,NA,NA,NA,NA,NA,NA,0,NA,0
713,Hippocrepis comosa,Fabaceae,Hippocrepis,comosa,Fabids,perennial,Biotic,dry_dehiscent,3.594433333,NoInfo,4,0,1,0,0,1,0,0,0,0,0,0,0,0,1,1,0.001855819,-0.089448246,4.417249674,24.09939831,3.339425217,0.965756839,NA,NA,NA,NA,NA,NA,NA,NA,NA,NA,NA,NA,NA,10,0,1,0
714,Hippocrepis emerus,Fabaceae,Hippocrepis,emerus,Fabids,perennial,Biotic,dry_dehiscent,6.068276923,NoInfo,4,0,0,1,0,1,0,0,0,0,0,1,0,0,1,1,-0.045389662,1.070360122,-4.979549654,11.79079188,1.330647063,0.790947646,14.01502683,9.566556933,21.49575646,2.085827306,19.40992915,4.448469896,1.981223297,2.227498876,3.049560572,3.793581828,1.177996411,3.496182463,6.467724744,6,1,1,1
715,Hispidella hispanica,Asteraceae,Hispidella,hispanica,Campanulids,annual,Biotic,dry_indehiscent,13.45116707,NoInfo,1,0,0,0,NoInfo,NoInfo,NoInfo,NoInfo,NoInfo,NoInfo,NoInfo,NoInfo,NoInfo,NoInfo,0,NA,NA,NA,NA,NA,NA,NA,NA,NA,NA,NA,NA,NA,NA,NA,NA,NA,NA,NA,NA,NA,NA,NA,NA
716,Holcus lanatus,Poaceae,Holcus,lanatus,Commelinid-monocots,perennial,Abiotic,dry_indehiscent,0.371470121,PD,3,0,1,1,1,1,0,0,0,0,0,1,1,0,1,1,-0.010843359,0.409953803,-1.56465759,18.9034513,2.310113288,0.909711161,25.41154906,12.39535354,40.9167916,-3.109889005,44.02668061,13.01619552,8.963243532,5.956575239,4.428522733,2.968375615,2.251353413,14.53845513,6.047459467,19,1,1,1
717,Hordeum marinum,Poaceae,Hordeum,marinum,Commelinid-monocots,perennial,Abiotic,dry_indehiscent,1.33832,PD,2,0,0,1,0,0,0,1,0,0,0,0,0,0,1,1,-0.001206328,0.309962731,-0.500068328,128.4736933,19.41096008,0.999999996,245.3074366,11.63994995,264.6051765,-7.657789969,272.2629665,233.6674866,NA,NA,NA,6.463991992,NA,NA,NA,3,1,0,0
718,Hordeum murinum,Poaceae,Hordeum,murinum,Commelinid-monocots,perennial,Abiotic,dry_indehiscent,5.460678166,PD,3,0,0,1,0,0,0,1,0,0,0,1,0,0,1,1,-0.425214822,15.54865488,-135.7587698,18.28329359,6.381541224,0.998310347,21.14012809,15.4264591,22.96649728,13.60008991,9.366407376,5.713668984,1.237231537,1.027813589,0.271933642,0.342512931,0.219101988,2.232098245,0.436466841,4,1,1,1
719,Hordeum secalinum,Poaceae,Hordeum,secalinum,Commelinid-monocots,perennial,Abiotic,dry_indehiscent,4.387075,PD,1,0,1,1,0,0,0,1,0,0,0,0,0,0,0,NA,NA,NA,NA,NA,NA,NA,NA,NA,NA,NA,NA,NA,NA,NA,NA,NA,NA,NA,NA,NA,NA,NA,NA
720,Hornungia petraea,Brassicaceae,Hornungia,petraea,Malvids,annual,Biotic,dry_dehiscent,0.19238,M(P)D,1,0,0,0,NoInfo,NoInfo,NoInfo,NoInfo,NoInfo,NoInfo,NoInfo,NoInfo,NoInfo,NoInfo,0,NA,NA,NA,NA,NA,NA,NA,NA,NA,NA,NA,NA,NA,NA,NA,NA,NA,NA,NA,NA,NA,NA,NA,NA
721,Hornungia procumbens,Brassicaceae,Hornungia,procumbens,Malvids,perennial,Biotic,dry_dehiscent,0.39255,M(P)D,1,0,0,0,NoInfo,NoInfo,NoInfo,NoInfo,NoInfo,NoInfo,NoInfo,NoInfo,NoInfo,NoInfo,0,NA,NA,NA,NA,NA,NA,NA,NA,NA,NA,NA,NA,NA,NA,NA,NA,NA,NA,NA,NA,NA,NA,NA,NA
722,Hyparrhenia hirta,Poaceae,Hyparrhenia,hirta,Commelinid-monocots,perennial,Abiotic,dry_indehiscent,0.848,PD,3,0,0,1,1,1,0,1,0,0,1,0,0,0,0,NA,NA,NA,NA,NA,NA,NA,NA,NA,NA,NA,NA,NA,NA,NA,NA,NA,NA,NA,NA,NA,NA,NA,NA
723,Hypecoum imberbe,Papaveraceae,Hypecoum,imberbe,Early EU,annual,Biotic,dry_dehiscent,0.09,NoInfo,1,0,0,0,NoInfo,NoInfo,NoInfo,NoInfo,NoInfo,NoInfo,NoInfo,NoInfo,NoInfo,NoInfo,0,NA,NA,NA,NA,NA,NA,NA,NA,NA,NA,NA,NA,NA,NA,NA,NA,NA,NA,NA,NA,NA,NA,NA,NA
724,Hypecoum pendulum,Papaveraceae,Hypecoum,pendulum,Early EU,annual,Biotic,dry_dehiscent,30.775,NoInfo,1,0,0,1,0,0,0,0,0,0,0,1,0,0,0,NA,NA,NA,NA,NA,NA,NA,NA,NA,NA,NA,NA,NA,NA,NA,NA,NA,NA,NA,NA,NA,NA,NA,NA
725,Hypericum barbatum,Hypericaceae,Hypericum,barbatum,Fabids,perennial,Biotic,fleshy,0.1,PD,1,0,0,0,NoInfo,NoInfo,NoInfo,NoInfo,NoInfo,NoInfo,NoInfo,NoInfo,NoInfo,NoInfo,1,0,NA,NA,NA,NA,NA,NA,NA,NA,NA,NA,NA,NA,NA,NA,NA,NA,NA,NA,NA,NA,0,NA,0
726,Hypericum caprifolium,Hypericaceae,Hypericum,caprifolium,Fabids,perennial,Biotic,fleshy,0.08,PD,1,0,0,0,NoInfo,NoInfo,NoInfo,NoInfo,NoInfo,NoInfo,NoInfo,NoInfo,NoInfo,NoInfo,0,NA,NA,NA,NA,NA,NA,NA,NA,NA,NA,NA,NA,NA,NA,NA,NA,NA,NA,NA,NA,NA,NA,NA,NA
727,Hypericum empetrifolium,Hypericaceae,Hypericum,empetrifolium,Fabids,perennial,Biotic,fleshy,0.328391741,PD,2,0,0,0,NoInfo,NoInfo,NoInfo,NoInfo,NoInfo,NoInfo,NoInfo,NoInfo,NoInfo,NoInfo,1,0,NA,NA,NA,NA,NA,NA,NA,NA,NA,NA,NA,NA,NA,NA,NA,NA,NA,NA,NA,NA,0,NA,0
728,Hypericum perforatum,Hypericaceae,Hypericum,perforatum,Fabids,perennial,Biotic,dry_dehiscent,0.1351,PD,4,0,1,1,0,0,0,0,0,0,1,1,1,0,1,1,-0.018271722,0.652743774,-5.174900702,17.86213111,0.654796729,0.658090579,20.66141675,15.06284546,31.89722782,3.827034391,28.07019343,5.59857129,18.51053167,19.53081279,3.340856367,3.697524307,2.314141145,37.77252791,5.314604178,5,1,1,1
729,Hypericum scabrum,Hypericaceae,Hypericum,scabrum,Fabids,perennial,Biotic,fleshy,0.7185,PD,1,0,0,1,0,0,0,0,0,0,0,1,0,0,0,NA,NA,NA,NA,NA,NA,NA,NA,NA,NA,NA,NA,NA,NA,NA,NA,NA,NA,NA,NA,NA,NA,NA,NA
730,Hypericum trichocaulon,Hypericaceae,Hypericum,trichocaulon,Fabids,perennial,Biotic,fleshy,0.328391741,PD,1,0,0,0,NoInfo,NoInfo,NoInfo,NoInfo,NoInfo,NoInfo,NoInfo,NoInfo,NoInfo,NoInfo,1,1,-0.883863514,26.42493463,-197.8561287,14.94853799,-0.34905908,0.41361061,15.26038275,14.63669323,16.66213172,13.23494426,3.427187466,0.623689522,NA,NA,NA,NA,NA,NA,NA,5,1,1,1
731,Hypochaeris achyrophorus,Asteraceae,Hypochaeris,achyrophorus,Campanulids,annual,Biotic,dry_indehiscent,0.2056,PD,3,0,0,0,NoInfo,NoInfo,NoInfo,NoInfo,NoInfo,NoInfo,NoInfo,NoInfo,NoInfo,NoInfo,0,NA,NA,NA,NA,NA,NA,NA,NA,NA,NA,NA,NA,NA,NA,NA,NA,NA,NA,NA,NA,NA,NA,NA,NA
732,Hypochaeris cretensis,Asteraceae,Hypochaeris,cretensis,Campanulids,perennial,Biotic,dry_indehiscent,1.552046337,PD,2,0,0,0,NoInfo,NoInfo,NoInfo,NoInfo,NoInfo,NoInfo,NoInfo,NoInfo,NoInfo,NoInfo,0,NA,NA,NA,NA,NA,NA,NA,NA,NA,NA,NA,NA,NA,NA,NA,NA,NA,NA,NA,NA,NA,NA,NA,NA
733,Hypochaeris glabra,Asteraceae,Hypochaeris,glabra,Campanulids,perennial,Biotic,dry_indehiscent,0.65223291,PD,3,0,0,1,0,0,0,0,0,0,0,1,0,0,0,NA,NA,NA,NA,NA,NA,NA,NA,NA,NA,NA,NA,NA,NA,NA,NA,NA,NA,NA,NA,NA,NA,NA,NA
734,Hypochaeris radicata,Asteraceae,Hypochaeris,radicata,Campanulids,perennial,Biotic,dry_indehiscent,0.802783886,PD,1,0,1,1,0,0,0,0,0,0,0,1,0,0,1,1,-0.008284673,0.290830292,-1.036169243,17.55230878,1.516202297,0.819978569,23.11624907,11.98836848,40.75620706,-5.651589505,46.40779657,11.12788059,9.179014499,7.868183268,26.96377716,26.9699387,1.770081148,16.72699857,53.81740421,13,1,1,1
735,Hypochaeris robertia,Asteraceae,Hypochaeris,robertia,Campanulids,perennial,Biotic,dry_indehiscent,1.235533333,PD,2,0,0,0,NoInfo,NoInfo,NoInfo,NoInfo,NoInfo,NoInfo,NoInfo,NoInfo,NoInfo,NoInfo,1,1,0.006182445,-0.193382832,3.050054213,15.63967268,1.537832114,0.823149357,NA,NA,NA,NA,NA,NA,NA,NA,NA,NA,7.828627858,NA,NA,3,0,0,0
736,Ilex aquifolium,Aquifoliaceae,Ilex,aquifolium,Campanulids,woody,Biotic,fleshy,27.2961,M(P)D,2,0,0,1,0,1,0,0,0,0,1,1,1,1,0,NA,NA,NA,NA,NA,NA,NA,NA,NA,NA,NA,NA,NA,NA,NA,NA,NA,NA,NA,NA,NA,NA,NA,NA
737,Inula montbretiana,Asteraceae,Inula,montbretiana,Campanulids,perennial,Biotic,dry_indehiscent,0.26,NoInfo,1,0,0,0,NoInfo,NoInfo,NoInfo,NoInfo,NoInfo,NoInfo,NoInfo,NoInfo,NoInfo,NoInfo,0,NA,NA,NA,NA,NA,NA,NA,NA,NA,NA,NA,NA,NA,NA,NA,NA,NA,NA,NA,NA,NA,NA,NA,NA
738,Isatis cappadocica,Brassicaceae,Isatis,cappadocica,Malvids,perennial,Biotic,dry_dehiscent,11.0948,NoInfo,1,0,0,1,0,0,0,1,0,0,0,0,0,0,0,NA,NA,NA,NA,NA,NA,NA,NA,NA,NA,NA,NA,NA,NA,NA,NA,NA,NA,NA,NA,NA,NA,NA,NA
739,Isatis tinctoria,Brassicaceae,Isatis,tinctoria,Malvids,perennial,Biotic,dry_dehiscent,2.4108,NoInfo,1,0,0,1,0,0,0,1,0,1,1,1,0,0,1,1,0.368646618,-13.56124261,124.5357902,18.39328225,-0.182091288,0.454602546,NA,NA,NA,NA,NA,NA,NA,NA,NA,NA,0.268503549,NA,NA,4,0,0,0
740,Jacobaea auricula,Asteraceae,Jacobaea,auricula,Campanulids,perennial,Biotic,dry_indehiscent,0.627354214,NoInfo,1,0,0,0,NoInfo,NoInfo,NoInfo,NoInfo,NoInfo,NoInfo,NoInfo,NoInfo,NoInfo,NoInfo,0,NA,NA,NA,NA,NA,NA,NA,NA,NA,NA,NA,NA,NA,NA,NA,NA,NA,NA,NA,NA,NA,NA,NA,NA
741,Jacobaea maritima,Asteraceae,Jacobaea,maritima,Campanulids,perennial,Biotic,dry_indehiscent,0.265991786,NoInfo,1,0,0,1,0,1,0,0,0,0,0,1,1,0,1,0,NA,NA,NA,NA,NA,NA,NA,NA,NA,NA,NA,NA,NA,NA,NA,NA,NA,NA,NA,NA,0,NA,0
742,Jacobaea pancicii,Asteraceae,Jacobaea,pancicii,Campanulids,perennial,Biotic,dry_indehiscent,0.8092,NoInfo,1,0,0,0,NoInfo,NoInfo,NoInfo,NoInfo,NoInfo,NoInfo,NoInfo,NoInfo,NoInfo,NoInfo,0,NA,NA,NA,NA,NA,NA,NA,NA,NA,NA,NA,NA,NA,NA,NA,NA,NA,NA,NA,NA,NA,NA,NA,NA
743,Jasione crispa,Campanulaceae,Jasione,crispa,Campanulids,perennial,Biotic,fleshy,0.04706,NoInfo,2,1,1,0,NoInfo,NoInfo,NoInfo,NoInfo,NoInfo,NoInfo,NoInfo,NoInfo,NoInfo,NoInfo,1,1,-0.038000516,1.385732291,-14.35523745,18.23307199,-1.722159135,0.151593262,19.49158826,16.97455572,23.9044759,12.56166809,11.34280781,2.517032543,2.177713949,1.950316463,8.377492394,8.484837815,0.859398569,3.760063974,16.77484544,4,1,1,1
744,Jasione laevis,Campanulaceae,Jasione,laevis,Campanulids,perennial,Biotic,dry_dehiscent,0.054875,NoInfo,2,0,1,0,NoInfo,NoInfo,NoInfo,NoInfo,NoInfo,NoInfo,NoInfo,NoInfo,NoInfo,NoInfo,1,0,NA,NA,NA,NA,NA,NA,NA,NA,NA,NA,NA,NA,NA,NA,NA,NA,NA,NA,NA,NA,0,NA,0
745,Jasione montana,Campanulaceae,Jasione,montana,Campanulids,perennial,Biotic,dry_dehiscent,0.037867551,NoInfo,4,1,1,1,0,1,0,0,0,0,0,1,0,0,1,1,-0.256195345,9.492120118,-85.38020457,18.52516118,2.54132301,0.92698842,19.98077244,17.06954993,23.15251666,13.89780571,9.254710948,2.911222517,NA,NA,NA,NA,NA,NA,NA,5,1,1,1
746,Jasonia tuberosa,Asteraceae,Jasonia,tuberosa,Campanulids,perennial,Biotic,dry_indehiscent,6.623333333,NoInfo,1,0,0,0,NoInfo,NoInfo,NoInfo,NoInfo,NoInfo,NoInfo,NoInfo,NoInfo,NoInfo,NoInfo,0,NA,NA,NA,NA,NA,NA,NA,NA,NA,NA,NA,NA,NA,NA,NA,NA,NA,NA,NA,NA,NA,NA,NA,NA
747,Juncus acutiflorus,Juncaceae,Juncus,acutiflorus,Commelinid-monocots,perennial,Abiotic,dry_dehiscent,0.020484615,PD,1,0,1,0,NoInfo,NoInfo,NoInfo,NoInfo,NoInfo,NoInfo,NoInfo,NoInfo,NoInfo,NoInfo,0,NA,NA,NA,NA,NA,NA,NA,NA,NA,NA,NA,NA,NA,NA,NA,NA,NA,NA,NA,NA,NA,NA,NA,NA
748,Juncus acutus,Juncaceae,Juncus,acutus,Commelinid-monocots,perennial,Abiotic,dry_dehiscent,0.422106667,PD,3,0,0,1,0,0,0,0,0,0,0,1,0,0,1,1,0.459435214,-20.42110598,229.3608314,22.22414104,2.440061621,0.919831632,NA,NA,NA,NA,NA,NA,NA,NA,NA,NA,NA,NA,NA,5,0,0,0
749,Juncus alpinoarticulatus,Juncaceae,Juncus,alpinoarticulatus,Commelinid-monocots,perennial,Abiotic,dry_dehiscent,0.021466667,PD,1,0,0,0,NoInfo,NoInfo,NoInfo,NoInfo,NoInfo,NoInfo,NoInfo,NoInfo,NoInfo,NoInfo,0,NA,NA,NA,NA,NA,NA,NA,NA,NA,NA,NA,NA,NA,NA,NA,NA,NA,NA,NA,NA,NA,NA,NA,NA
750,Juncus articulatus,Juncaceae,Juncus,articulatus,Commelinid-monocots,perennial,Abiotic,dry_dehiscent,0.019785714,PD,3,0,0,1,0,0,0,0,0,0,0,1,1,0,1,1,0.068540824,-2.873858756,29.82310306,20.96457704,-0.301513597,0.425187514,NA,NA,NA,NA,NA,NA,NA,NA,NA,NA,NA,NA,NA,7,0,1,0
751,Juncus bufonius,Juncaceae,Juncus,bufonius,Commelinid-monocots,annual,Abiotic,dry_dehiscent,0.022453636,PD,1,0,0,1,1,1,0,0,0,0,0,1,0,0,1,1,-0.06903215,2.009667699,-12.2516225,14.55602724,2.374766383,0.914882764,17.19678387,11.91527061,23.33406977,5.777984717,17.55608505,5.281513265,0.682441047,1.886582957,1.623280906,1.982329942,0.824558917,2.308733949,3.226415374,5,1,1,1
752,Juncus effusus,Juncaceae,Juncus,effusus,Commelinid-monocots,perennial,Biotic,dry_dehiscent,0.020573333,PD,1,0,0,1,1,1,1,1,1,0,1,1,1,0,0,NA,NA,NA,NA,NA,NA,NA,NA,NA,NA,NA,NA,NA,NA,NA,NA,NA,NA,NA,NA,NA,NA,NA,NA
753,Juncus filiformis,Juncaceae,Juncus,filiformis,Commelinid-monocots,perennial,Abiotic,dry_dehiscent,0.024308333,PD,1,0,0,0,NoInfo,NoInfo,NoInfo,NoInfo,NoInfo,NoInfo,NoInfo,NoInfo,NoInfo,NoInfo,0,NA,NA,NA,NA,NA,NA,NA,NA,NA,NA,NA,NA,NA,NA,NA,NA,NA,NA,NA,NA,NA,NA,NA,NA
754,Juncus inflexus,Juncaceae,Juncus,inflexus,Commelinid-monocots,perennial,Abiotic,dry_dehiscent,0.030769524,PD,1,0,0,1,0,0,0,0,0,0,0,1,1,0,1,1,-0.037630462,1.602490457,-16.38267612,21.29246349,0.677808654,0.663249436,23.25691614,19.32801084,31.1035995,11.48132748,19.62227201,3.928905303,NA,NA,NA,NA,NA,NA,NA,9,1,1,1
755,Juncus littoralis,Juncaceae,Juncus,littoralis,Commelinid-monocots,perennial,Biotic,dry_dehiscent,0.0732,PD,1,0,0,0,NoInfo,NoInfo,NoInfo,NoInfo,NoInfo,NoInfo,NoInfo,NoInfo,NoInfo,NoInfo,1,0,NA,NA,NA,NA,NA,NA,NA,NA,NA,NA,NA,NA,NA,NA,NA,NA,NA,NA,NA,NA,0,NA,0
756,Juncus maritimus,Juncaceae,Juncus,maritimus,Commelinid-monocots,perennial,Abiotic,dry_dehiscent,0.030425455,PD,2,0,0,1,0,0,0,0,0,0,1,1,0,0,1,1,0.019419345,-0.551392717,8.486749299,14.19699564,4.5726893,0.989775479,NA,NA,NA,NA,NA,NA,NA,NA,NA,NA,NA,NA,NA,3,0,0,0
757,Juncus squarrosus,Juncaceae,Juncus,squarrosus,Commelinid-monocots,perennial,Abiotic,dry_dehiscent,0.07843125,PD,1,0,1,0,NoInfo,NoInfo,NoInfo,NoInfo,NoInfo,NoInfo,NoInfo,NoInfo,NoInfo,NoInfo,0,NA,NA,NA,NA,NA,NA,NA,NA,NA,NA,NA,NA,NA,NA,NA,NA,NA,NA,NA,NA,NA,NA,NA,NA
758,Juncus thomasii,Juncaceae,Juncus,thomasii,Commelinid-monocots,perennial,Biotic,dry_dehiscent,0.039879127,PD,1,0,0,0,NoInfo,NoInfo,NoInfo,NoInfo,NoInfo,NoInfo,NoInfo,NoInfo,NoInfo,NoInfo,0,NA,NA,NA,NA,NA,NA,NA,NA,NA,NA,NA,NA,NA,NA,NA,NA,NA,NA,NA,NA,NA,NA,NA,NA
759,Jurinea humilis,Asteraceae,Jurinea,humilis,Campanulids,perennial,Biotic,dry_indehiscent,5.5759,NoInfo,2,0,1,0,NoInfo,NoInfo,NoInfo,NoInfo,NoInfo,NoInfo,NoInfo,NoInfo,NoInfo,NoInfo,1,1,-0.019137719,0.56782128,-3.446276493,14.8351351,0.765576208,0.682563163,17.66639925,12.00387096,28.75845375,0.911816462,27.84663728,5.662528297,NA,NA,NA,NA,NA,NA,NA,7,1,1,1
760,Kickxia aegyptiaca,Plantaginaceae,Kickxia,aegyptiaca,Lamiids,perennial,Biotic,fleshy,3.284,NoInfo,1,0,0,0,NoInfo,NoInfo,NoInfo,NoInfo,NoInfo,NoInfo,NoInfo,NoInfo,NoInfo,NoInfo,0,NA,NA,NA,NA,NA,NA,NA,NA,NA,NA,NA,NA,NA,NA,NA,NA,NA,NA,NA,NA,NA,NA,NA,NA
761,Klasea nudicaulis,Asteraceae,Klasea,nudicaulis,Campanulids,perennial,Biotic,dry_indehiscent,2254.36836,NoInfo,1,0,0,0,NoInfo,NoInfo,NoInfo,NoInfo,NoInfo,NoInfo,NoInfo,NoInfo,NoInfo,NoInfo,0,NA,NA,NA,NA,NA,NA,NA,NA,NA,NA,NA,NA,NA,NA,NA,NA,NA,NA,NA,NA,NA,NA,NA,NA
762,Kleinia anteuphorbium,Asteraceae,Kleinia,anteuphorbium,Campanulids,perennial,Biotic,dry_indehiscent,2.67681,NoInfo,1,0,0,0,NoInfo,NoInfo,NoInfo,NoInfo,NoInfo,NoInfo,NoInfo,NoInfo,NoInfo,NoInfo,0,NA,NA,NA,NA,NA,NA,NA,NA,NA,NA,NA,NA,NA,NA,NA,NA,NA,NA,NA,NA,NA,NA,NA,NA
763,Koeleria brevis,Poaceae,Koeleria,brevis,Commelinid-monocots,perennial,Abiotic,dry_indehiscent,0.7348,NoInfo,2,0,1,0,NoInfo,NoInfo,NoInfo,NoInfo,NoInfo,NoInfo,NoInfo,NoInfo,NoInfo,NoInfo,0,NA,NA,NA,NA,NA,NA,NA,NA,NA,NA,NA,NA,NA,NA,NA,NA,NA,NA,NA,NA,NA,NA,NA,NA
764,Koeleria crassipes,Poaceae,Koeleria,crassipes,Commelinid-monocots,perennial,Abiotic,dry_indehiscent,0.370854412,NoInfo,1,0,0,0,NoInfo,NoInfo,NoInfo,NoInfo,NoInfo,NoInfo,NoInfo,NoInfo,NoInfo,NoInfo,0,NA,NA,NA,NA,NA,NA,NA,NA,NA,NA,NA,NA,NA,NA,NA,NA,NA,NA,NA,NA,NA,NA,NA,NA
765,Koeleria splendens,Poaceae,Koeleria,splendens,Commelinid-monocots,perennial,Abiotic,dry_indehiscent,0.23,NoInfo,2,0,1,0,NoInfo,NoInfo,NoInfo,NoInfo,NoInfo,NoInfo,NoInfo,NoInfo,NoInfo,NoInfo,1,1,0.045077861,-1.690029178,16.70605069,18.74566743,0.865688225,0.703847716,NA,NA,NA,NA,NA,NA,NA,NA,NA,NA,NA,NA,NA,3,0,0,0
766,Koeleria vallesiana,Poaceae,Koeleria,vallesiana,Commelinid-monocots,perennial,Abiotic,dry_indehiscent,0.4944,NoInfo,8,0,1,0,NoInfo,NoInfo,NoInfo,NoInfo,NoInfo,NoInfo,NoInfo,NoInfo,NoInfo,NoInfo,1,1,-0.025196129,0.799443798,-5.013661463,15.86441684,1.327693359,0.790458833,18.84662483,12.88220885,28.8857495,2.84308418,26.04266532,5.964415977,2.467122982,7.171994933,2.68923336,3.570982306,2.619043732,9.360066985,3.539805237,5,1,1,1
767,Lactuca hispida,Asteraceae,Lactuca,hispida,Campanulids,perennial,Biotic,dry_indehiscent,1.3116,PD,1,0,0,0,NoInfo,NoInfo,NoInfo,NoInfo,NoInfo,NoInfo,NoInfo,NoInfo,NoInfo,NoInfo,0,NA,NA,NA,NA,NA,NA,NA,NA,NA,NA,NA,NA,NA,NA,NA,NA,NA,NA,NA,NA,NA,NA,NA,NA
768,Lactuca muralis,Asteraceae,Lactuca,muralis,Campanulids,perennial,Biotic,dry_indehiscent,0.31995,PD,2,0,0,1,0,0,0,0,0,0,0,1,0,0,0,NA,NA,NA,NA,NA,NA,NA,NA,NA,NA,NA,NA,NA,NA,NA,NA,NA,NA,NA,NA,NA,NA,NA,NA
769,Lactuca tatarica,Asteraceae,Lactuca,tatarica,Campanulids,perennial,Biotic,dry_indehiscent,0.6071,PD,1,0,0,1,0,1,0,1,0,0,0,0,0,0,0,NA,NA,NA,NA,NA,NA,NA,NA,NA,NA,NA,NA,NA,NA,NA,NA,NA,NA,NA,NA,NA,NA,NA,NA
770,Lagoecia cuminoides,Apiaceae,Lagoecia,cuminoides,Campanulids,annual,Biotic,dry_indehiscent,0.5304,NoInfo,1,0,0,1,0,0,0,0,1,0,0,1,0,0,1,0,NA,NA,NA,NA,NA,NA,NA,NA,NA,NA,NA,NA,NA,NA,NA,NA,NA,NA,NA,NA,0,NA,0
771,Lagurus ovatus,Poaceae,Lagurus,ovatus,Commelinid-monocots,annual,Abiotic,dry_indehiscent,2.496725236,NoInfo,4,0,0,0,0,1,0,0,0,0,0,0,0,0,1,1,-0.024440512,0.734800968,-2.503684994,15.03243787,3.019239959,0.953435794,20.5950834,9.469792347,30.65319119,-0.588315441,31.24150663,11.12529106,13.88511994,21.58142077,1.380267431,8.862687155,4.472894197,35.17216835,8.993197072,6,1,0,0
772,Lamium garganicum,Lamiaceae,Lamium,garganicum,Lamiids,perennial,Biotic,dry_dehiscent,2.532,NoInfo,1,0,0,0,NoInfo,NoInfo,NoInfo,NoInfo,NoInfo,NoInfo,NoInfo,NoInfo,NoInfo,NoInfo,0,NA,NA,NA,NA,NA,NA,NA,NA,NA,NA,NA,NA,NA,NA,NA,NA,NA,NA,NA,NA,NA,NA,NA,NA
773,Lamium macrodon,Lamiaceae,Lamium,macrodon,Lamiids,annual,Biotic,dry_dehiscent,1.989151408,NoInfo,1,0,0,0,NoInfo,NoInfo,NoInfo,NoInfo,NoInfo,NoInfo,NoInfo,NoInfo,NoInfo,NoInfo,0,NA,NA,NA,NA,NA,NA,NA,NA,NA,NA,NA,NA,NA,NA,NA,NA,NA,NA,NA,NA,NA,NA,NA,NA
774,Lapsana communis,Asteraceae,Lapsana,communis,Campanulids,annual,Biotic,dry_indehiscent,0.948444444,PD,1,0,0,1,0,0,0,0,0,0,0,1,0,0,1,1,-0.062923239,1.975556698,-14.45307486,15.69814854,1.053216385,0.741392055,17.41397399,13.98232309,23.66886098,7.7274361,15.94142488,3.431650902,1.672212391,1.948775499,2.540180544,2.208671566,1.005775203,3.02352533,4.314528888,5,1,1,1
775,Lathyrus cilicicus,Fabaceae,Lathyrus,cilicicus,Fabids,perennial,Biotic,dry_dehiscent,41.74074766,PY(PD),1,0,0,0,NoInfo,NoInfo,NoInfo,NoInfo,NoInfo,NoInfo,NoInfo,NoInfo,NoInfo,NoInfo,0,NA,NA,NA,NA,NA,NA,NA,NA,NA,NA,NA,NA,NA,NA,NA,NA,NA,NA,NA,NA,NA,NA,NA,NA
776,Lathyrus laxiflorus,Fabaceae,Lathyrus,laxiflorus,Fabids,perennial,Biotic,dry_dehiscent,41.74074766,PY(PD),2,0,0,0,NoInfo,NoInfo,NoInfo,NoInfo,NoInfo,NoInfo,NoInfo,NoInfo,NoInfo,NoInfo,0,NA,NA,NA,NA,NA,NA,NA,NA,NA,NA,NA,NA,NA,NA,NA,NA,NA,NA,NA,NA,NA,NA,NA,NA
777,Lathyrus niger,Fabaceae,Lathyrus,niger,Fabids,perennial,Biotic,dry_dehiscent,18.786,PY(PD),1,0,0,0,NoInfo,NoInfo,NoInfo,NoInfo,NoInfo,NoInfo,NoInfo,NoInfo,NoInfo,NoInfo,0,NA,NA,NA,NA,NA,NA,NA,NA,NA,NA,NA,NA,NA,NA,NA,NA,NA,NA,NA,NA,NA,NA,NA,NA
778,Lathyrus pratensis,Fabaceae,Lathyrus,pratensis,Fabids,perennial,Biotic,dry_dehiscent,18.70384198,PY(PD),1,0,1,1,0,0,0,0,0,0,0,1,0,0,1,1,-0.030544892,0.904140585,-3.306609764,14.80019276,3.384117707,0.96720447,20.39868263,9.201702901,29.19424382,0.406141704,28.78810212,11.19697972,NA,NA,NA,NA,NA,NA,NA,9,1,1,1
779,Lathyrus variabilis,Fabaceae,Lathyrus,variabilis,Fabids,perennial,Biotic,dry_dehiscent,41.74074766,PY(PD),1,0,0,0,NoInfo,NoInfo,NoInfo,NoInfo,NoInfo,NoInfo,NoInfo,NoInfo,NoInfo,NoInfo,0,NA,NA,NA,NA,NA,NA,NA,NA,NA,NA,NA,NA,NA,NA,NA,NA,NA,NA,NA,NA,NA,NA,NA,NA
780,Lathyrus venetus,Fabaceae,Lathyrus,venetus,Fabids,perennial,Biotic,dry_dehiscent,16.2876,PY(PD),1,0,0,0,NoInfo,NoInfo,NoInfo,NoInfo,NoInfo,NoInfo,NoInfo,NoInfo,NoInfo,NoInfo,0,NA,NA,NA,NA,NA,NA,NA,NA,NA,NA,NA,NA,NA,NA,NA,NA,NA,NA,NA,NA,NA,NA,NA,NA
781,Launaea arborescens,Asteraceae,Launaea,arborescens,Campanulids,perennial,Biotic,dry_indehiscent,0.864333333,ND,1,0,0,0,NoInfo,NoInfo,NoInfo,NoInfo,NoInfo,NoInfo,NoInfo,NoInfo,NoInfo,NoInfo,0,NA,NA,NA,NA,NA,NA,NA,NA,NA,NA,NA,NA,NA,NA,NA,NA,NA,NA,NA,NA,NA,NA,NA,NA
782,Launaea fragilis,Asteraceae,Launaea,fragilis,Campanulids,perennial,Biotic,dry_indehiscent,1.143066404,ND,1,0,0,0,NoInfo,NoInfo,NoInfo,NoInfo,NoInfo,NoInfo,NoInfo,NoInfo,NoInfo,NoInfo,1,1,-0.016822397,0.752793882,-4.932166898,22.37475023,3.489620642,0.970390998,30.16749067,14.58200978,41.93158631,2.817914137,39.11367218,15.5854809,NA,NA,NA,NA,NA,NA,NA,4,1,0,0
783,Launaea pumila,Asteraceae,Launaea,pumila,Campanulids,perennial,Biotic,dry_indehiscent,1.761426471,ND,1,0,0,0,NoInfo,NoInfo,NoInfo,NoInfo,NoInfo,NoInfo,NoInfo,NoInfo,NoInfo,NoInfo,0,NA,NA,NA,NA,NA,NA,NA,NA,NA,NA,NA,NA,NA,NA,NA,NA,NA,NA,NA,NA,NA,NA,NA,NA
784,Lavandula angustifolia,Lamiaceae,Lavandula,angustifolia,Lamiids,perennial,Biotic,dry_dehiscent,0.987088889,PD,5,0,1,1,0,1,0,0,0,1,1,1,0,0,1,1,0.259052242,-10.14816577,91.91578074,19.58710279,-7.470802325,0.000569147,NA,NA,15.4070571,23.76714848,-8.360091386,NA,NA,NA,NA,NA,NA,NA,NA,3,0,1,0
785,Lavandula latifolia,Lamiaceae,Lavandula,latifolia,Lamiids,perennial,Biotic,dry_dehiscent,0.90632985,PD,4,0,0,1,0,1,0,0,0,1,1,1,0,0,1,0,NA,NA,NA,NA,NA,NA,NA,NA,NA,NA,NA,NA,NA,NA,NA,NA,NA,NA,NA,NA,0,NA,0
786,Lavandula pedunculata,Lamiaceae,Lavandula,pedunculata,Lamiids,perennial,Biotic,dry_dehiscent,0.5012,PD,1,0,0,1,0,0,0,0,0,0,0,1,0,0,1,1,-0.053856247,1.749998299,-9.554942941,16.2469387,4.661114602,0.99063266,22.1707329,10.3231445,28.13052079,4.363356608,23.76716419,11.8475884,NA,NA,NA,NA,NA,NA,NA,5,1,0,0
787,Lavandula stoechas,Lamiaceae,Lavandula,stoechas,Lamiids,perennial,Biotic,dry_dehiscent,0.836911111,PD,1,0,0,1,0,1,0,0,1,1,0,1,0,0,1,1,-0.01256133,0.370367725,-2.498866806,14.74237753,0.231183608,0.557539858,17.73361684,11.75113823,30.64235967,-1.157604605,31.79996428,5.982478617,2.346545056,3.293394906,6.265299425,6.612787073,1.155244714,5.23135604,12.67389041,7,1,1,1
788,Lecokia cretica,Apiaceae,Lecokia,cretica,Campanulids,perennial,Biotic,dry_indehiscent,58.13,NoInfo,1,0,0,0,NoInfo,NoInfo,NoInfo,NoInfo,NoInfo,NoInfo,NoInfo,NoInfo,NoInfo,NoInfo,0,NA,NA,NA,NA,NA,NA,NA,NA,NA,NA,NA,NA,NA,NA,NA,NA,NA,NA,NA,NA,NA,NA,NA,NA
789,Leontodon apulus,Asteraceae,Leontodon,apulus,Campanulids,perennial,Biotic,dry_indehiscent,1.172829983,ND,1,0,0,0,NoInfo,NoInfo,NoInfo,NoInfo,NoInfo,NoInfo,NoInfo,NoInfo,NoInfo,NoInfo,0,NA,NA,NA,NA,NA,NA,NA,NA,NA,NA,NA,NA,NA,NA,NA,NA,NA,NA,NA,NA,NA,NA,NA,NA
790,Leontodon boryi,Asteraceae,Leontodon,boryi,Campanulids,perennial,Biotic,dry_indehiscent,1.172829983,ND,1,1,1,0,NoInfo,NoInfo,NoInfo,NoInfo,NoInfo,NoInfo,NoInfo,NoInfo,NoInfo,NoInfo,0,NA,NA,NA,NA,NA,NA,NA,NA,NA,NA,NA,NA,NA,NA,NA,NA,NA,NA,NA,NA,NA,NA,NA,NA
791,Leontodon crispus,Asteraceae,Leontodon,crispus,Campanulids,perennial,Biotic,dry_indehiscent,0.9282,ND,1,0,1,0,NoInfo,NoInfo,NoInfo,NoInfo,NoInfo,NoInfo,NoInfo,NoInfo,NoInfo,NoInfo,0,NA,NA,NA,NA,NA,NA,NA,NA,NA,NA,NA,NA,NA,NA,NA,NA,NA,NA,NA,NA,NA,NA,NA,NA
792,Leontodon hirtus,Asteraceae,Leontodon,hirtus,Campanulids,perennial,Biotic,dry_indehiscent,1.172829983,ND,1,0,0,0,NoInfo,NoInfo,NoInfo,NoInfo,NoInfo,NoInfo,NoInfo,NoInfo,NoInfo,NoInfo,0,NA,NA,NA,NA,NA,NA,NA,NA,NA,NA,NA,NA,NA,NA,NA,NA,NA,NA,NA,NA,NA,NA,NA,NA
793,Leontodon hispidus,Asteraceae,Leontodon,hispidus,Campanulids,perennial,Biotic,dry_indehiscent,1.149394203,ND,1,0,1,0,NoInfo,NoInfo,NoInfo,NoInfo,NoInfo,NoInfo,NoInfo,NoInfo,NoInfo,NoInfo,1,1,-0.014994391,0.686181429,-5.788469905,22.88126968,2.061881258,0.88714266,27.93381274,17.82872663,41.15364012,4.608899251,36.54474086,10.10508611,5.840321133,1.788331398,6.793883725,5.790980052,2.756176538,6.650482975,11.35775399,9,1,0,0
794,Leontodon incanus,Asteraceae,Leontodon,incanus,Campanulids,perennial,Biotic,dry_indehiscent,1.27895,ND,1,0,0,0,NoInfo,NoInfo,NoInfo,NoInfo,NoInfo,NoInfo,NoInfo,NoInfo,NoInfo,NoInfo,0,NA,NA,NA,NA,NA,NA,NA,NA,NA,NA,NA,NA,NA,NA,NA,NA,NA,NA,NA,NA,NA,NA,NA,NA
795,Leontodon oxylepis,Asteraceae,Leontodon,oxylepis,Campanulids,perennial,Biotic,dry_indehiscent,1.172829983,ND,1,0,0,0,NoInfo,NoInfo,NoInfo,NoInfo,NoInfo,NoInfo,NoInfo,NoInfo,NoInfo,NoInfo,0,NA,NA,NA,NA,NA,NA,NA,NA,NA,NA,NA,NA,NA,NA,NA,NA,NA,NA,NA,NA,NA,NA,NA,NA
796,Leontodon saxatilis,Asteraceae,Leontodon,saxatilis,Campanulids,perennial,Biotic,dry_indehiscent,0.415837597,ND,4,0,0,0,NoInfo,NoInfo,NoInfo,NoInfo,NoInfo,NoInfo,NoInfo,NoInfo,NoInfo,NoInfo,1,1,-0.00488363,0.261451756,0.342680256,26.76817943,3.841974009,0.978999276,42.79578433,10.74057453,64.0458509,-10.50949204,74.55534295,32.05520979,56.82899594,17.78777077,39.21841441,2.019544157,20.04281383,74.06093162,38.43784112,4,1,0,0
797,Leontodon tuberosus,Asteraceae,Leontodon,tuberosus,Campanulids,perennial,Biotic,dry_indehiscent,0.531978,ND,1,0,0,1,0,0,0,0,1,0,0,0,0,0,1,0,NA,NA,NA,NA,NA,NA,NA,NA,NA,NA,NA,NA,NA,NA,NA,NA,NA,NA,NA,NA,0,NA,0
798,Lepidium cardamine,Brassicaceae,Lepidium,cardamine,Malvids,perennial,Biotic,dry_dehiscent,1.027843481,PD,1,0,0,0,NoInfo,NoInfo,NoInfo,NoInfo,NoInfo,NoInfo,NoInfo,NoInfo,NoInfo,NoInfo,0,NA,NA,NA,NA,NA,NA,NA,NA,NA,NA,NA,NA,NA,NA,NA,NA,NA,NA,NA,NA,NA,NA,NA,NA
799,Lepidium chalepense,Brassicaceae,Lepidium,chalepense,Malvids,perennial,Biotic,dry_dehiscent,1.44,PD,1,0,0,0,NoInfo,NoInfo,NoInfo,NoInfo,NoInfo,NoInfo,NoInfo,NoInfo,NoInfo,NoInfo,0,NA,NA,NA,NA,NA,NA,NA,NA,NA,NA,NA,NA,NA,NA,NA,NA,NA,NA,NA,NA,NA,NA,NA,NA
800,Lepidium hirtum,Brassicaceae,Lepidium,hirtum,Malvids,perennial,Biotic,dry_dehiscent,2.5388,PD,1,0,0,0,NoInfo,NoInfo,NoInfo,NoInfo,NoInfo,NoInfo,NoInfo,NoInfo,NoInfo,NoInfo,0,NA,NA,NA,NA,NA,NA,NA,NA,NA,NA,NA,NA,NA,NA,NA,NA,NA,NA,NA,NA,NA,NA,NA,NA
801,Lepidium subulatum,Brassicaceae,Lepidium,subulatum,Malvids,perennial,Biotic,dry_dehiscent,1.027843481,PD,1,0,0,0,NoInfo,NoInfo,NoInfo,NoInfo,NoInfo,NoInfo,NoInfo,NoInfo,NoInfo,NoInfo,0,NA,NA,NA,NA,NA,NA,NA,NA,NA,NA,NA,NA,NA,NA,NA,NA,NA,NA,NA,NA,NA,NA,NA,NA
802,Leucanthemopsis pallida,Asteraceae,Leucanthemopsis,pallida,Campanulids,perennial,Biotic,dry_indehiscent,0.16,NoInfo,1,0,0,0,NoInfo,NoInfo,NoInfo,NoInfo,NoInfo,NoInfo,NoInfo,NoInfo,NoInfo,NoInfo,0,NA,NA,NA,NA,NA,NA,NA,NA,NA,NA,NA,NA,NA,NA,NA,NA,NA,NA,NA,NA,NA,NA,NA,NA
803,Leucanthemopsis pulverulenta,Asteraceae,Leucanthemopsis,pulverulenta,Campanulids,perennial,Biotic,dry_indehiscent,0.267525,NoInfo,1,0,0,0,NoInfo,NoInfo,NoInfo,NoInfo,NoInfo,NoInfo,NoInfo,NoInfo,NoInfo,NoInfo,0,NA,NA,NA,NA,NA,NA,NA,NA,NA,NA,NA,NA,NA,NA,NA,NA,NA,NA,NA,NA,NA,NA,NA,NA
804,Leucanthemum chloroticum,Asteraceae,Leucanthemum,chloroticum,Campanulids,perennial,Biotic,dry_indehiscent,0.674418687,ND,1,0,0,0,NoInfo,NoInfo,NoInfo,NoInfo,NoInfo,NoInfo,NoInfo,NoInfo,NoInfo,NoInfo,0,NA,NA,NA,NA,NA,NA,NA,NA,NA,NA,NA,NA,NA,NA,NA,NA,NA,NA,NA,NA,NA,NA,NA,NA
805,Leucanthemum vulgare,Asteraceae,Leucanthemum,vulgare,Campanulids,perennial,Biotic,dry_indehiscent,0.438112121,ND,2,0,1,1,0,1,0,0,0,0,1,1,0,0,1,1,0.052923315,-2.299594037,25.73019363,21.72571805,0.750027792,0.679184755,NA,NA,NA,NA,NA,NA,NA,NA,NA,NA,2.374136572,NA,NA,7,0,0,0
806,Leucojum aestivum,Amaryllidaceae,Leucojum,aestivum,Monocots,perennial,Biotic,dry_dehiscent,43.29314286,NoInfo,1,0,0,1,0,1,0,0,0,0,0,1,0,0,1,1,0.017776403,-0.830233516,8.466360449,23.35212287,-1.22749709,0.226619794,NA,NA,NA,NA,NA,NA,NA,NA,NA,NA,10.86783128,NA,NA,3,0,1,0
807,Leymus divaricatus,Poaceae,Leymus,divaricatus,Commelinid-monocots,perennial,Abiotic,dry_indehiscent,4.933887545,PD,1,0,0,0,NoInfo,NoInfo,NoInfo,NoInfo,NoInfo,NoInfo,NoInfo,NoInfo,NoInfo,NoInfo,0,NA,NA,NA,NA,NA,NA,NA,NA,NA,NA,NA,NA,NA,NA,NA,NA,NA,NA,NA,NA,NA,NA,NA,NA
808,Leymus racemosus,Poaceae,Leymus,racemosus,Commelinid-monocots,perennial,Abiotic,dry_indehiscent,6.766666667,PD,2,0,0,1,1,1,0,1,1,0,0,0,0,0,0,NA,NA,NA,NA,NA,NA,NA,NA,NA,NA,NA,NA,NA,NA,NA,NA,NA,NA,NA,NA,NA,NA,NA,NA
809,Ligustrum vulgare,Oleaceae,Ligustrum,vulgare,Lamiids,perennial,Biotic,fleshy,19.10950355,PD,4,0,0,0,NoInfo,NoInfo,NoInfo,NoInfo,NoInfo,NoInfo,NoInfo,NoInfo,NoInfo,NoInfo,0,NA,NA,NA,NA,NA,NA,NA,NA,NA,NA,NA,NA,NA,NA,NA,NA,NA,NA,NA,NA,NA,NA,NA,NA
810,Lilium martagon,Liliaceae,Lilium,martagon,Monocots,perennial,Biotic,dry_dehiscent,6.5425,M(P)D,1,0,1,1,0,1,0,0,0,0,0,1,0,0,1,1,-0.046078128,1.366582654,-8.558134383,14.82897323,1.574374412,0.828406321,17.23850238,12.41944407,24.73192787,4.926018583,19.80590928,4.819058306,NA,NA,NA,NA,NA,NA,NA,4,1,0,0
811,Limbarda crithmoides,Asteraceae,Limbarda,crithmoides,Campanulids,perennial,Biotic,dry_indehiscent,0.334545455,PD,1,0,0,1,0,1,0,0,1,0,0,1,0,0,1,1,-3.18E-05,-0.068040754,1.553169395,-1069.954256,37.95341678,1,-20.64680162,-2119.26171,64.1769815,-2204.085493,2268.262474,2098.614908,191.3540521,416540.474,127.085405,416474.7519,208176.0908,416728.7692,416597.325,6,1,0,0
812,Limonium acutifolium,Plumbaginaceae,Limonium,acutifolium,Caryophyllales,perennial,Biotic,dry_dehiscent,3.533451325,PD,1,0,0,0,NoInfo,NoInfo,NoInfo,NoInfo,NoInfo,NoInfo,NoInfo,NoInfo,NoInfo,NoInfo,0,NA,NA,NA,NA,NA,NA,NA,NA,NA,NA,NA,NA,NA,NA,NA,NA,NA,NA,NA,NA,NA,NA,NA,NA
813,Limonium angustebracteatum,Plumbaginaceae,Limonium,angustebracteatum,Caryophyllales,perennial,Biotic,dry_dehiscent,3.533451325,PD,1,0,0,0,NoInfo,NoInfo,NoInfo,NoInfo,NoInfo,NoInfo,NoInfo,NoInfo,NoInfo,NoInfo,0,NA,NA,NA,NA,NA,NA,NA,NA,NA,NA,NA,NA,NA,NA,NA,NA,NA,NA,NA,NA,NA,NA,NA,NA
814,Limonium caesium,Plumbaginaceae,Limonium,caesium,Caryophyllales,perennial,Biotic,dry_dehiscent,3.533451325,PD,1,0,0,0,NoInfo,NoInfo,NoInfo,NoInfo,NoInfo,NoInfo,NoInfo,NoInfo,NoInfo,NoInfo,0,NA,NA,NA,NA,NA,NA,NA,NA,NA,NA,NA,NA,NA,NA,NA,NA,NA,NA,NA,NA,NA,NA,NA,NA
815,Limonium cossonianum,Plumbaginaceae,Limonium,cossonianum,Caryophyllales,perennial,Biotic,dry_dehiscent,3.533451325,PD,1,0,0,0,NoInfo,NoInfo,NoInfo,NoInfo,NoInfo,NoInfo,NoInfo,NoInfo,NoInfo,NoInfo,0,NA,NA,NA,NA,NA,NA,NA,NA,NA,NA,NA,NA,NA,NA,NA,NA,NA,NA,NA,NA,NA,NA,NA,NA
816,Limonium costae,Plumbaginaceae,Limonium,costae,Caryophyllales,perennial,Biotic,dry_dehiscent,3.533451325,PD,1,0,0,0,NoInfo,NoInfo,NoInfo,NoInfo,NoInfo,NoInfo,NoInfo,NoInfo,NoInfo,NoInfo,0,NA,NA,NA,NA,NA,NA,NA,NA,NA,NA,NA,NA,NA,NA,NA,NA,NA,NA,NA,NA,NA,NA,NA,NA
817,Limonium delicatulum,Plumbaginaceae,Limonium,delicatulum,Caryophyllales,perennial,Biotic,dry_dehiscent,3.533451325,PD,1,0,0,0,NoInfo,NoInfo,NoInfo,NoInfo,NoInfo,NoInfo,NoInfo,NoInfo,NoInfo,NoInfo,0,NA,NA,NA,NA,NA,NA,NA,NA,NA,NA,NA,NA,NA,NA,NA,NA,NA,NA,NA,NA,NA,NA,NA,NA
818,Limonium dichotomum,Plumbaginaceae,Limonium,dichotomum,Caryophyllales,perennial,Biotic,dry_dehiscent,3.533451325,PD,1,0,0,0,NoInfo,NoInfo,NoInfo,NoInfo,NoInfo,NoInfo,NoInfo,NoInfo,NoInfo,NoInfo,0,NA,NA,NA,NA,NA,NA,NA,NA,NA,NA,NA,NA,NA,NA,NA,NA,NA,NA,NA,NA,NA,NA,NA,NA
819,Limonium dufourii,Plumbaginaceae,Limonium,dufourii,Caryophyllales,perennial,Biotic,dry_dehiscent,3.533451325,PD,1,0,0,0,NoInfo,NoInfo,NoInfo,NoInfo,NoInfo,NoInfo,NoInfo,NoInfo,NoInfo,NoInfo,1,0,NA,NA,NA,NA,NA,NA,NA,NA,NA,NA,NA,NA,NA,NA,NA,NA,NA,NA,NA,NA,0,NA,0
820,Limonium graecum,Plumbaginaceae,Limonium,graecum,Caryophyllales,perennial,Biotic,dry_dehiscent,3.533451325,PD,1,0,0,0,NoInfo,NoInfo,NoInfo,NoInfo,NoInfo,NoInfo,NoInfo,NoInfo,NoInfo,NoInfo,0,NA,NA,NA,NA,NA,NA,NA,NA,NA,NA,NA,NA,NA,NA,NA,NA,NA,NA,NA,NA,NA,NA,NA,NA
821,Limonium ilvae,Plumbaginaceae,Limonium,ilvae,Caryophyllales,perennial,Biotic,dry_dehiscent,3.533451325,PD,1,0,0,0,NoInfo,NoInfo,NoInfo,NoInfo,NoInfo,NoInfo,NoInfo,NoInfo,NoInfo,NoInfo,0,NA,NA,NA,NA,NA,NA,NA,NA,NA,NA,NA,NA,NA,NA,NA,NA,NA,NA,NA,NA,NA,NA,NA,NA
822,Limonium latebracteatum,Plumbaginaceae,Limonium,latebracteatum,Caryophyllales,perennial,Biotic,dry_dehiscent,3.533451325,PD,1,0,0,0,NoInfo,NoInfo,NoInfo,NoInfo,NoInfo,NoInfo,NoInfo,NoInfo,NoInfo,NoInfo,0,NA,NA,NA,NA,NA,NA,NA,NA,NA,NA,NA,NA,NA,NA,NA,NA,NA,NA,NA,NA,NA,NA,NA,NA
823,Limonium minutum,Plumbaginaceae,Limonium,minutum,Caryophyllales,perennial,Biotic,dry_dehiscent,3.533451325,PD,1,0,1,0,NoInfo,NoInfo,NoInfo,NoInfo,NoInfo,NoInfo,NoInfo,NoInfo,NoInfo,NoInfo,0,NA,NA,NA,NA,NA,NA,NA,NA,NA,NA,NA,NA,NA,NA,NA,NA,NA,NA,NA,NA,NA,NA,NA,NA
824,Limonium scoparium,Plumbaginaceae,Limonium,scoparium,Caryophyllales,perennial,Biotic,dry_dehiscent,0.4115,PD,1,0,0,0,NoInfo,NoInfo,NoInfo,NoInfo,NoInfo,NoInfo,NoInfo,NoInfo,NoInfo,NoInfo,0,NA,NA,NA,NA,NA,NA,NA,NA,NA,NA,NA,NA,NA,NA,NA,NA,NA,NA,NA,NA,NA,NA,NA,NA
825,Limonium supinum,Plumbaginaceae,Limonium,supinum,Caryophyllales,perennial,Biotic,dry_dehiscent,3.533451325,PD,1,0,0,0,NoInfo,NoInfo,NoInfo,NoInfo,NoInfo,NoInfo,NoInfo,NoInfo,NoInfo,NoInfo,0,NA,NA,NA,NA,NA,NA,NA,NA,NA,NA,NA,NA,NA,NA,NA,NA,NA,NA,NA,NA,NA,NA,NA,NA
826,Limonium tournefortii,Plumbaginaceae,Limonium,tournefortii,Caryophyllales,perennial,Biotic,dry_dehiscent,3.533451325,PD,1,0,0,0,NoInfo,NoInfo,NoInfo,NoInfo,NoInfo,NoInfo,NoInfo,NoInfo,NoInfo,NoInfo,0,NA,NA,NA,NA,NA,NA,NA,NA,NA,NA,NA,NA,NA,NA,NA,NA,NA,NA,NA,NA,NA,NA,NA,NA
827,Limonium viciosoi,Plumbaginaceae,Limonium,viciosoi,Caryophyllales,perennial,Biotic,dry_dehiscent,3.533451325,PD,1,0,0,0,NoInfo,NoInfo,NoInfo,NoInfo,NoInfo,NoInfo,NoInfo,NoInfo,NoInfo,NoInfo,0,NA,NA,NA,NA,NA,NA,NA,NA,NA,NA,NA,NA,NA,NA,NA,NA,NA,NA,NA,NA,NA,NA,NA,NA
828,Limonium virgatum,Plumbaginaceae,Limonium,virgatum,Caryophyllales,perennial,Biotic,dry_dehiscent,0.5508,PD,1,0,0,0,NoInfo,NoInfo,NoInfo,NoInfo,NoInfo,NoInfo,NoInfo,NoInfo,NoInfo,NoInfo,0,NA,NA,NA,NA,NA,NA,NA,NA,NA,NA,NA,NA,NA,NA,NA,NA,NA,NA,NA,NA,NA,NA,NA,NA
829,Linaria corifolia,Plantaginaceae,Linaria,corifolia,Lamiids,perennial,Biotic,fleshy,0.487393706,NoInfo,1,0,0,0,NoInfo,NoInfo,NoInfo,NoInfo,NoInfo,NoInfo,NoInfo,NoInfo,NoInfo,NoInfo,0,NA,NA,NA,NA,NA,NA,NA,NA,NA,NA,NA,NA,NA,NA,NA,NA,NA,NA,NA,NA,NA,NA,NA,NA
830,Linaria nivea,Plantaginaceae,Linaria,nivea,Lamiids,perennial,Biotic,fleshy,0.02,NoInfo,1,0,0,0,NoInfo,NoInfo,NoInfo,NoInfo,NoInfo,NoInfo,NoInfo,NoInfo,NoInfo,NoInfo,0,NA,NA,NA,NA,NA,NA,NA,NA,NA,NA,NA,NA,NA,NA,NA,NA,NA,NA,NA,NA,NA,NA,NA,NA
831,Linaria pelisseriana,Plantaginaceae,Linaria,pelisseriana,Lamiids,annual,Biotic,fleshy,0.07,NoInfo,1,0,0,0,NoInfo,NoInfo,NoInfo,NoInfo,NoInfo,NoInfo,NoInfo,NoInfo,NoInfo,NoInfo,0,NA,NA,NA,NA,NA,NA,NA,NA,NA,NA,NA,NA,NA,NA,NA,NA,NA,NA,NA,NA,NA,NA,NA,NA
832,Linum maritimum,Linaceae,Linum,maritimum,Fabids,perennial,Biotic,dry_dehiscent,0.372,NoInfo,1,0,0,0,NoInfo,NoInfo,NoInfo,NoInfo,NoInfo,NoInfo,NoInfo,NoInfo,NoInfo,NoInfo,0,NA,NA,NA,NA,NA,NA,NA,NA,NA,NA,NA,NA,NA,NA,NA,NA,NA,NA,NA,NA,NA,NA,NA,NA
833,Linum narbonense,Linaceae,Linum,narbonense,Fabids,perennial,Biotic,dry_dehiscent,2.57,NoInfo,1,0,1,1,0,1,0,1,0,0,0,0,0,0,0,NA,NA,NA,NA,NA,NA,NA,NA,NA,NA,NA,NA,NA,NA,NA,NA,NA,NA,NA,NA,NA,NA,NA,NA
834,Linum nelsonii,Linaceae,Linum,nelsonii,Fabids,perennial,Biotic,dry_dehiscent,0.2012,NoInfo,1,0,0,0,NoInfo,NoInfo,NoInfo,NoInfo,NoInfo,NoInfo,NoInfo,NoInfo,NoInfo,NoInfo,0,NA,NA,NA,NA,NA,NA,NA,NA,NA,NA,NA,NA,NA,NA,NA,NA,NA,NA,NA,NA,NA,NA,NA,NA
835,Linum scoparium,Linaceae,Linum,scoparium,Fabids,perennial,Biotic,dry_dehiscent,1.332392614,NoInfo,1,0,0,1,0,0,0,0,0,0,0,1,0,0,0,NA,NA,NA,NA,NA,NA,NA,NA,NA,NA,NA,NA,NA,NA,NA,NA,NA,NA,NA,NA,NA,NA,NA,NA
836,Linum strictum,Linaceae,Linum,strictum,Fabids,annual,Biotic,dry_dehiscent,0.464083462,NoInfo,5,0,0,1,0,0,0,0,0,0,0,1,0,0,0,NA,NA,NA,NA,NA,NA,NA,NA,NA,NA,NA,NA,NA,NA,NA,NA,NA,NA,NA,NA,NA,NA,NA,NA
837,Linum suffruticosum,Linaceae,Linum,suffruticosum,Fabids,perennial,Biotic,dry_dehiscent,0.593007576,NoInfo,5,0,0,0,NoInfo,NoInfo,NoInfo,NoInfo,NoInfo,NoInfo,NoInfo,NoInfo,NoInfo,NoInfo,1,0,NA,NA,NA,NA,NA,NA,NA,NA,NA,NA,NA,NA,NA,NA,NA,NA,NA,NA,NA,NA,0,NA,0
838,Linum tenuifolium,Linaceae,Linum,tenuifolium,Fabids,perennial,Biotic,dry_dehiscent,1.0625,NoInfo,2,0,1,0,NoInfo,NoInfo,NoInfo,NoInfo,NoInfo,NoInfo,NoInfo,NoInfo,NoInfo,NoInfo,0,NA,NA,NA,NA,NA,NA,NA,NA,NA,NA,NA,NA,NA,NA,NA,NA,NA,NA,NA,NA,NA,NA,NA,NA
839,Linum trigynum,Linaceae,Linum,trigynum,Fabids,annual,Biotic,dry_dehiscent,0.2036,NoInfo,1,0,0,0,NoInfo,NoInfo,NoInfo,NoInfo,NoInfo,NoInfo,NoInfo,NoInfo,NoInfo,NoInfo,0,NA,NA,NA,NA,NA,NA,NA,NA,NA,NA,NA,NA,NA,NA,NA,NA,NA,NA,NA,NA,NA,NA,NA,NA
840,Lobelia niihauensis,Campanulaceae,Lobelia,niihauensis,Campanulids,perennial,Biotic,dry_dehiscent,0.069236182,NoInfo,1,0,0,0,NoInfo,NoInfo,NoInfo,NoInfo,NoInfo,NoInfo,NoInfo,NoInfo,NoInfo,NoInfo,0,NA,NA,NA,NA,NA,NA,NA,NA,NA,NA,NA,NA,NA,NA,NA,NA,NA,NA,NA,NA,NA,NA,NA,NA
841,Logfia gallica,Asteraceae,Logfia,gallica,Campanulids,annual,Biotic,dry_indehiscent,0.069772157,NoInfo,1,0,0,0,NoInfo,NoInfo,NoInfo,NoInfo,NoInfo,NoInfo,NoInfo,NoInfo,NoInfo,NoInfo,0,NA,NA,NA,NA,NA,NA,NA,NA,NA,NA,NA,NA,NA,NA,NA,NA,NA,NA,NA,NA,NA,NA,NA,NA
842,Logfia minima,Asteraceae,Logfia,minima,Campanulids,annual,Biotic,dry_indehiscent,0.025347433,NoInfo,2,0,0,0,NoInfo,NoInfo,NoInfo,NoInfo,NoInfo,NoInfo,NoInfo,NoInfo,NoInfo,NoInfo,0,NA,NA,NA,NA,NA,NA,NA,NA,NA,NA,NA,NA,NA,NA,NA,NA,NA,NA,NA,NA,NA,NA,NA,NA
843,Lolium arundinaceum,Poaceae,Lolium,arundinaceum,Commelinid-monocots,perennial,Abiotic,dry_indehiscent,2.182538235,PD,2,0,0,0,NoInfo,NoInfo,NoInfo,NoInfo,NoInfo,NoInfo,NoInfo,NoInfo,NoInfo,NoInfo,1,1,-0.026950743,1.019311432,-6.050461829,18.91063701,3.587452419,0.973076218,25.25105215,12.57022187,34.47868305,3.342590975,31.13609207,12.68083028,4.506994847,2.393015705,2.313224978,1.229341364,1.478941281,6.582551495,2.230585287,9,1,0,0
844,Lolium perenne,Poaceae,Lolium,perenne,Commelinid-monocots,perennial,Abiotic,dry_indehiscent,1.7853996,PD,1,0,1,1,1,1,0,1,1,0,0,1,1,0,1,1,-0.012609554,0.335902325,1.596324397,13.31935742,3.833325961,0.978820737,23.2697785,3.36893634,36.50362501,-9.864910175,46.36853519,19.90084216,2.320391077,NA,1.065466226,NA,NA,NA,NA,12,1,1,1
845,Lolium pratense,Poaceae,Lolium,pratense,Commelinid-monocots,perennial,Abiotic,dry_indehiscent,2.121947368,PD,1,0,0,0,NoInfo,NoInfo,NoInfo,NoInfo,NoInfo,NoInfo,NoInfo,NoInfo,NoInfo,NoInfo,1,1,-0.022883455,0.919047551,-5.411059553,20.08104858,3.816659703,0.978472462,27.43300621,12.72909094,37.26993878,2.892158369,34.37778041,14.70391528,4.885794969,1.567684483,3.590522864,1.119908286,2.057480408,5.976985169,3.370340559,10,1,0,0
846,Lolium rigidum,Poaceae,Lolium,rigidum,Commelinid-monocots,perennial,Abiotic,dry_indehiscent,2.77900693,PD,2,0,0,1,0,0,0,0,0,0,0,0,1,0,1,1,-0.036821023,1.302819703,-8.59519189,17.69124819,2.929061463,0.949264493,22.08756048,13.29493589,30.3211676,5.061328778,25.25983882,8.792624586,2.803593994,5.145359578,1.123713182,2.581003645,1.548095678,7.686568026,2.502443076,7,1,0,0
847,Lomelosia cretica,Caprifoliaceae,Lomelosia,cretica,Campanulids,perennial,Biotic,fleshy,10.10076676,NoInfo,1,0,0,1,0,0,0,0,0,0,1,0,0,0,0,NA,NA,NA,NA,NA,NA,NA,NA,NA,NA,NA,NA,NA,NA,NA,NA,NA,NA,NA,NA,NA,NA,NA,NA
848,Lonicera etrusca,Caprifoliaceae,Lonicera,etrusca,Campanulids,perennial,Biotic,fleshy,12.86214,M(P)D,2,0,0,1,0,0,0,0,0,0,0,1,0,0,0,NA,NA,NA,NA,NA,NA,NA,NA,NA,NA,NA,NA,NA,NA,NA,NA,NA,NA,NA,NA,NA,NA,NA,NA
849,Lonicera implexa,Caprifoliaceae,Lonicera,implexa,Campanulids,perennial,Biotic,fleshy,11.8,M(P)D,6,0,0,0,NoInfo,NoInfo,NoInfo,NoInfo,NoInfo,NoInfo,NoInfo,NoInfo,NoInfo,NoInfo,0,NA,NA,NA,NA,NA,NA,NA,NA,NA,NA,NA,NA,NA,NA,NA,NA,NA,NA,NA,NA,NA,NA,NA,NA
850,Lonicera nummulariifolia,Caprifoliaceae,Lonicera,nummulariifolia,Campanulids,woody,Biotic,fleshy,32.5459,M(P)D,1,0,0,1,0,0,0,0,0,0,0,1,0,0,0,NA,NA,NA,NA,NA,NA,NA,NA,NA,NA,NA,NA,NA,NA,NA,NA,NA,NA,NA,NA,NA,NA,NA,NA
851,Lonicera xylosteum,Caprifoliaceae,Lonicera,xylosteum,Campanulids,perennial,Biotic,fleshy,4.458571429,PD,2,0,0,1,0,0,0,0,0,0,0,1,0,0,1,1,-0.076986351,2.159883624,-13.10622314,14.02770497,2.042881988,0.885226405,16.24195204,11.8134579,22.07642448,5.978985459,16.09743902,4.428494149,NA,NA,NA,NA,NA,NA,NA,6,1,1,1
852,Lotus aegaeus,Fabaceae,Lotus,aegaeus,Fabids,perennial,Biotic,dry_dehiscent,2.215954705,PY(PD),1,0,0,0,NoInfo,NoInfo,NoInfo,NoInfo,NoInfo,NoInfo,NoInfo,NoInfo,NoInfo,NoInfo,0,NA,NA,NA,NA,NA,NA,NA,NA,NA,NA,NA,NA,NA,NA,NA,NA,NA,NA,NA,NA,NA,NA,NA,NA
853,Lotus corniculatus,Fabaceae,Lotus,corniculatus,Fabids,perennial,Biotic,dry_dehiscent,1.188627773,PY(PD),8,0,1,1,1,1,0,1,1,1,0,1,1,0,1,1,-0.003405587,0.118744535,1.118794681,17.43378595,2.153878088,0.896030614,28.40074878,6.466823111,56.12545431,-21.25788242,77.38333673,21.93392567,24.17601541,21.74450654,8.618583552,7.634307268,3.754102539,45.36775759,14.44825652,15,1,1,1
854,Lotus creticus,Fabaceae,Lotus,creticus,Fabids,perennial,Biotic,dry_dehiscent,2.08,PY(PD),1,0,0,1,1,1,0,0,0,0,0,0,0,0,1,1,-0.012669349,0.61843576,-6.305788205,24.40676893,1.241221147,0.775776501,28.48630279,20.32723508,42.58304147,6.230496397,36.35254508,8.159067704,NA,NA,0.340973421,NA,0.289839677,NA,NA,3,1,1,1
855,Lotus cytisoides,Fabaceae,Lotus,cytisoides,Fabids,perennial,Biotic,dry_dehiscent,1.496,PY(PD),4,0,0,1,1,0,0,0,0,0,0,0,0,0,1,0,NA,NA,NA,NA,NA,NA,NA,NA,NA,NA,NA,NA,NA,NA,NA,NA,NA,NA,NA,NA,0,NA,0
856,Lotus dorycnium,Fabaceae,Lotus,dorycnium,Fabids,perennial,Biotic,dry_dehiscent,2.680842857,PY(PD),8,1,1,0,NoInfo,NoInfo,NoInfo,NoInfo,NoInfo,NoInfo,NoInfo,NoInfo,NoInfo,NoInfo,1,1,-0.021685707,0.762430106,-4.353730851,17.57909238,2.347683784,0.912749946,22.24453305,12.91365171,33.20078753,1.957397227,31.2433903,9.330881338,25.53410913,34.74685211,6.085150634,14.0687674,7.554177213,59.07966273,15.54529432,7,1,1,1
857,Lotus glareosus,Fabaceae,Lotus,glareosus,Fabids,perennial,Biotic,dry_dehiscent,2.215954705,PY(PD),1,0,0,0,NoInfo,NoInfo,NoInfo,NoInfo,NoInfo,NoInfo,NoInfo,NoInfo,NoInfo,NoInfo,0,NA,NA,NA,NA,NA,NA,NA,NA,NA,NA,NA,NA,NA,NA,NA,NA,NA,NA,NA,NA,NA,NA,NA,NA
858,Lotus maritimus,Fabaceae,Lotus,maritimus,Fabids,perennial,Biotic,dry_dehiscent,3.621866667,PY(PD),1,0,0,1,1,0,0,0,0,0,0,0,0,0,1,1,-0.043383637,1.397460854,-8.003743735,16.10585194,3.249905069,0.962669701,20.6085712,11.60313268,28.05493789,4.156765988,23.8981719,9.005438522,NA,NA,NA,NA,NA,NA,NA,4,1,0,0
859,Lotus rectus,Fabaceae,Lotus,rectus,Fabids,perennial,Biotic,dry_dehiscent,1.071,PY(PD),1,0,0,0,NoInfo,NoInfo,NoInfo,NoInfo,NoInfo,NoInfo,NoInfo,NoInfo,NoInfo,NoInfo,1,1,-0.009749239,0.443910417,-0.919620058,22.76641474,4.13350427,0.984226182,35.03358939,10.49924009,49.71079441,-4.177964925,53.88875933,24.53434929,3.60031543,0.33201038,3.311400583,2.406506934,1.688903862,3.83867414,4.701458695,8,1,0,0
860,Lotus tenuis,Fabaceae,Lotus,tenuis,Fabids,perennial,Biotic,dry_dehiscent,1.0874,PY(PD),2,0,1,0,NoInfo,NoInfo,NoInfo,NoInfo,NoInfo,NoInfo,NoInfo,NoInfo,NoInfo,NoInfo,0,NA,NA,NA,NA,NA,NA,NA,NA,NA,NA,NA,NA,NA,NA,NA,NA,NA,NA,NA,NA,NA,NA,NA,NA
861,Luzula caespitosa,Juncaceae,Luzula,caespitosa,Commelinid-monocots,perennial,Biotic,dry_dehiscent,1.788,PD,1,0,0,0,NoInfo,NoInfo,NoInfo,NoInfo,NoInfo,NoInfo,NoInfo,NoInfo,NoInfo,NoInfo,0,NA,NA,NA,NA,NA,NA,NA,NA,NA,NA,NA,NA,NA,NA,NA,NA,NA,NA,NA,NA,NA,NA,NA,NA
862,Luzula campestris,Juncaceae,Luzula,campestris,Commelinid-monocots,perennial,Biotic,dry_dehiscent,0.638602353,PD,2,0,1,1,0,0,0,0,0,0,0,1,0,0,0,NA,NA,NA,NA,NA,NA,NA,NA,NA,NA,NA,NA,NA,NA,NA,NA,NA,NA,NA,NA,NA,NA,NA,NA
863,Luzula elegans,Juncaceae,Luzula,elegans,Commelinid-monocots,annual,Biotic,dry_dehiscent,0.481355091,PD,1,0,0,0,NoInfo,NoInfo,NoInfo,NoInfo,NoInfo,NoInfo,NoInfo,NoInfo,NoInfo,NoInfo,0,NA,NA,NA,NA,NA,NA,NA,NA,NA,NA,NA,NA,NA,NA,NA,NA,NA,NA,NA,NA,NA,NA,NA,NA
864,Luzula forsteri,Juncaceae,Luzula,forsteri,Commelinid-monocots,perennial,Abiotic,dry_dehiscent,1.1704,PD,2,0,0,0,NoInfo,NoInfo,NoInfo,NoInfo,NoInfo,NoInfo,NoInfo,NoInfo,NoInfo,NoInfo,0,NA,NA,NA,NA,NA,NA,NA,NA,NA,NA,NA,NA,NA,NA,NA,NA,NA,NA,NA,NA,NA,NA,NA,NA
865,Luzula luzulina,Juncaceae,Luzula,luzulina,Commelinid-monocots,perennial,Abiotic,dry_dehiscent,0.481355091,PD,1,0,0,0,NoInfo,NoInfo,NoInfo,NoInfo,NoInfo,NoInfo,NoInfo,NoInfo,NoInfo,NoInfo,0,NA,NA,NA,NA,NA,NA,NA,NA,NA,NA,NA,NA,NA,NA,NA,NA,NA,NA,NA,NA,NA,NA,NA,NA
866,Luzula luzuloides,Juncaceae,Luzula,luzuloides,Commelinid-monocots,perennial,Abiotic,dry_dehiscent,0.300466667,PD,1,0,1,0,NoInfo,NoInfo,NoInfo,NoInfo,NoInfo,NoInfo,NoInfo,NoInfo,NoInfo,NoInfo,0,NA,NA,NA,NA,NA,NA,NA,NA,NA,NA,NA,NA,NA,NA,NA,NA,NA,NA,NA,NA,NA,NA,NA,NA
867,Luzula nodulosa,Juncaceae,Luzula,nodulosa,Commelinid-monocots,perennial,Biotic,dry_dehiscent,0.481355091,PD,1,0,0,0,NoInfo,NoInfo,NoInfo,NoInfo,NoInfo,NoInfo,NoInfo,NoInfo,NoInfo,NoInfo,0,NA,NA,NA,NA,NA,NA,NA,NA,NA,NA,NA,NA,NA,NA,NA,NA,NA,NA,NA,NA,NA,NA,NA,NA
868,Luzula pindica,Juncaceae,Luzula,pindica,Commelinid-monocots,perennial,Biotic,dry_dehiscent,0.481355091,PD,1,0,0,0,NoInfo,NoInfo,NoInfo,NoInfo,NoInfo,NoInfo,NoInfo,NoInfo,NoInfo,NoInfo,0,NA,NA,NA,NA,NA,NA,NA,NA,NA,NA,NA,NA,NA,NA,NA,NA,NA,NA,NA,NA,NA,NA,NA,NA
869,Luzula spicata,Juncaceae,Luzula,spicata,Commelinid-monocots,perennial,Abiotic,dry_dehiscent,0.272333333,PD,3,0,1,0,NoInfo,NoInfo,NoInfo,NoInfo,NoInfo,NoInfo,NoInfo,NoInfo,NoInfo,NoInfo,1,1,-0.001351141,0.082133739,-1.265086478,30.39421844,-0.016891079,0.495777331,38.96642707,21.8220098,76.94229034,-16.15385347,93.09614381,17.14441727,202.7496386,52.59257773,170.4907811,66.64767663,77.46426931,252.4756191,207.401028,9,1,0,0
870,Luzula sylvatica,Juncaceae,Luzula,sylvatica,Commelinid-monocots,perennial,Abiotic,dry_dehiscent,0.734953846,PD,2,0,1,0,NoInfo,NoInfo,NoInfo,NoInfo,NoInfo,NoInfo,NoInfo,NoInfo,NoInfo,NoInfo,1,1,-0.028364806,0.861662411,-3.906924317,15.18893549,2.636943072,0.933201659,19.7149653,10.66290569,29.21645782,1.161413171,28.05504465,9.052059616,0.664596258,0.859306897,0.871759177,0.879260912,0.347381811,1.370217708,1.607305552,11,1,1,1
871,Lycium intricatum,Solanaceae,Lycium,intricatum,Lamiids,perennial,Biotic,fleshy,3.141442314,NoInfo,1,0,0,1,0,1,0,0,0,0,0,1,0,0,0,NA,NA,NA,NA,NA,NA,NA,NA,NA,NA,NA,NA,NA,NA,NA,NA,NA,NA,NA,NA,NA,NA,NA,NA
872,Lygeum spartum,Poaceae,Lygeum,spartum,Commelinid-monocots,perennial,Abiotic,dry_indehiscent,70.0428,ND,4,0,0,1,0,0,0,0,0,0,1,0,0,0,1,1,-0.000620302,-0.315327881,8.573954826,-254.1728551,48.64784876,1,17.26642601,-525.6121362,34.22417797,-542.5698882,576.7940661,542.8785622,NA,NA,NA,NA,NA,NA,NA,4,1,0,0
873,Lysimachia arvensis,Primulaceae,Lysimachia,arvensis,Asterids,perennial,Biotic,fleshy,0.489666667,PD,5,0,0,1,1,0,0,0,1,0,1,1,1,0,1,1,-0.003943369,0.007577628,-2.010445036,0.960806357,-2.00680472,0.118490319,4.795663153,-2.87405044,16.38075838,-14.45914566,30.83990404,7.669713593,NA,NA,NA,NA,NA,NA,NA,7,1,0,0
874,Lysimachia ephemerum,Primulaceae,Lysimachia,ephemerum,Asterids,perennial,Biotic,fleshy,0.32,PD,1,0,0,0,NoInfo,NoInfo,NoInfo,NoInfo,NoInfo,NoInfo,NoInfo,NoInfo,NoInfo,NoInfo,0,NA,NA,NA,NA,NA,NA,NA,NA,NA,NA,NA,NA,NA,NA,NA,NA,NA,NA,NA,NA,NA,NA,NA,NA
875,Lysimachia linum-stellatum,Primulaceae,Lysimachia,linum-stellatum,Asterids,annual,Abiotic,fleshy,0.323161278,PD,3,0,0,0,NoInfo,NoInfo,NoInfo,NoInfo,NoInfo,NoInfo,NoInfo,NoInfo,NoInfo,NoInfo,0,NA,NA,NA,NA,NA,NA,NA,NA,NA,NA,NA,NA,NA,NA,NA,NA,NA,NA,NA,NA,NA,NA,NA,NA
876,Lysimachia nummularia,Primulaceae,Lysimachia,nummularia,Asterids,perennial,Biotic,dry_dehiscent,0.2075,PD,1,0,1,1,0,1,0,0,0,0,0,1,0,0,0,NA,NA,NA,NA,NA,NA,NA,NA,NA,NA,NA,NA,NA,NA,NA,NA,NA,NA,NA,NA,NA,NA,NA,NA
877,Lythrum salicaria,Lythraceae,Lythrum,salicaria,Malvids,perennial,Biotic,dry_dehiscent,0.107981905,PD,2,0,0,1,0,1,0,0,0,0,0,1,0,0,0,NA,NA,NA,NA,NA,NA,NA,NA,NA,NA,NA,NA,NA,NA,NA,NA,NA,NA,NA,NA,NA,NA,NA,NA
878,Macrochloa tenacissima,Poaceae,Macrochloa,tenacissima,Commelinid-monocots,perennial,Abiotic,dry_indehiscent,3.535174641,NoInfo,1,0,0,0,NoInfo,NoInfo,NoInfo,NoInfo,NoInfo,NoInfo,NoInfo,NoInfo,NoInfo,NoInfo,1,0,NA,NA,NA,NA,NA,NA,NA,NA,NA,NA,NA,NA,NA,NA,NA,NA,NA,NA,NA,NA,0,NA,0
879,Malcolmia graeca,Brassicaceae,Malcolmia,graeca,Malvids,annual,Biotic,dry_dehiscent,0.390533333,NoInfo,1,0,0,0,NoInfo,NoInfo,NoInfo,NoInfo,NoInfo,NoInfo,NoInfo,NoInfo,NoInfo,NoInfo,0,NA,NA,NA,NA,NA,NA,NA,NA,NA,NA,NA,NA,NA,NA,NA,NA,NA,NA,NA,NA,NA,NA,NA,NA
880,Malva sylvestris,Malvaceae,Malva,sylvestris,Malvids,perennial,Biotic,dry_indehiscent,4.194106667,PY(PD),1,0,1,1,0,1,0,0,1,0,1,1,1,0,1,1,0.025889873,-1.122063612,12.17383263,21.66993278,0.016311107,0.504077686,NA,NA,NA,NA,NA,NA,NA,NA,NA,NA,1.973306457,NA,NA,4,0,1,0
881,Marcus-kochia ramosissima,Brassicaceae,Marcus-kochia,ramosissima,Malvids,annual,Biotic,dry_dehiscent,0.092666667,NoInfo,1,0,0,0,NoInfo,NoInfo,NoInfo,NoInfo,NoInfo,NoInfo,NoInfo,NoInfo,NoInfo,NoInfo,1,0,NA,NA,NA,NA,NA,NA,NA,NA,NA,NA,NA,NA,NA,NA,NA,NA,NA,NA,NA,NA,0,NA,0
882,Marrubium cylleneum,Lamiaceae,Marrubium,cylleneum,Lamiids,perennial,Biotic,dry_dehiscent,1.14332,PD,1,0,0,0,NoInfo,NoInfo,NoInfo,NoInfo,NoInfo,NoInfo,NoInfo,NoInfo,NoInfo,NoInfo,0,NA,NA,NA,NA,NA,NA,NA,NA,NA,NA,NA,NA,NA,NA,NA,NA,NA,NA,NA,NA,NA,NA,NA,NA
883,Marrubium supinum,Lamiaceae,Marrubium,supinum,Lamiids,perennial,Biotic,dry_dehiscent,1.14332,PD,1,0,0,1,0,0,0,0,0,0,0,1,0,0,0,NA,NA,NA,NA,NA,NA,NA,NA,NA,NA,NA,NA,NA,NA,NA,NA,NA,NA,NA,NA,NA,NA,NA,NA
884,Marrubium velutinum,Lamiaceae,Marrubium,velutinum,Lamiids,perennial,Biotic,dry_dehiscent,1.14332,PD,1,0,0,0,NoInfo,NoInfo,NoInfo,NoInfo,NoInfo,NoInfo,NoInfo,NoInfo,NoInfo,NoInfo,0,NA,NA,NA,NA,NA,NA,NA,NA,NA,NA,NA,NA,NA,NA,NA,NA,NA,NA,NA,NA,NA,NA,NA,NA
885,Marrubium vulgare,Lamiaceae,Marrubium,vulgare,Lamiids,perennial,Biotic,dry_dehiscent,0.87488,PD,1,0,0,1,0,1,0,0,1,1,0,1,0,0,0,NA,NA,NA,NA,NA,NA,NA,NA,NA,NA,NA,NA,NA,NA,NA,NA,NA,NA,NA,NA,NA,NA,NA,NA
886,Matthiola fruticulosa,Brassicaceae,Matthiola,fruticulosa,Malvids,perennial,Biotic,dry_dehiscent,0.4,PD,1,0,0,1,0,0,0,0,0,0,0,1,0,0,0,NA,NA,NA,NA,NA,NA,NA,NA,NA,NA,NA,NA,NA,NA,NA,NA,NA,NA,NA,NA,NA,NA,NA,NA
887,Matthiola perennis,Brassicaceae,Matthiola,perennis,Malvids,perennial,Biotic,dry_dehiscent,0.927201212,PD,1,0,0,0,NoInfo,NoInfo,NoInfo,NoInfo,NoInfo,NoInfo,NoInfo,NoInfo,NoInfo,NoInfo,0,NA,NA,NA,NA,NA,NA,NA,NA,NA,NA,NA,NA,NA,NA,NA,NA,NA,NA,NA,NA,NA,NA,NA,NA
888,Matthiola sinuata,Brassicaceae,Matthiola,sinuata,Malvids,perennial,Biotic,dry_dehiscent,1.6224,PD,1,0,0,0,NoInfo,NoInfo,NoInfo,NoInfo,NoInfo,NoInfo,NoInfo,NoInfo,NoInfo,NoInfo,1,1,-0.012864719,0.462633468,-1.57236349,17.98070674,2.586874872,0.930012077,24.58292193,11.37849154,38.71618246,-2.75476898,41.47095144,13.20443039,NA,NA,NA,NA,NA,NA,NA,4,1,0,0
889,Matthiola tricuspidata,Brassicaceae,Matthiola,tricuspidata,Malvids,annual,Biotic,dry_dehiscent,0.2532,PD,1,0,0,0,NoInfo,NoInfo,NoInfo,NoInfo,NoInfo,NoInfo,NoInfo,NoInfo,NoInfo,NoInfo,1,1,-0.071724044,2.490172708,-19.20954501,17.35939968,2.40440665,0.917162716,19.97812498,14.74067439,25.99510167,8.723697697,17.27140397,5.237450591,NA,NA,NA,NA,NA,NA,NA,4,1,1,1
890,Medicago arabica,Fabaceae,Medicago,arabica,Fabids,annual,Biotic,dry_dehiscent,2.471336842,PY(PD),1,0,0,1,1,0,0,0,0,0,0,0,0,0,1,1,0.998678236,0.051225824,0.002717298,-0.025646811,0.002060409,0.500515102,NA,NA,NA,NA,NA,NA,NA,NA,NA,NA,NA,NA,NA,4,0,0,0
891,Medicago brachycarpa,Fabaceae,Medicago,brachycarpa,Fabids,perennial,Biotic,dry_dehiscent,2.41344,PY(PD),1,0,0,0,NoInfo,NoInfo,NoInfo,NoInfo,NoInfo,NoInfo,NoInfo,NoInfo,NoInfo,NoInfo,0,NA,NA,NA,NA,NA,NA,NA,NA,NA,NA,NA,NA,NA,NA,NA,NA,NA,NA,NA,NA,NA,NA,NA,NA
892,Medicago coronata,Fabaceae,Medicago,coronata,Fabids,annual,Biotic,dry_dehiscent,1.6,PY(PD),1,0,0,0,NoInfo,NoInfo,NoInfo,NoInfo,NoInfo,NoInfo,NoInfo,NoInfo,NoInfo,NoInfo,1,1,-0.369482813,13.42311004,-115.8480285,18.16472861,6.065547085,0.997683889,21.09219619,15.23726104,23.10288613,13.2265711,9.876315038,5.85493515,NA,NA,NA,NA,NA,NA,NA,3,1,0,0
893,Medicago falcata,Fabaceae,Medicago,falcata,Fabids,perennial,Biotic,dry_dehiscent,1.881025,PY(PD),1,0,0,1,1,0,0,1,0,0,0,1,0,0,0,NA,NA,NA,NA,NA,NA,NA,NA,NA,NA,NA,NA,NA,NA,NA,NA,NA,NA,NA,NA,NA,NA,NA,NA
894,Medicago fischeriana,Fabaceae,Medicago,fischeriana,Fabids,annual,Biotic,dry_dehiscent,4.842514938,PY(PD),1,0,0,0,NoInfo,NoInfo,NoInfo,NoInfo,NoInfo,NoInfo,NoInfo,NoInfo,NoInfo,NoInfo,0,NA,NA,NA,NA,NA,NA,NA,NA,NA,NA,NA,NA,NA,NA,NA,NA,NA,NA,NA,NA,NA,NA,NA,NA
895,Medicago littoralis,Fabaceae,Medicago,littoralis,Fabids,annual,Biotic,dry_dehiscent,2.592,PY(PD),1,0,1,1,1,1,0,1,0,0,0,0,0,0,1,1,0.998459695,0.054461442,0.003630764,-0.027272729,0.002888107,0.500722026,NA,NA,NA,NA,NA,NA,NA,NA,NA,NA,NA,NA,NA,5,0,0,0
896,Medicago lupulina,Fabaceae,Medicago,lupulina,Fabids,perennial,Biotic,dry_dehiscent,2.22646624,PY(PD),2,0,1,1,1,1,0,0,0,1,0,1,1,0,1,1,-0.00850229,0.291941816,-0.165586864,17.16842292,2.340503414,0.912176422,24.59992821,9.736917621,42.10013919,-7.763293356,49.86343255,14.86301059,9.1319276,7.543899292,4.283977753,3.849213391,2.038720124,16.24744649,7.050694949,14,1,1,1
897,Medicago marina,Fabaceae,Medicago,marina,Fabids,perennial,Biotic,dry_dehiscent,4.28,PY(PD),4,0,0,1,0,0,0,1,0,0,0,0,0,0,1,1,0.010065431,-0.367457576,4.108793379,18.25344551,0.755109955,0.680291112,NA,NA,NA,NA,NA,NA,NA,NA,NA,NA,1.750350459,NA,NA,8,0,0,0
898,Medicago minima,Fabaceae,Medicago,minima,Fabids,annual,Biotic,dry_dehiscent,1.02508,PY(PD),1,0,0,1,1,1,0,0,0,0,0,1,1,0,1,1,0.11409866,-4.96966444,57.04133554,21.77792635,2.926842457,0.949157516,NA,NA,NA,NA,NA,NA,NA,NA,NA,NA,5.44603426,NA,NA,7,0,0,0
899,Medicago pamphylica,Fabaceae,Medicago,pamphylica,Fabids,annual,Biotic,dry_dehiscent,4.842514938,PY(PD),1,0,0,0,NoInfo,NoInfo,NoInfo,NoInfo,NoInfo,NoInfo,NoInfo,NoInfo,NoInfo,NoInfo,0,NA,NA,NA,NA,NA,NA,NA,NA,NA,NA,NA,NA,NA,NA,NA,NA,NA,NA,NA,NA,NA,NA,NA,NA
900,Medicago polymorpha,Fabaceae,Medicago,polymorpha,Fabids,perennial,Biotic,dry_dehiscent,3.379436922,PY(PD),2,0,1,1,1,1,0,0,1,0,0,1,1,0,1,1,0.105864715,-3.96505235,40.28083004,18.72697783,3.154106317,0.959070218,NA,NA,NA,NA,NA,NA,NA,NA,NA,NA,1.417054324,NA,NA,5,0,0,0
901,Medicago prostrata,Fabaceae,Medicago,prostrata,Fabids,perennial,Biotic,dry_dehiscent,1.8,PY(PD),1,0,0,1,0,0,0,1,0,0,0,0,0,0,0,NA,NA,NA,NA,NA,NA,NA,NA,NA,NA,NA,NA,NA,NA,NA,NA,NA,NA,NA,NA,NA,NA,NA,NA
902,Melica ciliata,Poaceae,Melica,ciliata,Commelinid-monocots,perennial,Abiotic,dry_indehiscent,0.603673874,NoInfo,2,0,1,1,0,1,0,0,0,0,0,1,0,0,1,1,-0.04552024,1.766166945,-13.14579015,19.39979825,3.985851055,0.98176217,24.86042117,13.93917533,31.73861271,7.060983795,24.67762891,10.92124584,NA,NA,NA,NA,NA,NA,NA,5,1,0,0
903,Melica uniflora,Poaceae,Melica,uniflora,Commelinid-monocots,perennial,Abiotic,dry_indehiscent,2.792983333,NoInfo,2,0,0,0,NoInfo,NoInfo,NoInfo,NoInfo,NoInfo,NoInfo,NoInfo,NoInfo,NoInfo,NoInfo,1,1,-0.033360504,0.966591472,-10.69925402,14.48706326,-3.697718122,0.024180806,15.74191875,13.23220778,NA,NA,NA,2.509710965,NA,NA,10.710207,11.42216171,2.201332028,NA,21.70173204,6,1,1,1
904,Melissa officinalis,Lamiaceae,Melissa,officinalis,Lamiids,perennial,Biotic,dry_dehiscent,0.7,NoInfo,1,0,0,1,0,1,0,0,1,1,1,1,0,0,1,0,NA,NA,NA,NA,NA,NA,NA,NA,NA,NA,NA,NA,NA,NA,NA,NA,NA,NA,NA,NA,0,NA,0
905,Melittis melissophyllum,Lamiaceae,Melittis,melissophyllum,Lamiids,perennial,Biotic,dry_dehiscent,5.39,PD,1,0,0,1,0,0,0,0,0,0,0,1,0,0,0,NA,NA,NA,NA,NA,NA,NA,NA,NA,NA,NA,NA,NA,NA,NA,NA,NA,NA,NA,NA,NA,NA,NA,NA
906,Mentha longifolia,Lamiaceae,Mentha,longifolia,Lamiids,perennial,Biotic,dry_dehiscent,0.057617714,NoInfo,1,0,0,1,0,1,0,1,1,1,1,1,1,0,0,NA,NA,NA,NA,NA,NA,NA,NA,NA,NA,NA,NA,NA,NA,NA,NA,NA,NA,NA,NA,NA,NA,NA,NA
907,Mentha suaveolens,Lamiaceae,Mentha,suaveolens,Lamiids,perennial,Biotic,dry_dehiscent,0.0475375,NoInfo,2,0,0,1,0,1,0,1,1,0,0,1,0,0,1,0,NA,NA,NA,NA,NA,NA,NA,NA,NA,NA,NA,NA,NA,NA,NA,NA,NA,NA,NA,NA,0,NA,0
908,Mesembryanthemum cryptanthum,Aizoaceae,Mesembryanthemum,cryptanthum,Caryophyllales,annual,NoInfo,dry_dehiscent,0.206033333,NoInfo,1,0,0,1,0,1,0,0,1,0,0,1,0,0,0,NA,NA,NA,NA,NA,NA,NA,NA,NA,NA,NA,NA,NA,NA,NA,NA,NA,NA,NA,NA,NA,NA,NA,NA
909,Micranthes stellaris,Saxifragaceae,Micranthes,stellaris,Rosids,perennial,Biotic,dry_dehiscent,0.03736,NoInfo,1,0,1,0,NoInfo,NoInfo,NoInfo,NoInfo,NoInfo,NoInfo,NoInfo,NoInfo,NoInfo,NoInfo,1,1,-0.041466743,1.482776028,-11.37424165,17.87909923,1.881108223,0.867738367,20.72140048,15.03679798,28.66666164,7.091536822,21.57512482,5.684602493,5.214637914,1.253365751,2.033592313,2.8104353,2.051369508,6.379206935,2.689910984,3,1,0,0
910,Microcnemum coralloides,Amaranthaceae,Microcnemum,coralloides,Caryophyllales,annual,Abiotic,dry_indehiscent,14.05382863,PD,1,0,0,0,NoInfo,NoInfo,NoInfo,NoInfo,NoInfo,NoInfo,NoInfo,NoInfo,NoInfo,NoInfo,0,NA,NA,NA,NA,NA,NA,NA,NA,NA,NA,NA,NA,NA,NA,NA,NA,NA,NA,NA,NA,NA,NA,NA,NA
911,Micromeria graeca,Lamiaceae,Micromeria,graeca,Lamiids,perennial,Biotic,dry_dehiscent,0.14245,NoInfo,1,0,0,0,NoInfo,NoInfo,NoInfo,NoInfo,NoInfo,NoInfo,NoInfo,NoInfo,NoInfo,NoInfo,0,NA,NA,NA,NA,NA,NA,NA,NA,NA,NA,NA,NA,NA,NA,NA,NA,NA,NA,NA,NA,NA,NA,NA,NA
912,Micromeria nervosa,Lamiaceae,Micromeria,nervosa,Lamiids,perennial,Biotic,dry_dehiscent,0.0439,NoInfo,1,0,0,1,0,0,0,0,0,0,0,1,0,0,1,0,NA,NA,NA,NA,NA,NA,NA,NA,NA,NA,NA,NA,NA,NA,NA,NA,NA,NA,NA,NA,0,NA,0
913,Milium vernale,Poaceae,Milium,vernale,Commelinid-monocots,annual,Abiotic,dry_indehiscent,0.847692857,NoInfo,1,0,0,0,NoInfo,NoInfo,NoInfo,NoInfo,NoInfo,NoInfo,NoInfo,NoInfo,NoInfo,NoInfo,0,NA,NA,NA,NA,NA,NA,NA,NA,NA,NA,NA,NA,NA,NA,NA,NA,NA,NA,NA,NA,NA,NA,NA,NA
914,Minuartia recurva,Caryophyllaceae,Minuartia,recurva,Caryophyllales,perennial,Biotic,dry_dehiscent,0.3,NoInfo,1,0,1,0,NoInfo,NoInfo,NoInfo,NoInfo,NoInfo,NoInfo,NoInfo,NoInfo,NoInfo,NoInfo,1,1,-0.067016651,1.950955238,-11.48320411,14.55575003,2.715604276,0.937941161,17.58299187,11.5285082,23.74581359,5.36568648,18.38012711,6.054483675,1.363206195,2.077403516,1.678405287,1.522631759,0.870241406,3.052636988,2.691026411,4,1,1,1
915,Moehringia pendula,Caryophyllaceae,Moehringia,pendula,Caryophyllales,perennial,Biotic,dry_dehiscent,0.398016667,NoInfo,1,0,0,0,NoInfo,NoInfo,NoInfo,NoInfo,NoInfo,NoInfo,NoInfo,NoInfo,NoInfo,NoInfo,0,NA,NA,NA,NA,NA,NA,NA,NA,NA,NA,NA,NA,NA,NA,NA,NA,NA,NA,NA,NA,NA,NA,NA,NA
916,Moenchia erecta,Caryophyllaceae,Moenchia,erecta,Caryophyllales,annual,Biotic,dry_dehiscent,0.078100147,NoInfo,2,0,0,0,NoInfo,NoInfo,NoInfo,NoInfo,NoInfo,NoInfo,NoInfo,NoInfo,NoInfo,NoInfo,0,NA,NA,NA,NA,NA,NA,NA,NA,NA,NA,NA,NA,NA,NA,NA,NA,NA,NA,NA,NA,NA,NA,NA,NA
917,Moenchia mantica,Caryophyllaceae,Moenchia,mantica,Caryophyllales,annual,Biotic,dry_dehiscent,0.078100147,NoInfo,1,0,0,0,NoInfo,NoInfo,NoInfo,NoInfo,NoInfo,NoInfo,NoInfo,NoInfo,NoInfo,NoInfo,0,NA,NA,NA,NA,NA,NA,NA,NA,NA,NA,NA,NA,NA,NA,NA,NA,NA,NA,NA,NA,NA,NA,NA,NA
918,Molineriella laevis,Poaceae,Molineriella,laevis,Commelinid-monocots,annual,Abiotic,dry_indehiscent,0.0289,NoInfo,2,0,0,0,NoInfo,NoInfo,NoInfo,NoInfo,NoInfo,NoInfo,NoInfo,NoInfo,NoInfo,NoInfo,0,NA,NA,NA,NA,NA,NA,NA,NA,NA,NA,NA,NA,NA,NA,NA,NA,NA,NA,NA,NA,NA,NA,NA,NA
919,Molinia caerulea,Poaceae,Molinia,caerulea,Commelinid-monocots,perennial,Abiotic,dry_indehiscent,0.796019048,PD,2,0,1,1,0,1,0,0,0,0,1,0,0,0,0,NA,NA,NA,NA,NA,NA,NA,NA,NA,NA,NA,NA,NA,NA,NA,NA,NA,NA,NA,NA,NA,NA,NA,NA
920,Morina persica,Caprifoliaceae,Morina,persica,Campanulids,perennial,Biotic,fleshy,17.15133333,NoInfo,1,0,0,1,0,0,0,0,0,0,0,1,0,0,0,NA,NA,NA,NA,NA,NA,NA,NA,NA,NA,NA,NA,NA,NA,NA,NA,NA,NA,NA,NA,NA,NA,NA,NA
921,Morisia monanthos,Brassicaceae,Morisia,monanthos,Malvids,perennial,Biotic,dry_dehiscent,3.125772655,NoInfo,1,0,0,0,NoInfo,NoInfo,NoInfo,NoInfo,NoInfo,NoInfo,NoInfo,NoInfo,NoInfo,NoInfo,0,NA,NA,NA,NA,NA,NA,NA,NA,NA,NA,NA,NA,NA,NA,NA,NA,NA,NA,NA,NA,NA,NA,NA,NA
922,Musschia aurea,Campanulaceae,Musschia,aurea,Campanulids,perennial,Biotic,fleshy,0.024,NoInfo,1,1,0,0,NoInfo,NoInfo,NoInfo,NoInfo,NoInfo,NoInfo,NoInfo,NoInfo,NoInfo,NoInfo,1,0,NA,NA,NA,NA,NA,NA,NA,NA,NA,NA,NA,NA,NA,NA,NA,NA,NA,NA,NA,NA,0,NA,0
923,Mutellina corsica,Apiaceae,Mutellina,corsica,Campanulids,perennial,Biotic,dry_indehiscent,2.1848,NoInfo,1,0,0,0,NoInfo,NoInfo,NoInfo,NoInfo,NoInfo,NoInfo,NoInfo,NoInfo,NoInfo,NoInfo,0,NA,NA,NA,NA,NA,NA,NA,NA,NA,NA,NA,NA,NA,NA,NA,NA,NA,NA,NA,NA,NA,NA,NA,NA
924,Mutellina purpurea,Apiaceae,Mutellina,purpurea,Campanulids,perennial,Biotic,dry_indehiscent,2.1848,NoInfo,1,0,1,1,0,1,0,0,0,0,0,1,0,0,0,NA,NA,NA,NA,NA,NA,NA,NA,NA,NA,NA,NA,NA,NA,NA,NA,NA,NA,NA,NA,NA,NA,NA,NA
925,Myosotis alpestris,Boraginaceae,Myosotis,alpestris,Lamiids,perennial,Biotic,dry_dehiscent,0.65985,PD,1,0,1,0,0,1,0,0,0,0,0,0,0,0,0,NA,NA,NA,NA,NA,NA,NA,NA,NA,NA,NA,NA,NA,NA,NA,NA,NA,NA,NA,NA,NA,NA,NA,NA
926,Myosotis lithospermifolia,Boraginaceae,Myosotis,lithospermifolia,Lamiids,perennial,Biotic,fleshy,0.36035659,PD,1,0,0,0,NoInfo,NoInfo,NoInfo,NoInfo,NoInfo,NoInfo,NoInfo,NoInfo,NoInfo,NoInfo,0,NA,NA,NA,NA,NA,NA,NA,NA,NA,NA,NA,NA,NA,NA,NA,NA,NA,NA,NA,NA,NA,NA,NA,NA
927,Myosotis ramosissima,Boraginaceae,Myosotis,ramosissima,Lamiids,annual,Biotic,dry_dehiscent,0.234,PD,1,0,1,0,NoInfo,NoInfo,NoInfo,NoInfo,NoInfo,NoInfo,NoInfo,NoInfo,NoInfo,NoInfo,0,NA,NA,NA,NA,NA,NA,NA,NA,NA,NA,NA,NA,NA,NA,NA,NA,NA,NA,NA,NA,NA,NA,NA,NA
928,Myosotis sylvatica,Boraginaceae,Myosotis,sylvatica,Lamiids,perennial,Biotic,dry_dehiscent,0.626583333,PD,1,0,1,1,0,1,0,0,0,0,0,1,0,0,0,NA,NA,NA,NA,NA,NA,NA,NA,NA,NA,NA,NA,NA,NA,NA,NA,NA,NA,NA,NA,NA,NA,NA,NA
929,Myrtus communis,Myrtaceae,Myrtus,communis,Malvids,woody,Biotic,fleshy,8.3683,PD,5,0,0,1,0,1,1,1,1,1,1,1,0,0,1,1,0.003950247,-0.197892242,3.180371432,25.0480859,0.701960494,0.668622296,NA,NA,NA,NA,NA,NA,NA,NA,NA,NA,NA,NA,NA,6,0,0,0
930,Narcissus bulbocodium,Amaryllidaceae,Narcissus,bulbocodium,Monocots,perennial,Biotic,fleshy,0.9288,NoInfo,1,1,1,0,0,1,0,0,0,0,0,0,0,0,0,NA,NA,NA,NA,NA,NA,NA,NA,NA,NA,NA,NA,NA,NA,NA,NA,NA,NA,NA,NA,NA,NA,NA,NA
931,Narcissus rupicola,Amaryllidaceae,Narcissus,rupicola,Monocots,perennial,Biotic,fleshy,3.474,NoInfo,1,0,0,0,NoInfo,NoInfo,NoInfo,NoInfo,NoInfo,NoInfo,NoInfo,NoInfo,NoInfo,NoInfo,0,NA,NA,NA,NA,NA,NA,NA,NA,NA,NA,NA,NA,NA,NA,NA,NA,NA,NA,NA,NA,NA,NA,NA,NA
932,Nardus stricta,Poaceae,Nardus,stricta,Commelinid-monocots,perennial,Abiotic,dry_indehiscent,0.368295455,PD,6,0,1,0,NoInfo,NoInfo,NoInfo,NoInfo,NoInfo,NoInfo,NoInfo,NoInfo,NoInfo,NoInfo,1,1,-0.021478213,0.771776406,-5.860979961,17.96649464,1.072078372,0.744991964,20.92216942,15.01081987,31.6414447,4.291544588,27.34990011,5.911349549,5.458801249,2.457587696,5.959161274,6.56902236,2.029322725,7.42993229,11.86822282,8,1,1,1
933,Narthecium reverchonii,Nartheciaceae,Narthecium,reverchonii,Monocots,perennial,Biotic,dry_dehiscent,0.092051429,NoInfo,1,0,0,0,NoInfo,NoInfo,NoInfo,NoInfo,NoInfo,NoInfo,NoInfo,NoInfo,NoInfo,NoInfo,0,NA,NA,NA,NA,NA,NA,NA,NA,NA,NA,NA,NA,NA,NA,NA,NA,NA,NA,NA,NA,NA,NA,NA,NA
934,Narthecium scardicum,Nartheciaceae,Narthecium,scardicum,Monocots,perennial,Biotic,dry_dehiscent,0.092051429,NoInfo,1,0,0,0,NoInfo,NoInfo,NoInfo,NoInfo,NoInfo,NoInfo,NoInfo,NoInfo,NoInfo,NoInfo,0,NA,NA,NA,NA,NA,NA,NA,NA,NA,NA,NA,NA,NA,NA,NA,NA,NA,NA,NA,NA,NA,NA,NA,NA
935,Nassella viridula,Poaceae,Nassella,viridula,Commelinid-monocots,perennial,Abiotic,dry_indehiscent,1.826456219,PD,1,0,0,1,1,1,0,0,0,0,0,0,0,0,0,NA,NA,NA,NA,NA,NA,NA,NA,NA,NA,NA,NA,NA,NA,NA,NA,NA,NA,NA,NA,NA,NA,NA,NA
936,Neatostema apulum,Boraginaceae,Neatostema,apulum,Lamiids,annual,Abiotic,fleshy,6.691163461,NoInfo,1,0,0,1,0,0,0,0,0,0,0,1,0,0,0,NA,NA,NA,NA,NA,NA,NA,NA,NA,NA,NA,NA,NA,NA,NA,NA,NA,NA,NA,NA,NA,NA,NA,NA
937,Neottia nidus-avis,Orchidaceae,Neottia,nidus-avis,Monocots,perennial,Biotic,dry_dehiscent,0.008,NoInfo,1,0,0,0,NoInfo,NoInfo,NoInfo,NoInfo,NoInfo,NoInfo,NoInfo,NoInfo,NoInfo,NoInfo,1,0,NA,NA,NA,NA,NA,NA,NA,NA,NA,NA,NA,NA,NA,NA,NA,NA,NA,NA,NA,NA,0,NA,0
938,Nerium oleander,Apocynaceae,Nerium,oleander,Lamiids,woody,Biotic,dry_dehiscent,3.906666667,ND,2,0,0,1,0,1,0,0,1,0,1,1,1,0,0,NA,NA,NA,NA,NA,NA,NA,NA,NA,NA,NA,NA,NA,NA,NA,NA,NA,NA,NA,NA,NA,NA,NA,NA
939,Noccaea brevistyla,Brassicaceae,Noccaea,brevistyla,Malvids,perennial,Biotic,dry_dehiscent,0.932578357,NoInfo,1,0,0,0,NoInfo,NoInfo,NoInfo,NoInfo,NoInfo,NoInfo,NoInfo,NoInfo,NoInfo,NoInfo,0,NA,NA,NA,NA,NA,NA,NA,NA,NA,NA,NA,NA,NA,NA,NA,NA,NA,NA,NA,NA,NA,NA,NA,NA
940,Noccaea haussknechtii,Brassicaceae,Noccaea,haussknechtii,Malvids,perennial,Biotic,dry_dehiscent,0.932578357,NoInfo,1,0,0,0,NoInfo,NoInfo,NoInfo,NoInfo,NoInfo,NoInfo,NoInfo,NoInfo,NoInfo,NoInfo,0,NA,NA,NA,NA,NA,NA,NA,NA,NA,NA,NA,NA,NA,NA,NA,NA,NA,NA,NA,NA,NA,NA,NA,NA
941,Noccaea iberidea,Brassicaceae,Noccaea,iberidea,Malvids,perennial,Biotic,dry_dehiscent,0.932578357,NoInfo,1,0,0,0,NoInfo,NoInfo,NoInfo,NoInfo,NoInfo,NoInfo,NoInfo,NoInfo,NoInfo,NoInfo,0,NA,NA,NA,NA,NA,NA,NA,NA,NA,NA,NA,NA,NA,NA,NA,NA,NA,NA,NA,NA,NA,NA,NA,NA
942,Noccaea microstyla,Brassicaceae,Noccaea,microstyla,Malvids,perennial,Biotic,dry_dehiscent,0.932578357,NoInfo,1,0,0,0,NoInfo,NoInfo,NoInfo,NoInfo,NoInfo,NoInfo,NoInfo,NoInfo,NoInfo,NoInfo,0,NA,NA,NA,NA,NA,NA,NA,NA,NA,NA,NA,NA,NA,NA,NA,NA,NA,NA,NA,NA,NA,NA,NA,NA
943,Noccaea oppositifolia,Brassicaceae,Noccaea,oppositifolia,Malvids,perennial,Biotic,dry_dehiscent,1.8712,NoInfo,1,0,0,0,NoInfo,NoInfo,NoInfo,NoInfo,NoInfo,NoInfo,NoInfo,NoInfo,NoInfo,NoInfo,0,NA,NA,NA,NA,NA,NA,NA,NA,NA,NA,NA,NA,NA,NA,NA,NA,NA,NA,NA,NA,NA,NA,NA,NA
944,Noccaea perfoliata,Brassicaceae,Noccaea,perfoliata,Malvids,annual,Biotic,dry_dehiscent,0.367342857,NoInfo,1,0,0,0,NoInfo,NoInfo,NoInfo,NoInfo,NoInfo,NoInfo,NoInfo,NoInfo,NoInfo,NoInfo,0,NA,NA,NA,NA,NA,NA,NA,NA,NA,NA,NA,NA,NA,NA,NA,NA,NA,NA,NA,NA,NA,NA,NA,NA
945,Notoceras bicorne,Brassicaceae,Notoceras,bicorne,Malvids,annual,Biotic,dry_dehiscent,0.333883058,NoInfo,1,0,0,0,NoInfo,NoInfo,NoInfo,NoInfo,NoInfo,NoInfo,NoInfo,NoInfo,NoInfo,NoInfo,0,NA,NA,NA,NA,NA,NA,NA,NA,NA,NA,NA,NA,NA,NA,NA,NA,NA,NA,NA,NA,NA,NA,NA,NA
946,Odontarrhena cyprica,Brassicaceae,Odontarrhena,cyprica,Malvids,perennial,Biotic,dry_dehiscent,0.5308,NoInfo,1,0,0,0,NoInfo,NoInfo,NoInfo,NoInfo,NoInfo,NoInfo,NoInfo,NoInfo,NoInfo,NoInfo,0,NA,NA,NA,NA,NA,NA,NA,NA,NA,NA,NA,NA,NA,NA,NA,NA,NA,NA,NA,NA,NA,NA,NA,NA
947,Odontarrhena pinifolia,Brassicaceae,Odontarrhena,pinifolia,Malvids,perennial,Biotic,dry_dehiscent,0.830226852,NoInfo,1,0,0,0,NoInfo,NoInfo,NoInfo,NoInfo,NoInfo,NoInfo,NoInfo,NoInfo,NoInfo,NoInfo,0,NA,NA,NA,NA,NA,NA,NA,NA,NA,NA,NA,NA,NA,NA,NA,NA,NA,NA,NA,NA,NA,NA,NA,NA
948,Odontites aucheri,Orobanchaceae,Odontites,aucheri,Lamiids,annual,NoInfo,dry_dehiscent,0.607066667,NoInfo,1,0,0,0,NoInfo,NoInfo,NoInfo,NoInfo,NoInfo,NoInfo,NoInfo,NoInfo,NoInfo,NoInfo,0,NA,NA,NA,NA,NA,NA,NA,NA,NA,NA,NA,NA,NA,NA,NA,NA,NA,NA,NA,NA,NA,NA,NA,NA
949,Odontites corsicus,Orobanchaceae,Odontites,corsicus,Lamiids,annual,NoInfo,dry_dehiscent,0.327212821,NoInfo,1,0,0,0,NoInfo,NoInfo,NoInfo,NoInfo,NoInfo,NoInfo,NoInfo,NoInfo,NoInfo,NoInfo,0,NA,NA,NA,NA,NA,NA,NA,NA,NA,NA,NA,NA,NA,NA,NA,NA,NA,NA,NA,NA,NA,NA,NA,NA
950,Odontites hollianus,Orobanchaceae,Odontites,hollianus,Lamiids,perennial,NoInfo,dry_dehiscent,0.327212821,NoInfo,1,1,0,0,NoInfo,NoInfo,NoInfo,NoInfo,NoInfo,NoInfo,NoInfo,NoInfo,NoInfo,NoInfo,0,NA,NA,NA,NA,NA,NA,NA,NA,NA,NA,NA,NA,NA,NA,NA,NA,NA,NA,NA,NA,NA,NA,NA,NA
951,Odontites longiflorus,Orobanchaceae,Odontites,longiflorus,Lamiids,annual,NoInfo,dry_dehiscent,0.327212821,NoInfo,1,0,0,0,NoInfo,NoInfo,NoInfo,NoInfo,NoInfo,NoInfo,NoInfo,NoInfo,NoInfo,NoInfo,0,NA,NA,NA,NA,NA,NA,NA,NA,NA,NA,NA,NA,NA,NA,NA,NA,NA,NA,NA,NA,NA,NA,NA,NA
952,Oenanthe banatica,Apiaceae,Oenanthe,banatica,Campanulids,perennial,Biotic,dry_indehiscent,4.385769797,NoInfo,1,0,0,0,NoInfo,NoInfo,NoInfo,NoInfo,NoInfo,NoInfo,NoInfo,NoInfo,NoInfo,NoInfo,0,NA,NA,NA,NA,NA,NA,NA,NA,NA,NA,NA,NA,NA,NA,NA,NA,NA,NA,NA,NA,NA,NA,NA,NA
953,Oenanthe crocata,Apiaceae,Oenanthe,crocata,Campanulids,perennial,Biotic,dry_indehiscent,3.403333333,NoInfo,1,0,0,1,0,0,0,0,0,0,0,1,1,0,0,NA,NA,NA,NA,NA,NA,NA,NA,NA,NA,NA,NA,NA,NA,NA,NA,NA,NA,NA,NA,NA,NA,NA,NA
954,Oenanthe lachenalii,Apiaceae,Oenanthe,lachenalii,Campanulids,perennial,Biotic,dry_indehiscent,1.831,NoInfo,1,0,0,0,NoInfo,NoInfo,NoInfo,NoInfo,NoInfo,NoInfo,NoInfo,NoInfo,NoInfo,NoInfo,0,NA,NA,NA,NA,NA,NA,NA,NA,NA,NA,NA,NA,NA,NA,NA,NA,NA,NA,NA,NA,NA,NA,NA,NA
955,Oenanthe peucedanifolia,Apiaceae,Oenanthe,peucedanifolia,Campanulids,perennial,Biotic,dry_indehiscent,2.59248,NoInfo,1,0,0,0,NoInfo,NoInfo,NoInfo,NoInfo,NoInfo,NoInfo,NoInfo,NoInfo,NoInfo,NoInfo,0,NA,NA,NA,NA,NA,NA,NA,NA,NA,NA,NA,NA,NA,NA,NA,NA,NA,NA,NA,NA,NA,NA,NA,NA
956,Oenanthe silaifolia,Apiaceae,Oenanthe,silaifolia,Campanulids,perennial,Biotic,dry_indehiscent,6.4792,NoInfo,1,0,0,1,0,0,0,0,0,0,0,0,1,0,0,NA,NA,NA,NA,NA,NA,NA,NA,NA,NA,NA,NA,NA,NA,NA,NA,NA,NA,NA,NA,NA,NA,NA,NA
957,Olea europaea,Oleaceae,Olea,europaea,Lamiids,woody,Biotic,fleshy,165.2982957,M(P)D,5,0,0,1,1,1,1,1,1,0,1,1,0,1,0,NA,NA,NA,NA,NA,NA,NA,NA,NA,NA,NA,NA,NA,NA,NA,NA,NA,NA,NA,NA,NA,NA,NA,NA
958,Oloptum miliaceum,Poaceae,Oloptum,miliaceum,Commelinid-monocots,perennial,Abiotic,dry_indehiscent,0.602,NoInfo,4,0,0,0,NoInfo,NoInfo,NoInfo,NoInfo,NoInfo,NoInfo,NoInfo,NoInfo,NoInfo,NoInfo,1,1,-0.033295994,1.11589397,-8.400699231,16.75718083,0.948919285,0.720897786,19.03499874,14.47936291,27.5706786,5.943683054,21.62699554,4.555635821,NA,NA,NA,NA,NA,NA,NA,6,1,1,1
959,Onobrychis caput-galli,Fabaceae,Onobrychis,caput-galli,Fabids,perennial,Biotic,dry_indehiscent,17.0944,NoInfo,1,0,0,0,NoInfo,NoInfo,NoInfo,NoInfo,NoInfo,NoInfo,NoInfo,NoInfo,NoInfo,NoInfo,1,1,0.998536597,0.053866239,0.002962671,-0.026972591,0.002236215,0.500559053,NA,NA,NA,NA,NA,NA,NA,NA,NA,NA,NA,NA,NA,4,0,0,0
960,Onobrychis montana,Fabaceae,Onobrychis,montana,Fabids,perennial,Biotic,dry_indehiscent,11.5676,NoInfo,1,0,0,0,NoInfo,NoInfo,NoInfo,NoInfo,NoInfo,NoInfo,NoInfo,NoInfo,NoInfo,NoInfo,1,0,NA,NA,NA,NA,NA,NA,NA,NA,NA,NA,NA,NA,NA,NA,NA,NA,NA,NA,NA,NA,0,NA,0
961,Onobrychis supina,Fabaceae,Onobrychis,supina,Fabids,perennial,Biotic,dry_indehiscent,19.43250444,NoInfo,1,0,1,0,NoInfo,NoInfo,NoInfo,NoInfo,NoInfo,NoInfo,NoInfo,NoInfo,NoInfo,NoInfo,0,NA,NA,NA,NA,NA,NA,NA,NA,NA,NA,NA,NA,NA,NA,NA,NA,NA,NA,NA,NA,NA,NA,NA,NA
962,Ononis adenotricha,Fabaceae,Ononis,adenotricha,Fabids,perennial,Biotic,dry_dehiscent,4.15170234,PY(PD),1,0,0,0,NoInfo,NoInfo,NoInfo,NoInfo,NoInfo,NoInfo,NoInfo,NoInfo,NoInfo,NoInfo,0,NA,NA,NA,NA,NA,NA,NA,NA,NA,NA,NA,NA,NA,NA,NA,NA,NA,NA,NA,NA,NA,NA,NA,NA
963,Ononis aragonensis,Fabaceae,Ononis,aragonensis,Fabids,perennial,Biotic,dry_dehiscent,4.15170234,PY(PD),1,0,0,0,NoInfo,NoInfo,NoInfo,NoInfo,NoInfo,NoInfo,NoInfo,NoInfo,NoInfo,NoInfo,0,NA,NA,NA,NA,NA,NA,NA,NA,NA,NA,NA,NA,NA,NA,NA,NA,NA,NA,NA,NA,NA,NA,NA,NA
964,Ononis minutissima,Fabaceae,Ononis,minutissima,Fabids,perennial,Biotic,dry_dehiscent,4.15170234,PY(PD),1,0,0,0,NoInfo,NoInfo,NoInfo,NoInfo,NoInfo,NoInfo,NoInfo,NoInfo,NoInfo,NoInfo,1,0,NA,NA,NA,NA,NA,NA,NA,NA,NA,NA,NA,NA,NA,NA,NA,NA,NA,NA,NA,NA,0,NA,0
965,Ononis natrix,Fabaceae,Ononis,natrix,Fabids,perennial,Biotic,dry_dehiscent,3.132955556,PY(PD),1,0,0,0,NoInfo,NoInfo,NoInfo,NoInfo,NoInfo,NoInfo,NoInfo,NoInfo,NoInfo,NoInfo,1,0,NA,NA,NA,NA,NA,NA,NA,NA,NA,NA,NA,NA,NA,NA,NA,NA,NA,NA,NA,NA,0,NA,0
966,Ononis ornithopodioides,Fabaceae,Ononis,ornithopodioides,Fabids,annual,Biotic,dry_dehiscent,4.15170234,PY(PD),1,0,0,0,NoInfo,NoInfo,NoInfo,NoInfo,NoInfo,NoInfo,NoInfo,NoInfo,NoInfo,NoInfo,1,0,NA,NA,NA,NA,NA,NA,NA,NA,NA,NA,NA,NA,NA,NA,NA,NA,NA,NA,NA,NA,0,NA,0
967,Ononis pusilla,Fabaceae,Ononis,pusilla,Fabids,perennial,Biotic,dry_dehiscent,2.987230208,PY(PD),2,0,0,0,NoInfo,NoInfo,NoInfo,NoInfo,NoInfo,NoInfo,NoInfo,NoInfo,NoInfo,NoInfo,0,NA,NA,NA,NA,NA,NA,NA,NA,NA,NA,NA,NA,NA,NA,NA,NA,NA,NA,NA,NA,NA,NA,NA,NA
968,Ononis reclinata,Fabaceae,Ononis,reclinata,Fabids,annual,Biotic,dry_dehiscent,0.753777778,PY(PD),2,0,0,0,NoInfo,NoInfo,NoInfo,NoInfo,NoInfo,NoInfo,NoInfo,NoInfo,NoInfo,NoInfo,1,1,0.119096783,-4.531824577,44.79761095,19.02580605,1.686803215,0.843803289,NA,NA,NA,NA,NA,NA,NA,NA,NA,NA,NA,NA,NA,4,0,0,0
969,Ononis spinosa,Fabaceae,Ononis,spinosa,Fabids,perennial,Biotic,dry_dehiscent,4.465628704,PY(PD),1,0,1,1,0,0,0,0,0,0,0,1,0,0,0,NA,NA,NA,NA,NA,NA,NA,NA,NA,NA,NA,NA,NA,NA,NA,NA,NA,NA,NA,NA,NA,NA,NA,NA
970,Ononis striata,Fabaceae,Ononis,striata,Fabids,perennial,Biotic,dry_dehiscent,4.15170234,PY(PD),1,0,1,0,NoInfo,NoInfo,NoInfo,NoInfo,NoInfo,NoInfo,NoInfo,NoInfo,NoInfo,NoInfo,0,NA,NA,NA,NA,NA,NA,NA,NA,NA,NA,NA,NA,NA,NA,NA,NA,NA,NA,NA,NA,NA,NA,NA,NA
971,Ononis tridentata,Fabaceae,Ononis,tridentata,Fabids,perennial,Biotic,dry_dehiscent,4.15170234,PY(PD),1,0,0,0,NoInfo,NoInfo,NoInfo,NoInfo,NoInfo,NoInfo,NoInfo,NoInfo,NoInfo,NoInfo,0,NA,NA,NA,NA,NA,NA,NA,NA,NA,NA,NA,NA,NA,NA,NA,NA,NA,NA,NA,NA,NA,NA,NA,NA
972,Ononis variegata,Fabaceae,Ononis,variegata,Fabids,annual,Biotic,dry_dehiscent,4.15170234,PY(PD),1,0,0,0,NoInfo,NoInfo,NoInfo,NoInfo,NoInfo,NoInfo,NoInfo,NoInfo,NoInfo,NoInfo,1,1,0.031833551,-1.212687173,16.03136981,19.04731245,4.482154066,0.988817437,NA,NA,NA,NA,NA,NA,NA,NA,NA,NA,NA,NA,NA,4,0,0,0
973,Onopordum boissierianum,Asteraceae,Onopordum,boissierianum,Campanulids,perennial,Biotic,dry_indehiscent,9.9868,NoInfo,1,0,0,0,NoInfo,NoInfo,NoInfo,NoInfo,NoInfo,NoInfo,NoInfo,NoInfo,NoInfo,NoInfo,0,NA,NA,NA,NA,NA,NA,NA,NA,NA,NA,NA,NA,NA,NA,NA,NA,NA,NA,NA,NA,NA,NA,NA,NA
974,Onopordum caricum,Asteraceae,Onopordum,caricum,Campanulids,perennial,Biotic,dry_indehiscent,12.05520206,NoInfo,1,0,0,0,NoInfo,NoInfo,NoInfo,NoInfo,NoInfo,NoInfo,NoInfo,NoInfo,NoInfo,NoInfo,0,NA,NA,NA,NA,NA,NA,NA,NA,NA,NA,NA,NA,NA,NA,NA,NA,NA,NA,NA,NA,NA,NA,NA,NA
975,Onopordum illyricum,Asteraceae,Onopordum,illyricum,Campanulids,perennial,Biotic,dry_indehiscent,12.85965714,NoInfo,1,0,0,0,NoInfo,NoInfo,NoInfo,NoInfo,NoInfo,NoInfo,NoInfo,NoInfo,NoInfo,NoInfo,0,NA,NA,NA,NA,NA,NA,NA,NA,NA,NA,NA,NA,NA,NA,NA,NA,NA,NA,NA,NA,NA,NA,NA,NA
976,Onosma echioides,Boraginaceae,Onosma,echioides,Lamiids,perennial,Biotic,fleshy,4.6378,NoInfo,1,0,0,1,0,0,0,0,0,0,1,1,0,0,0,NA,NA,NA,NA,NA,NA,NA,NA,NA,NA,NA,NA,NA,NA,NA,NA,NA,NA,NA,NA,NA,NA,NA,NA
977,Onosma rutila,Boraginaceae,Onosma,rutila,Lamiids,perennial,Biotic,fleshy,10.34963167,NoInfo,1,0,0,0,NoInfo,NoInfo,NoInfo,NoInfo,NoInfo,NoInfo,NoInfo,NoInfo,NoInfo,NoInfo,0,NA,NA,NA,NA,NA,NA,NA,NA,NA,NA,NA,NA,NA,NA,NA,NA,NA,NA,NA,NA,NA,NA,NA,NA
978,Oreochloa confusa,Poaceae,Oreochloa,confusa,Commelinid-monocots,perennial,Abiotic,dry_indehiscent,2.812837883,NoInfo,1,0,0,0,NoInfo,NoInfo,NoInfo,NoInfo,NoInfo,NoInfo,NoInfo,NoInfo,NoInfo,NoInfo,0,NA,NA,NA,NA,NA,NA,NA,NA,NA,NA,NA,NA,NA,NA,NA,NA,NA,NA,NA,NA,NA,NA,NA,NA
979,Origanum minutiflorum,Lamiaceae,Origanum,minutiflorum,Lamiids,perennial,Biotic,dry_dehiscent,0.301776623,PD,1,0,0,1,0,0,0,0,0,0,0,1,0,0,0,NA,NA,NA,NA,NA,NA,NA,NA,NA,NA,NA,NA,NA,NA,NA,NA,NA,NA,NA,NA,NA,NA,NA,NA
980,Origanum vulgare,Lamiaceae,Origanum,vulgare,Lamiids,perennial,Biotic,dry_dehiscent,0.102436364,PD,1,0,1,1,0,0,0,0,1,1,1,1,0,0,1,1,-0.009487207,0.371321868,-2.87354626,19.5696094,0.759765703,0.681302863,23.58343505,15.55578374,39.32921633,-0.189997536,39.51921387,8.027651305,3.313082607,2.26104206,3.029194962,2.535754955,1.128048699,5.204582562,5.110985732,22,1,NA,NA
981,Ornithogalum armeniacum,Asparagaceae,Ornithogalum,armeniacum,Monocots,perennial,Biotic,fleshy,3.457902778,NoInfo,1,0,0,0,NoInfo,NoInfo,NoInfo,NoInfo,NoInfo,NoInfo,NoInfo,NoInfo,NoInfo,NoInfo,0,NA,NA,NA,NA,NA,NA,NA,NA,NA,NA,NA,NA,NA,NA,NA,NA,NA,NA,NA,NA,NA,NA,NA,NA
982,Ornithogalum concinnum,Asparagaceae,Ornithogalum,concinnum,Monocots,perennial,Biotic,fleshy,3.457902778,NoInfo,1,0,0,0,NoInfo,NoInfo,NoInfo,NoInfo,NoInfo,NoInfo,NoInfo,NoInfo,NoInfo,NoInfo,0,NA,NA,NA,NA,NA,NA,NA,NA,NA,NA,NA,NA,NA,NA,NA,NA,NA,NA,NA,NA,NA,NA,NA,NA
983,Ornithogalum exscapum,Asparagaceae,Ornithogalum,exscapum,Monocots,perennial,Biotic,fleshy,3.457902778,NoInfo,1,0,0,0,NoInfo,NoInfo,NoInfo,NoInfo,NoInfo,NoInfo,NoInfo,NoInfo,NoInfo,NoInfo,0,NA,NA,NA,NA,NA,NA,NA,NA,NA,NA,NA,NA,NA,NA,NA,NA,NA,NA,NA,NA,NA,NA,NA,NA
984,Ornithogalum nivale,Asparagaceae,Ornithogalum,nivale,Monocots,perennial,Biotic,fleshy,3.457902778,NoInfo,1,0,0,0,NoInfo,NoInfo,NoInfo,NoInfo,NoInfo,NoInfo,NoInfo,NoInfo,NoInfo,NoInfo,0,NA,NA,NA,NA,NA,NA,NA,NA,NA,NA,NA,NA,NA,NA,NA,NA,NA,NA,NA,NA,NA,NA,NA,NA
985,Ornithopus compressus,Fabaceae,Ornithopus,compressus,Fabids,annual,Biotic,dry_dehiscent,2.850852222,NoInfo,2,0,1,0,NoInfo,NoInfo,NoInfo,NoInfo,NoInfo,NoInfo,NoInfo,NoInfo,NoInfo,NoInfo,1,0,NA,NA,NA,NA,NA,NA,NA,NA,NA,NA,NA,NA,NA,NA,NA,NA,NA,NA,NA,NA,0,NA,0
986,Ornithopus perpusillus,Fabaceae,Ornithopus,perpusillus,Fabids,annual,Biotic,dry_dehiscent,1.89,NoInfo,2,0,0,0,NoInfo,NoInfo,NoInfo,NoInfo,NoInfo,NoInfo,NoInfo,NoInfo,NoInfo,NoInfo,1,1,-0.01571531,0.484911883,-1.219244759,15.42800926,2.521367755,0.925626269,21.26335502,9.592663499,34.07744367,-3.221425152,37.29886882,11.67069152,9.003904629,11.24056169,16.59242511,15.88034193,2.751106601,19.61037229,32.01114355,5,1,1,1
987,Ornithopus pinnatus,Fabaceae,Ornithopus,pinnatus,Fabids,annual,Biotic,dry_dehiscent,1.333333333,NoInfo,1,0,0,0,NoInfo,NoInfo,NoInfo,NoInfo,NoInfo,NoInfo,NoInfo,NoInfo,NoInfo,NoInfo,1,1,0.149511582,-4.540944213,36.76258213,15.1859279,2.283356421,0.907489213,NA,NA,NA,NA,NA,NA,NA,NA,NA,NA,NA,NA,NA,6,0,0,0
988,Orobanche cilicica,Orobanchaceae,Orobanche,cilicica,Lamiids,perennial,NoInfo,dry_dehiscent,0.032737751,NoInfo,1,0,0,0,NoInfo,NoInfo,NoInfo,NoInfo,NoInfo,NoInfo,NoInfo,NoInfo,NoInfo,NoInfo,0,NA,NA,NA,NA,NA,NA,NA,NA,NA,NA,NA,NA,NA,NA,NA,NA,NA,NA,NA,NA,NA,NA,NA,NA
989,Orobanche rigens,Orobanchaceae,Orobanche,rigens,Lamiids,perennial,NoInfo,dry_dehiscent,0.032737751,NoInfo,1,0,0,0,NoInfo,NoInfo,NoInfo,NoInfo,NoInfo,NoInfo,NoInfo,NoInfo,NoInfo,NoInfo,0,NA,NA,NA,NA,NA,NA,NA,NA,NA,NA,NA,NA,NA,NA,NA,NA,NA,NA,NA,NA,NA,NA,NA,NA
990,Ostrya carpinifolia,Betulaceae,Ostrya,carpinifolia,Fabids,woody,Abiotic,dry_indehiscent,10.24,PD,3,0,0,1,0,0,0,0,0,0,1,1,0,0,1,0,NA,NA,NA,NA,NA,NA,NA,NA,NA,NA,NA,NA,NA,NA,NA,NA,NA,NA,NA,NA,0,NA,0
991,Osyris alba,Santalaceae,Osyris,alba,Asterids,perennial,Biotic,fleshy,161.7333333,M(P)D,2,0,0,1,0,0,0,0,0,0,1,1,0,0,0,NA,NA,NA,NA,NA,NA,NA,NA,NA,NA,NA,NA,NA,NA,NA,NA,NA,NA,NA,NA,NA,NA,NA,NA
992,Oxalis acetosella,Oxalidaceae,Oxalis,acetosella,Fabids,perennial,Biotic,dry_dehiscent,1.051689076,PD,1,0,1,1,0,0,0,0,1,0,0,1,1,0,1,0,NA,NA,NA,NA,NA,NA,NA,NA,NA,NA,NA,NA,NA,NA,NA,NA,NA,NA,NA,NA,0,NA,0
993,Paeonia kesrouanensis,Paeoniaceae,Paeonia,kesrouanensis,Rosids,perennial,Biotic,dry_dehiscent,75.8954,NoInfo,1,0,0,0,NoInfo,NoInfo,NoInfo,NoInfo,NoInfo,NoInfo,NoInfo,NoInfo,NoInfo,NoInfo,0,NA,NA,NA,NA,NA,NA,NA,NA,NA,NA,NA,NA,NA,NA,NA,NA,NA,NA,NA,NA,NA,NA,NA,NA
994,Pallenis spinosa,Asteraceae,Pallenis,spinosa,Campanulids,annual,Biotic,dry_indehiscent,0.94495,NoInfo,2,0,0,1,0,0,0,0,0,0,0,1,0,0,1,1,-0.06119397,1.85449616,-11.30557462,15.15260541,2.744649655,0.93961047,18.352944,11.95226683,24.79460338,5.510607445,19.28399593,6.400677167,NA,NA,NA,NA,NA,NA,NA,3,1,0,0
995,Pancratium maritimum,Amaryllidaceae,Pancratium,maritimum,Monocots,perennial,Biotic,fleshy,45.2,M(P)D,3,0,0,1,0,1,0,0,1,0,0,1,0,0,1,1,-0.013300836,0.487530066,-2.362815728,18.32704655,2.104677382,0.891356965,23.77685976,12.87723334,37.81060268,-1.15650958,38.96711226,10.89962642,3.28355217,4.377251022,4.396333011,4.605921929,1.158151057,7.383686562,8.701681793,7,1,1,1
996,Papaver rhoeas,Papaveraceae,Papaver,rhoeas,Early EU,annual,Biotic,dry_dehiscent,0.146026667,M(P)D,2,0,1,1,0,1,0,0,1,0,0,1,1,0,1,1,-0.177513987,5.597343325,-41.49405005,15.76592196,2.629588962,0.932741768,17.57043603,13.96140788,21.36953686,10.16230705,11.20722981,3.609028154,NA,NA,NA,NA,NA,NA,NA,5,1,0,0
997,Parafestuca albida,Poaceae,Parafestuca,albida,Commelinid-monocots,perennial,Abiotic,dry_indehiscent,2.812837883,NoInfo,1,0,0,0,NoInfo,NoInfo,NoInfo,NoInfo,NoInfo,NoInfo,NoInfo,NoInfo,NoInfo,NoInfo,0,NA,NA,NA,NA,NA,NA,NA,NA,NA,NA,NA,NA,NA,NA,NA,NA,NA,NA,NA,NA,NA,NA,NA,NA
998,Parapholis incurva,Poaceae,Parapholis,incurva,Commelinid-monocots,annual,Abiotic,dry_indehiscent,4.495,PD,1,0,0,0,NoInfo,NoInfo,NoInfo,NoInfo,NoInfo,NoInfo,NoInfo,NoInfo,NoInfo,NoInfo,1,1,-0.055001664,1.717083071,-9.998017725,15.60937391,3.403278121,0.967806828,19.80635049,11.41239733,26.35225746,4.866490358,21.4857671,8.393953159,NA,NA,NA,NA,NA,NA,NA,4,1,0,0
999,Parentucellia latifolia,Orobanchaceae,Parentucellia,latifolia,Lamiids,annual,NoInfo,dry_dehiscent,0.018665,NoInfo,1,0,0,0,NoInfo,NoInfo,NoInfo,NoInfo,NoInfo,NoInfo,NoInfo,NoInfo,NoInfo,NoInfo,0,NA,NA,NA,NA,NA,NA,NA,NA,NA,NA,NA,NA,NA,NA,NA,NA,NA,NA,NA,NA,NA,NA,NA,NA
1000,Parietaria judaica,Urticaceae,Parietaria,judaica,Fabids,perennial,Biotic,dry_indehiscent,0.2197,NoInfo,1,0,0,1,0,0,0,0,0,0,0,1,0,0,0,NA,NA,NA,NA,NA,NA,NA,NA,NA,NA,NA,NA,NA,NA,NA,NA,NA,NA,NA,NA,NA,NA,NA,NA
1001,Parnassia palustris,Celastraceae,Parnassia,palustris,Fabids,perennial,Biotic,dry_dehiscent,0.032899048,PD,1,0,1,1,0,0,0,0,0,0,0,1,0,0,1,1,-0.001113835,0.120357485,-2.20663174,54.02840762,1.044729878,0.739761608,66.88784744,41.16896779,113.873803,-5.816987739,119.6907907,25.71887964,845.2822514,43.59077062,1049.446544,247.6844856,401.6297583,887.4562686,1296.204249,8,1,0,0
1002,Paronychia kapela,Caryophyllaceae,Paronychia,kapela,Caryophyllales,perennial,Biotic,dry_indehiscent,0.660011111,NoInfo,2,0,1,0,NoInfo,NoInfo,NoInfo,NoInfo,NoInfo,NoInfo,NoInfo,NoInfo,NoInfo,NoInfo,0,NA,NA,NA,NA,NA,NA,NA,NA,NA,NA,NA,NA,NA,NA,NA,NA,NA,NA,NA,NA,NA,NA,NA,NA
1003,Paronychia polygonifolia,Caryophyllaceae,Paronychia,polygonifolia,Caryophyllales,perennial,Biotic,dry_indehiscent,0.660011111,NoInfo,2,0,1,1,0,0,0,0,0,0,0,1,0,0,0,NA,NA,NA,NA,NA,NA,NA,NA,NA,NA,NA,NA,NA,NA,NA,NA,NA,NA,NA,NA,NA,NA,NA,NA
1004,Paspalum stellatum,Poaceae,Paspalum,stellatum,Commelinid-monocots,perennial,Biotic,dry_indehiscent,1.815485183,PD,1,0,0,0,NoInfo,NoInfo,NoInfo,NoInfo,NoInfo,NoInfo,NoInfo,NoInfo,NoInfo,NoInfo,0,NA,NA,NA,NA,NA,NA,NA,NA,NA,NA,NA,NA,NA,NA,NA,NA,NA,NA,NA,NA,NA,NA,NA,NA
1005,Pedicularis sylvatica,Orobanchaceae,Pedicularis,sylvatica,Lamiids,perennial,Biotic,dry_dehiscent,0.936714286,PD,1,0,1,1,0,0,0,0,0,0,0,1,0,0,0,NA,NA,NA,NA,NA,NA,NA,NA,NA,NA,NA,NA,NA,NA,NA,NA,NA,NA,NA,NA,NA,NA,NA,NA
1006,Pentanema montanum,Asteraceae,Pentanema,montanum,Campanulids,perennial,Biotic,dry_indehiscent,0.26,NoInfo,1,0,0,0,NoInfo,NoInfo,NoInfo,NoInfo,NoInfo,NoInfo,NoInfo,NoInfo,NoInfo,NoInfo,0,NA,NA,NA,NA,NA,NA,NA,NA,NA,NA,NA,NA,NA,NA,NA,NA,NA,NA,NA,NA,NA,NA,NA,NA
1007,Pentanema oculus-christi,Asteraceae,Pentanema,oculus-christi,Campanulids,perennial,Biotic,dry_indehiscent,0.26,NoInfo,1,0,0,0,NoInfo,NoInfo,NoInfo,NoInfo,NoInfo,NoInfo,NoInfo,NoInfo,NoInfo,NoInfo,0,NA,NA,NA,NA,NA,NA,NA,NA,NA,NA,NA,NA,NA,NA,NA,NA,NA,NA,NA,NA,NA,NA,NA,NA
1008,Pericallis aurita,Asteraceae,Pericallis,aurita,Campanulids,perennial,Biotic,dry_indehiscent,0.180122222,NoInfo,1,0,0,0,NoInfo,NoInfo,NoInfo,NoInfo,NoInfo,NoInfo,NoInfo,NoInfo,NoInfo,NoInfo,0,NA,NA,NA,NA,NA,NA,NA,NA,NA,NA,NA,NA,NA,NA,NA,NA,NA,NA,NA,NA,NA,NA,NA,NA
1009,Periploca angustifolia,Apocynaceae,Periploca,angustifolia,Lamiids,perennial,Biotic,dry_dehiscent,7.5308,NoInfo,1,0,0,0,NoInfo,NoInfo,NoInfo,NoInfo,NoInfo,NoInfo,NoInfo,NoInfo,NoInfo,NoInfo,1,1,-0.027933656,1.22614791,-11.70155203,21.94750142,1.753889472,0.852442707,25.25209374,18.6429091,34.91654044,8.978462407,25.93807803,6.609184639,3.838811601,1.42365621,4.68257043,3.831511275,1.531453704,4.913770572,7.98952359,5,1,0,0
1010,Periploca graeca,Apocynaceae,Periploca,graeca,Lamiids,perennial,Biotic,dry_dehiscent,11.4032,NoInfo,1,0,0,1,0,1,0,0,0,0,0,1,0,0,0,NA,NA,NA,NA,NA,NA,NA,NA,NA,NA,NA,NA,NA,NA,NA,NA,NA,NA,NA,NA,NA,NA,NA,NA
1011,Petrorhagia prolifera,Caryophyllaceae,Petrorhagia,prolifera,Caryophyllales,annual,Biotic,dry_dehiscent,0.325297479,NoInfo,2,0,0,0,NoInfo,NoInfo,NoInfo,NoInfo,NoInfo,NoInfo,NoInfo,NoInfo,NoInfo,NoInfo,1,1,-0.093702325,3.215255842,-21.81958762,17.15675593,5.76209225,0.996865331,22.69942436,11.6140875,26.79609812,7.517413747,19.27868437,11.08533685,1.037577713,1.386266349,0.698625368,1.750264648,1.201520915,0.471162142,1.152561255,6,1,1,1
1012,Petrorhagia saxifraga,Caryophyllaceae,Petrorhagia,saxifraga,Caryophyllales,perennial,Biotic,dry_dehiscent,0.13325,NoInfo,2,0,1,0,0,1,0,0,0,0,0,0,0,0,1,1,-0.013191321,0.488497178,-1.316294443,18.51585545,3.206177122,0.961066073,26.56754106,10.46416984,40.10896408,-3.07725318,43.18621726,16.10337122,NA,NA,NA,NA,NA,NA,NA,5,1,0,0
1013,Petrosedum amplexicaule,Crassulaceae,Petrosedum,amplexicaule,Rosids,perennial,Biotic,dry_dehiscent,0.042599762,NoInfo,1,0,0,0,NoInfo,NoInfo,NoInfo,NoInfo,NoInfo,NoInfo,NoInfo,NoInfo,NoInfo,NoInfo,0,NA,NA,NA,NA,NA,NA,NA,NA,NA,NA,NA,NA,NA,NA,NA,NA,NA,NA,NA,NA,NA,NA,NA,NA
1014,Petrosedum rupestre,Crassulaceae,Petrosedum,rupestre,Rosids,perennial,Biotic,dry_dehiscent,0.0479,NoInfo,1,0,0,0,0,1,0,0,0,0,0,0,0,0,1,1,-0.039245551,1.320529862,-7.768128391,16.82394357,3.340131553,0.96578019,21.69554166,11.95234549,29.47837359,4.169513556,25.30886003,9.74319617,0.975587845,0.867413015,1.675751761,1.843729413,0.353120099,1.705748735,3.451983344,11,1,1,1
1015,Petrosedum sediforme,Crassulaceae,Petrosedum,sediforme,Rosids,perennial,Biotic,dry_dehiscent,0.062333333,NoInfo,5,0,0,1,0,1,0,0,0,1,0,0,0,0,1,0,NA,NA,NA,NA,NA,NA,NA,NA,NA,NA,NA,NA,NA,NA,NA,NA,NA,NA,NA,NA,0,NA,0
1016,Peucedanum hispanicum,Apiaceae,Peucedanum,hispanicum,Campanulids,perennial,Biotic,dry_indehiscent,4.321667284,PD,1,0,0,0,NoInfo,NoInfo,NoInfo,NoInfo,NoInfo,NoInfo,NoInfo,NoInfo,NoInfo,NoInfo,0,NA,NA,NA,NA,NA,NA,NA,NA,NA,NA,NA,NA,NA,NA,NA,NA,NA,NA,NA,NA,NA,NA,NA,NA
1017,Peucedanum oreoselinum,Apiaceae,Peucedanum,oreoselinum,Campanulids,perennial,Biotic,dry_indehiscent,4.365,PD,1,0,1,1,0,0,0,0,0,0,0,1,0,0,0,NA,NA,NA,NA,NA,NA,NA,NA,NA,NA,NA,NA,NA,NA,NA,NA,NA,NA,NA,NA,NA,NA,NA,NA
1018,Phagnalon rupestre,Asteraceae,Phagnalon,rupestre,Campanulids,perennial,Biotic,dry_indehiscent,0.0844,NoInfo,2,0,0,1,1,0,1,0,0,0,0,1,0,0,0,NA,NA,NA,NA,NA,NA,NA,NA,NA,NA,NA,NA,NA,NA,NA,NA,NA,NA,NA,NA,NA,NA,NA,NA
1019,Phagnalon saxatile,Asteraceae,Phagnalon,saxatile,Campanulids,perennial,Biotic,dry_indehiscent,0.03585,NoInfo,1,1,0,1,1,0,0,0,0,0,0,0,0,0,1,0,NA,NA,NA,NA,NA,NA,NA,NA,NA,NA,NA,NA,NA,NA,NA,NA,NA,NA,NA,NA,0,NA,0
1020,Phalacrocarpum oppositifolium,Asteraceae,Phalacrocarpum,oppositifolium,Campanulids,perennial,Biotic,dry_indehiscent,0.04,NoInfo,1,0,0,0,NoInfo,NoInfo,NoInfo,NoInfo,NoInfo,NoInfo,NoInfo,NoInfo,NoInfo,NoInfo,0,NA,NA,NA,NA,NA,NA,NA,NA,NA,NA,NA,NA,NA,NA,NA,NA,NA,NA,NA,NA,NA,NA,NA,NA
1021,Phillyrea angustifolia,Oleaceae,Phillyrea,angustifolia,Lamiids,perennial,Biotic,fleshy,17.10222222,PD,7,0,0,1,0,1,0,0,0,0,1,0,0,0,1,1,-0.02055588,0.759839383,-7.655626554,18.48228815,-0.633841341,0.346640036,20.42367845,16.54089785,29.08444266,7.880133643,21.20430901,3.882780607,3.030953675,2.753272069,6.212767798,7.776859696,1.863367535,4.432360575,13.57451681,7,1,1,1
1022,Phillyrea latifolia,Oleaceae,Phillyrea,latifolia,Lamiids,woody,Biotic,fleshy,17.71933333,PD,9,0,0,1,0,1,0,0,0,0,1,0,0,0,1,1,-0.056492744,1.611020958,-11.35503643,14.2586539,0.130458712,0.5325685,15.63295019,12.88435762,21.6363201,6.880987706,14.7553324,2.748592573,0.932935736,1.701918202,1.155202106,1.836454563,0.711218941,2.347436854,2.718599825,5,1,1,1
1023,Phleum alpinum,Poaceae,Phleum,alpinum,Commelinid-monocots,perennial,Abiotic,dry_indehiscent,0.381739274,PD,1,0,1,1,1,0,0,0,0,0,0,0,0,0,1,1,-0.029153964,1.041517971,-5.586879913,17.86237322,3.715111441,0.976226229,24.19048326,11.53426318,32.97617246,2.748573972,30.22759849,12.65622008,1.094034649,0.607884632,1.144799202,1.080429215,0.408609102,1.570039962,2.070734027,12,1,1,1
1024,Phleum hirsutum,Poaceae,Phleum,hirsutum,Commelinid-monocots,perennial,Abiotic,dry_indehiscent,0.176857143,PD,1,0,1,0,NoInfo,NoInfo,NoInfo,NoInfo,NoInfo,NoInfo,NoInfo,NoInfo,NoInfo,NoInfo,1,1,0.388482513,-16.4014455,175.8367413,21.10963165,2.72250476,0.93834161,NA,NA,NA,NA,NA,NA,NA,NA,NA,NA,NA,NA,NA,3,0,0,0
1025,Phleum montanum,Poaceae,Phleum,montanum,Commelinid-monocots,perennial,Abiotic,dry_indehiscent,0.1188,PD,2,0,0,0,NoInfo,NoInfo,NoInfo,NoInfo,NoInfo,NoInfo,NoInfo,NoInfo,NoInfo,NoInfo,1,1,0.008915792,-0.268760899,4.723663551,15.0721828,2.698256853,0.936923706,NA,NA,NA,NA,NA,NA,NA,NA,NA,NA,2.852147096,NA,NA,7,0,0,0
1026,Phleum pratense,Poaceae,Phleum,pratense,Commelinid-monocots,perennial,Biotic,dry_indehiscent,0.403566228,PD,1,0,1,1,1,1,0,0,0,0,0,1,1,0,1,1,-0.00898949,0.291837523,0.743751378,16.23215101,3.112326746,0.957398357,25.69186983,6.772432181,42.18905303,-9.724751014,51.91380404,18.91943765,5.236398206,5.019298835,2.266080245,2.359032645,1.075320539,10.0300148,4.095735875,11,1,1,1
1027,Phlomis fruticosa,Lamiaceae,Phlomis,fruticosa,Lamiids,perennial,Biotic,dry_dehiscent,9.4,PD,2,0,0,1,0,1,0,0,1,0,1,0,0,0,0,NA,NA,NA,NA,NA,NA,NA,NA,NA,NA,NA,NA,NA,NA,NA,NA,NA,NA,NA,NA,NA,NA,NA,NA
1028,Phragmites australis,Poaceae,Phragmites,australis,Commelinid-monocots,perennial,Abiotic,dry_indehiscent,0.503933333,PD,6,0,0,1,1,1,1,1,1,0,1,1,1,0,1,1,-0.034492478,1.319364205,-13.24237003,19.12539048,-0.625692227,0.348487953,20.62614782,17.62463314,27.32445802,10.92632294,16.39813508,3.001514678,NA,NA,NA,NA,NA,NA,NA,9,1,1,1
1029,Phyteuma hemisphaericum,Campanulaceae,Phyteuma,hemisphaericum,Campanulids,perennial,Biotic,dry_dehiscent,0.101,PD,1,0,1,0,NoInfo,NoInfo,NoInfo,NoInfo,NoInfo,NoInfo,NoInfo,NoInfo,NoInfo,NoInfo,1,1,-0.019852575,0.457899574,-1.505788048,11.53249854,1.134575036,0.756682217,14.67315285,8.391844239,25.86655733,-2.801560239,28.66811757,6.281308612,NA,NA,NA,NA,NA,NA,NA,3,1,1,1
1030,Phyteuma orbiculare,Campanulaceae,Phyteuma,orbiculare,Campanulids,perennial,Biotic,dry_dehiscent,0.1835,PD,1,0,1,0,NoInfo,NoInfo,NoInfo,NoInfo,NoInfo,NoInfo,NoInfo,NoInfo,NoInfo,NoInfo,1,0,NA,NA,NA,NA,NA,NA,NA,NA,NA,NA,NA,NA,NA,NA,NA,NA,NA,NA,NA,NA,0,NA,0
1031,Pilosella auriculoides,Asteraceae,Pilosella,auriculoides,Campanulids,perennial,Biotic,dry_indehiscent,0.27278082,NoInfo,1,0,0,0,NoInfo,NoInfo,NoInfo,NoInfo,NoInfo,NoInfo,NoInfo,NoInfo,NoInfo,NoInfo,0,NA,NA,NA,NA,NA,NA,NA,NA,NA,NA,NA,NA,NA,NA,NA,NA,NA,NA,NA,NA,NA,NA,NA,NA
1032,Pilosella castellana,Asteraceae,Pilosella,castellana,Campanulids,perennial,Biotic,dry_indehiscent,0.27278082,NoInfo,2,0,0,0,NoInfo,NoInfo,NoInfo,NoInfo,NoInfo,NoInfo,NoInfo,NoInfo,NoInfo,NoInfo,0,NA,NA,NA,NA,NA,NA,NA,NA,NA,NA,NA,NA,NA,NA,NA,NA,NA,NA,NA,NA,NA,NA,NA,NA
1033,Pilosella hoppeana,Asteraceae,Pilosella,hoppeana,Campanulids,perennial,Biotic,dry_indehiscent,0.27278082,NoInfo,3,0,1,0,NoInfo,NoInfo,NoInfo,NoInfo,NoInfo,NoInfo,NoInfo,NoInfo,NoInfo,NoInfo,0,NA,NA,NA,NA,NA,NA,NA,NA,NA,NA,NA,NA,NA,NA,NA,NA,NA,NA,NA,NA,NA,NA,NA,NA
1034,Pilosella lactucella,Asteraceae,Pilosella,lactucella,Campanulids,perennial,Biotic,dry_indehiscent,0.27278082,NoInfo,1,0,1,0,NoInfo,NoInfo,NoInfo,NoInfo,NoInfo,NoInfo,NoInfo,NoInfo,NoInfo,NoInfo,0,NA,NA,NA,NA,NA,NA,NA,NA,NA,NA,NA,NA,NA,NA,NA,NA,NA,NA,NA,NA,NA,NA,NA,NA
1035,Pilosella macrotricha,Asteraceae,Pilosella,macrotricha,Campanulids,perennial,Biotic,dry_indehiscent,0.27278082,NoInfo,1,0,0,0,NoInfo,NoInfo,NoInfo,NoInfo,NoInfo,NoInfo,NoInfo,NoInfo,NoInfo,NoInfo,0,NA,NA,NA,NA,NA,NA,NA,NA,NA,NA,NA,NA,NA,NA,NA,NA,NA,NA,NA,NA,NA,NA,NA,NA
1036,Pilosella officinarum,Asteraceae,Pilosella,officinarum,Campanulids,perennial,Biotic,dry_indehiscent,0.163563158,NoInfo,9,0,1,1,0,0,0,0,0,0,0,1,0,0,1,1,-0.00700042,0.203686099,-0.748098419,14.54813369,0.733527884,0.675578964,19.1823781,9.91388928,37.46957115,-8.373303769,45.84287492,9.268488817,NA,NA,NA,NA,NA,NA,NA,5,1,1,1
1037,Pilosella procera,Asteraceae,Pilosella,procera,Campanulids,perennial,Biotic,dry_indehiscent,0.27278082,NoInfo,1,0,0,0,NoInfo,NoInfo,NoInfo,NoInfo,NoInfo,NoInfo,NoInfo,NoInfo,NoInfo,NoInfo,0,NA,NA,NA,NA,NA,NA,NA,NA,NA,NA,NA,NA,NA,NA,NA,NA,NA,NA,NA,NA,NA,NA,NA,NA
1038,Pilosella soleiroliana,Asteraceae,Pilosella,soleiroliana,Campanulids,perennial,Biotic,dry_indehiscent,0.27278082,NoInfo,1,0,0,0,NoInfo,NoInfo,NoInfo,NoInfo,NoInfo,NoInfo,NoInfo,NoInfo,NoInfo,NoInfo,0,NA,NA,NA,NA,NA,NA,NA,NA,NA,NA,NA,NA,NA,NA,NA,NA,NA,NA,NA,NA,NA,NA,NA,NA
1039,Pilosella vahlii,Asteraceae,Pilosella,vahlii,Campanulids,perennial,Biotic,dry_indehiscent,0.27278082,NoInfo,1,0,0,0,NoInfo,NoInfo,NoInfo,NoInfo,NoInfo,NoInfo,NoInfo,NoInfo,NoInfo,NoInfo,1,1,-0.016883328,0.499230401,-2.330472586,14.78471547,1.360017131,0.795762482,18.46988002,11.09955093,30.75196504,-1.182534092,31.93449913,7.370329089,5.954008852,11.30498152,5.698201567,6.601407198,3.747791709,16.4414685,9.793486889,4,1,1,1
1040,Pimpinella saxifraga,Apiaceae,Pimpinella,saxifraga,Campanulids,perennial,Biotic,dry_indehiscent,1.154545455,NoInfo,1,0,1,1,0,1,0,0,0,0,1,1,0,0,0,NA,NA,NA,NA,NA,NA,NA,NA,NA,NA,NA,NA,NA,NA,NA,NA,NA,NA,NA,NA,NA,NA,NA,NA
1041,Pimpinella tragium,Apiaceae,Pimpinella,tragium,Campanulids,perennial,Biotic,dry_indehiscent,2.235,NoInfo,1,0,0,0,NoInfo,NoInfo,NoInfo,NoInfo,NoInfo,NoInfo,NoInfo,NoInfo,NoInfo,NoInfo,0,NA,NA,NA,NA,NA,NA,NA,NA,NA,NA,NA,NA,NA,NA,NA,NA,NA,NA,NA,NA,NA,NA,NA,NA
1042,Pinguicula balcanica,Lentibulariaceae,Pinguicula,balcanica,Lamiids,perennial,NoInfo,dry_dehiscent,2.979316,NoInfo,1,0,0,0,NoInfo,NoInfo,NoInfo,NoInfo,NoInfo,NoInfo,NoInfo,NoInfo,NoInfo,NoInfo,0,NA,NA,NA,NA,NA,NA,NA,NA,NA,NA,NA,NA,NA,NA,NA,NA,NA,NA,NA,NA,NA,NA,NA,NA
1043,Pinguicula corsica,Lentibulariaceae,Pinguicula,corsica,Lamiids,perennial,NoInfo,dry_dehiscent,2.979316,NoInfo,1,0,0,0,NoInfo,NoInfo,NoInfo,NoInfo,NoInfo,NoInfo,NoInfo,NoInfo,NoInfo,NoInfo,0,NA,NA,NA,NA,NA,NA,NA,NA,NA,NA,NA,NA,NA,NA,NA,NA,NA,NA,NA,NA,NA,NA,NA,NA
1044,Pistacia lentiscus,Anacardiaceae,Pistacia,lentiscus,Malvids,woody,Biotic,fleshy,19.72642857,PD,11,0,0,1,1,1,0,1,1,0,1,1,0,1,1,1,0.137041444,-5.935368248,62.44613034,21.65537694,-1.820188005,0.139411315,NA,NA,NA,NA,NA,NA,NA,NA,NA,NA,NA,NA,NA,3,0,0,0
1045,Pistacia terebinthus,Anacardiaceae,Pistacia,terebinthus,Malvids,woody,Biotic,fleshy,40.29,PD,4,0,0,1,0,0,0,1,1,0,1,1,0,0,0,NA,NA,NA,NA,NA,NA,NA,NA,NA,NA,NA,NA,NA,NA,NA,NA,NA,NA,NA,NA,NA,NA,NA,NA
1046,Plantago albicans,Plantaginaceae,Plantago,albicans,Lamiids,perennial,Biotic,dry_dehiscent,1.031877725,PD,2,0,0,0,NoInfo,NoInfo,NoInfo,NoInfo,NoInfo,NoInfo,NoInfo,NoInfo,NoInfo,NoInfo,1,0,NA,NA,NA,NA,NA,NA,NA,NA,NA,NA,NA,NA,NA,NA,NA,NA,NA,NA,NA,NA,0,NA,0
1047,Plantago alpina,Plantaginaceae,Plantago,alpina,Lamiids,perennial,Biotic,dry_dehiscent,0.758,PD,1,0,1,0,NoInfo,NoInfo,NoInfo,NoInfo,NoInfo,NoInfo,NoInfo,NoInfo,NoInfo,NoInfo,1,1,0.008999582,0.006968437,-1.493777317,-0.387153386,-1.495126244,0.183153553,NA,NA,NA,NA,NA,NA,NA,NA,NA,NA,NA,NA,NA,7,0,0,0
1048,Plantago arborescens,Plantaginaceae,Plantago,arborescens,Lamiids,perennial,Biotic,fleshy,1.8,PD,1,0,0,0,NoInfo,NoInfo,NoInfo,NoInfo,NoInfo,NoInfo,NoInfo,NoInfo,NoInfo,NoInfo,0,NA,NA,NA,NA,NA,NA,NA,NA,NA,NA,NA,NA,NA,NA,NA,NA,NA,NA,NA,NA,NA,NA,NA,NA
1049,Plantago atrata,Plantaginaceae,Plantago,atrata,Lamiids,perennial,Biotic,dry_dehiscent,2.556266667,PD,1,0,1,1,0,0,0,0,0,0,0,1,0,0,0,NA,NA,NA,NA,NA,NA,NA,NA,NA,NA,NA,NA,NA,NA,NA,NA,NA,NA,NA,NA,NA,NA,NA,NA
1050,Plantago bellardii,Plantaginaceae,Plantago,bellardii,Lamiids,annual,Biotic,dry_dehiscent,1.17675,PD,2,0,0,0,NoInfo,NoInfo,NoInfo,NoInfo,NoInfo,NoInfo,NoInfo,NoInfo,NoInfo,NoInfo,0,NA,NA,NA,NA,NA,NA,NA,NA,NA,NA,NA,NA,NA,NA,NA,NA,NA,NA,NA,NA,NA,NA,NA,NA
1051,Plantago coronopus,Plantaginaceae,Plantago,coronopus,Lamiids,perennial,Biotic,dry_dehiscent,0.188888235,PD,3,0,0,1,0,0,0,0,0,0,0,1,0,0,1,1,-0.004225153,0.08440535,1.545262828,9.988436697,1.966801574,0.877267156,19.17864625,0.798227144,44.08215551,-24.10528212,68.18743763,18.38041911,30.59119865,72.1601554,8.929320471,41.68981722,21.91306604,101.8090815,41.41035371,11,1,0,0
1052,Plantago crassifolia,Plantaginaceae,Plantago,crassifolia,Lamiids,perennial,Biotic,fleshy,0.3555,PD,1,0,0,0,NoInfo,NoInfo,NoInfo,NoInfo,NoInfo,NoInfo,NoInfo,NoInfo,NoInfo,NoInfo,1,0,NA,NA,NA,NA,NA,NA,NA,NA,NA,NA,NA,NA,NA,NA,NA,NA,NA,NA,NA,NA,0,NA,0
1053,Plantago cretica,Plantaginaceae,Plantago,cretica,Lamiids,annual,Biotic,fleshy,1.023734376,PD,1,0,0,0,NoInfo,NoInfo,NoInfo,NoInfo,NoInfo,NoInfo,NoInfo,NoInfo,NoInfo,NoInfo,0,NA,NA,NA,NA,NA,NA,NA,NA,NA,NA,NA,NA,NA,NA,NA,NA,NA,NA,NA,NA,NA,NA,NA,NA
1054,Plantago gentianoides,Plantaginaceae,Plantago,gentianoides,Lamiids,perennial,Biotic,fleshy,1.023734376,PD,1,0,0,0,NoInfo,NoInfo,NoInfo,NoInfo,NoInfo,NoInfo,NoInfo,NoInfo,NoInfo,NoInfo,0,NA,NA,NA,NA,NA,NA,NA,NA,NA,NA,NA,NA,NA,NA,NA,NA,NA,NA,NA,NA,NA,NA,NA,NA
1055,Plantago lagopus,Plantaginaceae,Plantago,lagopus,Lamiids,perennial,Biotic,dry_dehiscent,0.3445,PD,3,0,0,0,NoInfo,NoInfo,NoInfo,NoInfo,NoInfo,NoInfo,NoInfo,NoInfo,NoInfo,NoInfo,1,1,-0.052630366,1.885241919,-15.71854791,17.9102111,1.16399246,0.762057409,19.858761,15.96166119,26.74548114,9.074941049,17.6705401,3.897099804,NA,NA,NA,NA,NA,NA,NA,3,1,0,0
1056,Plantago lanceolata,Plantaginaceae,Plantago,lanceolata,Lamiids,perennial,Biotic,dry_dehiscent,1.473926126,PD,9,0,1,1,1,0,0,1,1,0,1,1,0,0,1,1,-0.025638119,1.007583397,-7.58336326,19.65010343,2.316195725,0.910209509,23.89196143,15.40824543,33.97448858,5.325718281,28.6487703,8.483715997,1.941617378,0.99891334,2.687866434,2.460163897,0.831437133,2.601972516,4.877388021,13,1,1,1
1057,Plantago major,Plantaginaceae,Plantago,major,Lamiids,perennial,Biotic,dry_dehiscent,0.359162276,PD,1,0,1,1,1,1,0,1,1,0,1,1,0,0,1,1,0.026152349,-0.617082976,1.257315706,11.79784969,-2.382810392,0.084492917,NA,NA,NA,NA,NA,NA,NA,NA,NA,NA,1.469894477,NA,NA,9,0,1,0
1058,Plantago malato-belizii,Plantaginaceae,Plantago,malato-belizii,Lamiids,perennial,Biotic,fleshy,1.023734376,PD,1,1,0,0,NoInfo,NoInfo,NoInfo,NoInfo,NoInfo,NoInfo,NoInfo,NoInfo,NoInfo,NoInfo,0,NA,NA,NA,NA,NA,NA,NA,NA,NA,NA,NA,NA,NA,NA,NA,NA,NA,NA,NA,NA,NA,NA,NA,NA
1059,Plantago maritima,Plantaginaceae,Plantago,maritima,Lamiids,perennial,Biotic,dry_dehiscent,0.865083333,PD,3,0,1,1,0,0,0,0,0,0,0,1,0,0,1,1,0.003337926,0.005979995,-0.343480405,-0.895765007,-0.34615874,0.414314225,NA,NA,NA,NA,NA,NA,NA,NA,NA,NA,66.76960106,NA,NA,8,0,0,0
1060,Plantago nivalis,Plantaginaceae,Plantago,nivalis,Lamiids,perennial,Biotic,fleshy,1.023734376,PD,1,0,0,0,NoInfo,NoInfo,NoInfo,NoInfo,NoInfo,NoInfo,NoInfo,NoInfo,NoInfo,NoInfo,1,0,NA,NA,NA,NA,NA,NA,NA,NA,NA,NA,NA,NA,NA,NA,NA,NA,NA,NA,NA,NA,0,NA,0
1061,Plantago subulata,Plantaginaceae,Plantago,subulata,Lamiids,perennial,Abiotic,fleshy,1.1684,PD,4,0,1,0,NoInfo,NoInfo,NoInfo,NoInfo,NoInfo,NoInfo,NoInfo,NoInfo,NoInfo,NoInfo,0,NA,NA,NA,NA,NA,NA,NA,NA,NA,NA,NA,NA,NA,NA,NA,NA,NA,NA,NA,NA,NA,NA,NA,NA
1062,Platanus orientalis,Platanaceae,Platanus,orientalis,Early EU,woody,Biotic,dry_indehiscent,4.022779743,ND,1,0,0,1,0,1,0,0,0,0,1,1,0,0,0,NA,NA,NA,NA,NA,NA,NA,NA,NA,NA,NA,NA,NA,NA,NA,NA,NA,NA,NA,NA,NA,NA,NA,NA
1063,Poa alpina,Poaceae,Poa,alpina,Commelinid-monocots,perennial,Abiotic,dry_indehiscent,0.362920093,PD,1,0,1,1,1,1,0,0,0,0,0,0,0,0,1,1,-0.020806422,0.739316464,-0.663296996,17.76654464,5.904252487,0.997279601,29.80015882,5.732930458,38.38902131,-2.855932026,41.24495333,24.06722837,3.290363756,2.381427662,3.694615786,3.32607229,0.896360217,5.457246207,6.79794372,12,1,1,1
1064,Poa balbisii,Poaceae,Poa,balbisii,Commelinid-monocots,perennial,Abiotic,dry_indehiscent,0.488357785,PD,1,0,0,0,NoInfo,NoInfo,NoInfo,NoInfo,NoInfo,NoInfo,NoInfo,NoInfo,NoInfo,NoInfo,0,NA,NA,NA,NA,NA,NA,NA,NA,NA,NA,NA,NA,NA,NA,NA,NA,NA,NA,NA,NA,NA,NA,NA,NA
1065,Poa bulbosa,Poaceae,Poa,bulbosa,Commelinid-monocots,perennial,Abiotic,dry_indehiscent,0.936070992,PD,8,0,1,1,1,1,0,0,0,0,0,0,0,0,1,1,-0.205552211,6.737766182,-51.75485384,16.38942762,3.459211753,0.969504671,18.5981696,14.18068565,21.97095092,10.80790433,11.16304659,4.417483959,NA,NA,NA,NA,NA,NA,NA,3,1,0,0
1066,Poa legionensis,Poaceae,Poa,legionensis,Commelinid-monocots,perennial,Abiotic,dry_indehiscent,0.488357785,PD,1,0,0,0,NoInfo,NoInfo,NoInfo,NoInfo,NoInfo,NoInfo,NoInfo,NoInfo,NoInfo,NoInfo,0,NA,NA,NA,NA,NA,NA,NA,NA,NA,NA,NA,NA,NA,NA,NA,NA,NA,NA,NA,NA,NA,NA,NA,NA
1067,Poa ligulata,Poaceae,Poa,ligulata,Commelinid-monocots,perennial,Abiotic,dry_indehiscent,0.488357785,PD,1,0,0,0,NoInfo,NoInfo,NoInfo,NoInfo,NoInfo,NoInfo,NoInfo,NoInfo,NoInfo,NoInfo,0,NA,NA,NA,NA,NA,NA,NA,NA,NA,NA,NA,NA,NA,NA,NA,NA,NA,NA,NA,NA,NA,NA,NA,NA
1068,Poa millii,Poaceae,Poa,millii,Commelinid-monocots,annual,Abiotic,dry_indehiscent,0.2036,PD,1,0,0,0,NoInfo,NoInfo,NoInfo,NoInfo,NoInfo,NoInfo,NoInfo,NoInfo,NoInfo,NoInfo,0,NA,NA,NA,NA,NA,NA,NA,NA,NA,NA,NA,NA,NA,NA,NA,NA,NA,NA,NA,NA,NA,NA,NA,NA
1069,Poa nemoralis,Poaceae,Poa,nemoralis,Commelinid-monocots,perennial,Abiotic,dry_indehiscent,0.142807143,PD,3,0,1,1,0,1,0,0,0,0,0,1,0,0,1,1,-0.413737754,15.51689553,-142.2286916,18.75209038,3.258422133,0.962974574,20.21412773,17.29005303,22.62407347,14.88010729,7.743966181,2.924074694,NA,NA,NA,NA,NA,NA,NA,4,1,1,1
1070,Poa pratensis,Poaceae,Poa,pratensis,Commelinid-monocots,perennial,Abiotic,dry_indehiscent,0.264833506,PD,3,0,1,1,1,1,0,0,0,0,0,1,0,0,1,1,-0.022681648,0.923719409,-7.584094694,20.36270519,1.820618302,0.860640302,24.1211074,16.60430297,34.85698907,5.868421305,28.98856776,7.516804432,NA,NA,NA,NA,NA,NA,NA,13,1,0,0
1071,Poa pumila,Poaceae,Poa,pumila,Commelinid-monocots,perennial,Abiotic,dry_indehiscent,0.488357785,PD,1,0,0,0,NoInfo,NoInfo,NoInfo,NoInfo,NoInfo,NoInfo,NoInfo,NoInfo,NoInfo,NoInfo,0,NA,NA,NA,NA,NA,NA,NA,NA,NA,NA,NA,NA,NA,NA,NA,NA,NA,NA,NA,NA,NA,NA,NA,NA
1072,Poa thessala,Poaceae,Poa,thessala,Commelinid-monocots,perennial,Abiotic,dry_indehiscent,0.488357785,PD,2,0,0,0,NoInfo,NoInfo,NoInfo,NoInfo,NoInfo,NoInfo,NoInfo,NoInfo,NoInfo,NoInfo,0,NA,NA,NA,NA,NA,NA,NA,NA,NA,NA,NA,NA,NA,NA,NA,NA,NA,NA,NA,NA,NA,NA,NA,NA
1073,Poa tolmatchewii,Poaceae,Poa,tolmatchewii,Commelinid-monocots,perennial,Abiotic,dry_indehiscent,0.488357785,PD,1,0,0,0,NoInfo,NoInfo,NoInfo,NoInfo,NoInfo,NoInfo,NoInfo,NoInfo,NoInfo,NoInfo,0,NA,NA,NA,NA,NA,NA,NA,NA,NA,NA,NA,NA,NA,NA,NA,NA,NA,NA,NA,NA,NA,NA,NA,NA
1074,Poa trichophylla,Poaceae,Poa,trichophylla,Commelinid-monocots,perennial,Abiotic,dry_indehiscent,0.488357785,PD,1,0,0,0,NoInfo,NoInfo,NoInfo,NoInfo,NoInfo,NoInfo,NoInfo,NoInfo,NoInfo,NoInfo,0,NA,NA,NA,NA,NA,NA,NA,NA,NA,NA,NA,NA,NA,NA,NA,NA,NA,NA,NA,NA,NA,NA,NA,NA
1075,Poa trivialis,Poaceae,Poa,trivialis,Commelinid-monocots,perennial,Abiotic,dry_indehiscent,0.178003945,PD,1,0,1,1,1,1,0,0,0,0,0,0,0,0,1,1,-0.018329802,0.621540327,-4.256579189,16.95436533,1.012331695,0.733476218,20.08993181,13.81879885,31.64672497,2.262005688,29.38471928,6.271132966,1.651465475,1.649979437,2.634398975,2.703618026,0.67004485,3.017233884,5.167530975,26,1,1,1
1076,Polygala monspeliaca,Polygalaceae,Polygala,monspeliaca,Fabids,perennial,Biotic,dry_dehiscent,1.0822,NoInfo,1,0,0,0,NoInfo,NoInfo,NoInfo,NoInfo,NoInfo,NoInfo,NoInfo,NoInfo,NoInfo,NoInfo,0,NA,NA,NA,NA,NA,NA,NA,NA,NA,NA,NA,NA,NA,NA,NA,NA,NA,NA,NA,NA,NA,NA,NA,NA
1077,Polygala sardoa,Polygalaceae,Polygala,sardoa,Fabids,perennial,Biotic,dry_dehiscent,1.7894,NoInfo,1,0,0,0,NoInfo,NoInfo,NoInfo,NoInfo,NoInfo,NoInfo,NoInfo,NoInfo,NoInfo,NoInfo,0,NA,NA,NA,NA,NA,NA,NA,NA,NA,NA,NA,NA,NA,NA,NA,NA,NA,NA,NA,NA,NA,NA,NA,NA
1078,Polygala venulosa,Polygalaceae,Polygala,venulosa,Fabids,perennial,Biotic,dry_dehiscent,38.71737544,NoInfo,1,0,0,0,NoInfo,NoInfo,NoInfo,NoInfo,NoInfo,NoInfo,NoInfo,NoInfo,NoInfo,NoInfo,0,NA,NA,NA,NA,NA,NA,NA,NA,NA,NA,NA,NA,NA,NA,NA,NA,NA,NA,NA,NA,NA,NA,NA,NA
1079,Polygaloides chamaebuxus,Polygalaceae,Polygaloides,chamaebuxus,Fabids,perennial,Biotic,dry_dehiscent,7.6,NoInfo,1,0,1,0,0,1,0,0,0,0,0,0,0,0,0,NA,NA,NA,NA,NA,NA,NA,NA,NA,NA,NA,NA,NA,NA,NA,NA,NA,NA,NA,NA,NA,NA,NA,NA
1080,Polygonatum odoratum,Asparagaceae,Polygonatum,odoratum,Monocots,perennial,Biotic,fleshy,32.4884,M(P)D,2,0,1,1,0,1,0,0,0,0,0,1,0,0,0,NA,NA,NA,NA,NA,NA,NA,NA,NA,NA,NA,NA,NA,NA,NA,NA,NA,NA,NA,NA,NA,NA,NA,NA
1081,Polygonum maritimum,Polygonaceae,Polygonum,maritimum,Caryophyllales,perennial,Biotic,dry_indehiscent,3.392,NoInfo,2,0,0,1,0,0,0,0,0,0,0,1,0,0,1,1,0.002902946,0.036604298,-0.586015281,-6.304680993,-0.701404491,0.331500908,NA,NA,NA,NA,NA,NA,NA,NA,NA,NA,127.8262984,NA,NA,4,0,0,0
1082,Populus alba,Salicaceae,Populus,alba,Fabids,woody,Abiotic,dry_dehiscent,0.12,ND,1,0,0,1,0,1,1,1,1,0,1,1,0,0,1,0,NA,NA,NA,NA,NA,NA,NA,NA,NA,NA,NA,NA,NA,NA,NA,NA,NA,NA,NA,NA,0,NA,0
1083,Populus nigra,Salicaceae,Populus,nigra,Fabids,woody,Abiotic,dry_dehiscent,0.808333333,ND,1,0,0,1,0,1,0,0,0,0,1,1,0,0,0,NA,NA,NA,NA,NA,NA,NA,NA,NA,NA,NA,NA,NA,NA,NA,NA,NA,NA,NA,NA,NA,NA,NA,NA
1084,Potentilla detommasii,Rosaceae,Potentilla,detommasii,Fabids,perennial,Biotic,fleshy,0.432580449,PD,1,0,0,0,NoInfo,NoInfo,NoInfo,NoInfo,NoInfo,NoInfo,NoInfo,NoInfo,NoInfo,NoInfo,1,0,NA,NA,NA,NA,NA,NA,NA,NA,NA,NA,NA,NA,NA,NA,NA,NA,NA,NA,NA,NA,0,NA,0
1085,Potentilla erecta,Rosaceae,Potentilla,erecta,Fabids,perennial,Biotic,fleshy,0.398,PD,3,0,1,1,0,1,0,0,0,0,0,1,0,0,0,NA,NA,NA,NA,NA,NA,NA,NA,NA,NA,NA,NA,NA,NA,NA,NA,NA,NA,NA,NA,NA,NA,NA,NA
1086,Potentilla kotschyana,Rosaceae,Potentilla,kotschyana,Fabids,perennial,Biotic,fleshy,0.432580449,PD,1,0,0,0,NoInfo,NoInfo,NoInfo,NoInfo,NoInfo,NoInfo,NoInfo,NoInfo,NoInfo,NoInfo,0,NA,NA,NA,NA,NA,NA,NA,NA,NA,NA,NA,NA,NA,NA,NA,NA,NA,NA,NA,NA,NA,NA,NA,NA
1087,Potentilla micrantha,Rosaceae,Potentilla,micrantha,Fabids,perennial,Biotic,dry_indehiscent,0.605,PD,1,0,0,0,NoInfo,NoInfo,NoInfo,NoInfo,NoInfo,NoInfo,NoInfo,NoInfo,NoInfo,NoInfo,0,NA,NA,NA,NA,NA,NA,NA,NA,NA,NA,NA,NA,NA,NA,NA,NA,NA,NA,NA,NA,NA,NA,NA,NA
1088,Potentilla pusilla,Rosaceae,Potentilla,pusilla,Fabids,perennial,Biotic,dry_indehiscent,0.302427498,PD,3,0,1,0,NoInfo,NoInfo,NoInfo,NoInfo,NoInfo,NoInfo,NoInfo,NoInfo,NoInfo,NoInfo,0,NA,NA,NA,NA,NA,NA,NA,NA,NA,NA,NA,NA,NA,NA,NA,NA,NA,NA,NA,NA,NA,NA,NA,NA
1089,Potentilla reptans,Rosaceae,Potentilla,reptans,Fabids,perennial,Biotic,fleshy,0.3018,PD,2,0,1,1,0,0,0,0,0,0,0,1,0,0,1,1,-0.188263963,6.686162374,-58.14411165,17.75741429,1.220365984,0.772127949,18.80802459,16.70680399,22.46083401,13.05399456,9.406839444,2.101220602,NA,NA,NA,NA,NA,NA,NA,4,1,1,1
1090,Potentilla verna,Rosaceae,Potentilla,verna,Fabids,perennial,Biotic,fleshy,0.509958333,PD,2,0,0,0,NoInfo,NoInfo,NoInfo,NoInfo,NoInfo,NoInfo,NoInfo,NoInfo,NoInfo,NoInfo,0,NA,NA,NA,NA,NA,NA,NA,NA,NA,NA,NA,NA,NA,NA,NA,NA,NA,NA,NA,NA,NA,NA,NA,NA
1091,Prasium majus,Lamiaceae,Prasium,majus,Lamiids,perennial,Biotic,fleshy,7.85,NoInfo,4,0,0,1,1,0,0,0,0,0,0,0,0,0,1,0,NA,NA,NA,NA,NA,NA,NA,NA,NA,NA,NA,NA,NA,NA,NA,NA,NA,NA,NA,NA,0,NA,0
1092,Primula deorum,Primulaceae,Primula,deorum,Asterids,perennial,Biotic,fleshy,0.328675161,PD,1,0,0,0,NoInfo,NoInfo,NoInfo,NoInfo,NoInfo,NoInfo,NoInfo,NoInfo,NoInfo,NoInfo,0,NA,NA,NA,NA,NA,NA,NA,NA,NA,NA,NA,NA,NA,NA,NA,NA,NA,NA,NA,NA,NA,NA,NA,NA
1093,Primula farinosa,Primulaceae,Primula,farinosa,Asterids,perennial,Biotic,dry_dehiscent,0.075928571,PD,1,0,1,1,0,0,0,0,0,0,0,1,1,0,1,1,-0.008317634,0.442711081,-3.181020037,26.61280214,2.709871166,0.937606612,35.18842671,18.03717758,52.68573686,0.53986742,52.14586944,17.15124913,NA,0.015402555,NA,1.49329396,NA,NA,6.912634174,12,1,0,0
1094,Primula frondosa,Primulaceae,Primula,frondosa,Asterids,perennial,Biotic,fleshy,0.328675161,PD,1,0,0,0,NoInfo,NoInfo,NoInfo,NoInfo,NoInfo,NoInfo,NoInfo,NoInfo,NoInfo,NoInfo,0,NA,NA,NA,NA,NA,NA,NA,NA,NA,NA,NA,NA,NA,NA,NA,NA,NA,NA,NA,NA,NA,NA,NA,NA
1095,Primula veris,Primulaceae,Primula,veris,Asterids,perennial,Biotic,dry_dehiscent,0.841004167,PD,2,0,1,1,0,1,0,0,1,0,0,1,0,0,1,1,-0.032108502,0.958913509,-8.148687904,14.93239242,-0.989251497,0.271059946,16.4059057,13.45887915,22.73579802,7.128986828,15.60681119,2.947026552,NA,NA,NA,NA,NA,NA,NA,14,1,1,1
1096,Prunella grandiflora,Lamiaceae,Prunella,grandiflora,Lamiids,perennial,Biotic,dry_dehiscent,1.196971429,PD,1,0,1,0,NoInfo,NoInfo,NoInfo,NoInfo,NoInfo,NoInfo,NoInfo,NoInfo,NoInfo,NoInfo,0,NA,NA,NA,NA,NA,NA,NA,NA,NA,NA,NA,NA,NA,NA,NA,NA,NA,NA,NA,NA,NA,NA,NA,NA
1097,Prunella hyssopifolia,Lamiaceae,Prunella,hyssopifolia,Lamiids,perennial,Biotic,dry_dehiscent,1.134373344,PD,1,0,0,0,NoInfo,NoInfo,NoInfo,NoInfo,NoInfo,NoInfo,NoInfo,NoInfo,NoInfo,NoInfo,0,NA,NA,NA,NA,NA,NA,NA,NA,NA,NA,NA,NA,NA,NA,NA,NA,NA,NA,NA,NA,NA,NA,NA,NA
1098,Prunella vulgaris,Lamiaceae,Prunella,vulgaris,Lamiids,perennial,Biotic,dry_dehiscent,0.792181206,PD,2,0,1,1,0,0,0,0,0,0,0,1,0,0,1,1,-0.020871784,1.128670456,-12.71567812,27.03818842,2.542924115,0.92709671,32.14088715,21.9354897,43.25263251,10.82374434,32.42888817,10.20539745,NA,NA,NA,NA,NA,NA,NA,9,1,0,0
1099,Prunus avium,Rosaceae,Prunus,avium,Fabids,woody,Biotic,fleshy,915.7624626,PD,1,0,0,1,0,1,0,1,1,0,1,1,0,0,1,1,-0.054431327,0.750399098,-1.357698371,6.893081068,1.228582537,0.773570389,8.852582167,4.93357997,15.64898224,-1.862820108,17.51180235,3.919002197,1.170543527,1.657487587,4.371106727,4.494444558,0.596215083,2.610169496,8.785859213,8,1,1,1
1100,Prunus mahaleb,Rosaceae,Prunus,mahaleb,Fabids,woody,Biotic,fleshy,86.43395346,PD,2,0,0,1,0,1,0,1,1,0,1,1,0,0,0,NA,NA,NA,NA,NA,NA,NA,NA,NA,NA,NA,NA,NA,NA,NA,NA,NA,NA,NA,NA,NA,NA,NA,NA
1101,Prunus prostrata,Rosaceae,Prunus,prostrata,Fabids,woody,Biotic,fleshy,49.28,PD,1,0,0,1,0,1,0,1,0,0,1,0,0,0,0,NA,NA,NA,NA,NA,NA,NA,NA,NA,NA,NA,NA,NA,NA,NA,NA,NA,NA,NA,NA,NA,NA,NA,NA
1102,Prunus spinosa,Rosaceae,Prunus,spinosa,Fabids,woody,Biotic,fleshy,154.4407642,PD,6,0,0,1,0,1,0,1,1,0,1,1,1,0,1,1,-0.030717766,1.161364766,-11.52225275,18.90379593,-0.545151489,0.366990031,20.51627376,17.2913181,27.7416399,10.06595196,17.67568794,3.22495566,NA,NA,NA,NA,NA,NA,NA,3,1,1,1
1103,Pseudopodospermum molle,Asteraceae,Pseudopodospermum,molle,Campanulids,perennial,Biotic,dry_indehiscent,11.9809,NoInfo,1,0,0,0,NoInfo,NoInfo,NoInfo,NoInfo,NoInfo,NoInfo,NoInfo,NoInfo,NoInfo,NoInfo,0,NA,NA,NA,NA,NA,NA,NA,NA,NA,NA,NA,NA,NA,NA,NA,NA,NA,NA,NA,NA,NA,NA,NA,NA
1104,Pseudopodospermum strictum,Asteraceae,Pseudopodospermum,strictum,Campanulids,perennial,Biotic,dry_indehiscent,12.53828,NoInfo,2,0,0,0,NoInfo,NoInfo,NoInfo,NoInfo,NoInfo,NoInfo,NoInfo,NoInfo,NoInfo,NoInfo,0,NA,NA,NA,NA,NA,NA,NA,NA,NA,NA,NA,NA,NA,NA,NA,NA,NA,NA,NA,NA,NA,NA,NA,NA
1105,Ptelea trifoliata,Rutaceae,Ptelea,trifoliata,Malvids,woody,Biotic,dry_indehiscent,33.87956931,PD,1,0,0,1,0,0,0,0,1,0,1,1,0,0,0,NA,NA,NA,NA,NA,NA,NA,NA,NA,NA,NA,NA,NA,NA,NA,NA,NA,NA,NA,NA,NA,NA,NA,NA
1106,Pterocephalus pterocephala,Caprifoliaceae,Pterocephalus,pterocephala,Campanulids,perennial,Biotic,fleshy,2.004772222,NoInfo,1,0,0,0,NoInfo,NoInfo,NoInfo,NoInfo,NoInfo,NoInfo,NoInfo,NoInfo,NoInfo,NoInfo,0,NA,NA,NA,NA,NA,NA,NA,NA,NA,NA,NA,NA,NA,NA,NA,NA,NA,NA,NA,NA,NA,NA,NA,NA
1107,Ptilostemon afer,Asteraceae,Ptilostemon,afer,Campanulids,perennial,Biotic,dry_indehiscent,11.462,NoInfo,1,0,0,0,NoInfo,NoInfo,NoInfo,NoInfo,NoInfo,NoInfo,NoInfo,NoInfo,NoInfo,NoInfo,0,NA,NA,NA,NA,NA,NA,NA,NA,NA,NA,NA,NA,NA,NA,NA,NA,NA,NA,NA,NA,NA,NA,NA,NA
1108,Ptilostemon casabonae,Asteraceae,Ptilostemon,casabonae,Campanulids,perennial,Biotic,dry_indehiscent,8.148,NoInfo,1,0,0,0,NoInfo,NoInfo,NoInfo,NoInfo,NoInfo,NoInfo,NoInfo,NoInfo,NoInfo,NoInfo,1,0,NA,NA,NA,NA,NA,NA,NA,NA,NA,NA,NA,NA,NA,NA,NA,NA,NA,NA,NA,NA,0,NA,0
1109,Puccinellia fasciculata,Poaceae,Puccinellia,fasciculata,Commelinid-monocots,perennial,Abiotic,dry_indehiscent,0.2175,PD,1,1,1,0,NoInfo,NoInfo,NoInfo,NoInfo,NoInfo,NoInfo,NoInfo,NoInfo,NoInfo,NoInfo,0,NA,NA,NA,NA,NA,NA,NA,NA,NA,NA,NA,NA,NA,NA,NA,NA,NA,NA,NA,NA,NA,NA,NA,NA
1110,Puccinellia festuciformis,Poaceae,Puccinellia,festuciformis,Commelinid-monocots,perennial,Abiotic,dry_indehiscent,0.300913789,PD,1,0,0,0,NoInfo,NoInfo,NoInfo,NoInfo,NoInfo,NoInfo,NoInfo,NoInfo,NoInfo,NoInfo,0,NA,NA,NA,NA,NA,NA,NA,NA,NA,NA,NA,NA,NA,NA,NA,NA,NA,NA,NA,NA,NA,NA,NA,NA
1111,Pulicaria dysenterica,Asteraceae,Pulicaria,dysenterica,Campanulids,perennial,Biotic,dry_indehiscent,0.064625,PD,1,0,0,1,0,0,0,0,0,0,0,1,0,0,1,1,-0.063007812,2.981530587,-30.55890467,23.6600074,4.712613202,0.991098668,29.19937813,18.12063667,34.68386525,12.63614954,22.04771571,11.07874146,NA,NA,NA,NA,NA,NA,NA,8,1,1,1
1112,Pulmonaria rubra,Boraginaceae,Pulmonaria,rubra,Lamiids,perennial,Biotic,dry_dehiscent,3.6892,NoInfo,1,0,0,0,0,1,0,0,0,0,0,0,0,0,0,NA,NA,NA,NA,NA,NA,NA,NA,NA,NA,NA,NA,NA,NA,NA,NA,NA,NA,NA,NA,NA,NA,NA,NA
1113,Pyrus communis,Rosaceae,Pyrus,communis,Fabids,woody,Biotic,fleshy,33.82591329,PD,1,0,0,1,0,0,0,1,1,0,1,1,1,0,0,NA,NA,NA,NA,NA,NA,NA,NA,NA,NA,NA,NA,NA,NA,NA,NA,NA,NA,NA,NA,NA,NA,NA,NA
1114,Pyrus spinosa,Rosaceae,Pyrus,spinosa,Fabids,woody,Biotic,fleshy,88.41630859,PD,1,0,0,1,0,0,0,0,0,0,0,1,0,0,0,NA,NA,NA,NA,NA,NA,NA,NA,NA,NA,NA,NA,NA,NA,NA,NA,NA,NA,NA,NA,NA,NA,NA,NA
1115,Quercus alnifolia,Fagaceae,Quercus,alnifolia,Fabids,woody,Biotic,dry_indehiscent,3610,ND,1,0,0,1,0,0,0,0,0,0,1,0,0,0,0,NA,NA,NA,NA,NA,NA,NA,NA,NA,NA,NA,NA,NA,NA,NA,NA,NA,NA,NA,NA,NA,NA,NA,NA
1116,Quercus cerris,Fagaceae,Quercus,cerris,Fabids,woody,Abiotic,dry_indehiscent,4000.513,ND,1,0,0,1,0,1,0,0,0,0,1,1,0,1,1,1,0.014548085,-0.446881536,3.934497662,15.35877489,0.502721208,0.623098612,NA,NA,NA,NA,NA,NA,NA,NA,NA,NA,NA,NA,NA,3,0,0,0
1117,Quercus coccifera,Fagaceae,Quercus,coccifera,Fabids,woody,Biotic,dry_indehiscent,1636.808,ND,8,0,0,1,1,0,0,0,0,0,1,1,0,0,1,0,NA,NA,NA,NA,NA,NA,NA,NA,NA,NA,NA,NA,NA,NA,NA,NA,NA,NA,NA,NA,0,NA,0
1118,Quercus conferta,Fagaceae,Quercus,conferta,Fabids,woody,Biotic,dry_indehiscent,2309,ND,1,0,0,0,NoInfo,NoInfo,NoInfo,NoInfo,NoInfo,NoInfo,NoInfo,NoInfo,NoInfo,NoInfo,0,NA,NA,NA,NA,NA,NA,NA,NA,NA,NA,NA,NA,NA,NA,NA,NA,NA,NA,NA,NA,NA,NA,NA,NA
1119,Quercus ilex,Fagaceae,Quercus,ilex,Fabids,woody,Biotic,dry_indehiscent,2416.139412,ND,9,0,0,1,0,1,0,0,1,0,1,1,0,0,1,1,0.023036913,-0.776021314,7.213782278,16.84299678,0.678520027,0.663408303,NA,NA,NA,NA,NA,NA,NA,NA,NA,NA,1.113366972,NA,NA,9,0,1,0
1120,Quercus ithaburensis,Fagaceae,Quercus,ithaburensis,Fabids,woody,Biotic,dry_indehiscent,2348.179326,ND,1,0,0,1,0,0,0,0,0,0,1,1,0,0,0,NA,NA,NA,NA,NA,NA,NA,NA,NA,NA,NA,NA,NA,NA,NA,NA,NA,NA,NA,NA,NA,NA,NA,NA
1121,Quercus libani,Fagaceae,Quercus,libani,Fabids,woody,Biotic,dry_indehiscent,1000,ND,1,0,0,0,NoInfo,NoInfo,NoInfo,NoInfo,NoInfo,NoInfo,NoInfo,NoInfo,NoInfo,NoInfo,0,NA,NA,NA,NA,NA,NA,NA,NA,NA,NA,NA,NA,NA,NA,NA,NA,NA,NA,NA,NA,NA,NA,NA,NA
1122,Quercus petraea,Fagaceae,Quercus,petraea,Fabids,woody,Biotic,dry_indehiscent,2087.099021,PD,1,0,0,1,0,1,0,0,0,0,1,1,1,0,1,0,NA,NA,NA,NA,NA,NA,NA,NA,NA,NA,NA,NA,NA,NA,NA,NA,NA,NA,NA,NA,0,NA,0
1123,Quercus pubescens,Fagaceae,Quercus,pubescens,Fabids,woody,Biotic,dry_indehiscent,1347.888889,ND,6,0,0,1,0,1,0,0,0,0,1,1,0,0,0,NA,NA,NA,NA,NA,NA,NA,NA,NA,NA,NA,NA,NA,NA,NA,NA,NA,NA,NA,NA,NA,NA,NA,NA
1124,Quercus robur,Fagaceae,Quercus,robur,Fabids,woody,Abiotic,dry_indehiscent,2639.842648,PD,1,0,0,1,1,1,1,0,1,0,1,1,1,0,1,1,-0.003201823,0.07750253,1.195435879,12.10287478,1.664437589,0.840832798,21.548753,2.656996568,50.04300925,-25.83725968,75.88026893,18.89175643,10.72835537,26.38796838,5.985507749,17.02495479,8.611943292,36.41679145,18.83317574,11,1,0,0
1125,Quercus rotundifolia,Fagaceae,Quercus,rotundifolia,Fabids,woody,Biotic,dry_indehiscent,2083.356667,ND,1,0,0,1,0,0,0,0,1,0,1,0,0,0,0,NA,NA,NA,NA,NA,NA,NA,NA,NA,NA,NA,NA,NA,NA,NA,NA,NA,NA,NA,NA,NA,NA,NA,NA
1126,Quercus suber,Fagaceae,Quercus,suber,Fabids,woody,Biotic,dry_indehiscent,3328.954444,PD,1,0,0,1,0,0,1,0,0,0,1,1,0,0,1,0,NA,NA,NA,NA,NA,NA,NA,NA,NA,NA,NA,NA,NA,NA,NA,NA,NA,NA,NA,NA,0,NA,0
1127,Ranunculus acris,Ranunculaceae,Ranunculus,acris,Early EU,perennial,Biotic,dry_indehiscent,1.749986207,M(P)D,1,0,1,1,0,1,0,0,0,0,0,1,1,0,1,1,0.000968948,0.022708754,-0.204689243,-11.71825661,-0.337742747,0.416357895,NA,NA,NA,NA,NA,NA,NA,NA,NA,NA,99.6341951,NA,NA,14,0,0,0
1128,Ranunculus argyreus,Ranunculaceae,Ranunculus,argyreus,Early EU,perennial,Biotic,dry_indehiscent,2.258571884,M(P)D,1,0,0,0,NoInfo,NoInfo,NoInfo,NoInfo,NoInfo,NoInfo,NoInfo,NoInfo,NoInfo,NoInfo,0,NA,NA,NA,NA,NA,NA,NA,NA,NA,NA,NA,NA,NA,NA,NA,NA,NA,NA,NA,NA,NA,NA,NA,NA
1129,Ranunculus brutius,Ranunculaceae,Ranunculus,brutius,Early EU,perennial,Biotic,dry_indehiscent,2.258571884,M(P)D,1,0,0,0,NoInfo,NoInfo,NoInfo,NoInfo,NoInfo,NoInfo,NoInfo,NoInfo,NoInfo,NoInfo,0,NA,NA,NA,NA,NA,NA,NA,NA,NA,NA,NA,NA,NA,NA,NA,NA,NA,NA,NA,NA,NA,NA,NA,NA
1130,Ranunculus bulbosus,Ranunculaceae,Ranunculus,bulbosus,Early EU,perennial,Biotic,dry_indehiscent,2.739413889,M(P)D,1,0,1,0,NoInfo,NoInfo,NoInfo,NoInfo,NoInfo,NoInfo,NoInfo,NoInfo,NoInfo,NoInfo,1,1,0.008451022,-0.342623568,4.956186796,20.27113147,1.483503104,0.815101121,NA,NA,NA,NA,NA,NA,NA,NA,NA,NA,NA,NA,NA,4,0,0,0
1131,Ranunculus cortusifolius,Ranunculaceae,Ranunculus,cortusifolius,Early EU,perennial,Biotic,dry_indehiscent,0.606,M(P)D,1,0,0,0,NoInfo,NoInfo,NoInfo,NoInfo,NoInfo,NoInfo,NoInfo,NoInfo,NoInfo,NoInfo,1,0,NA,NA,NA,NA,NA,NA,NA,NA,NA,NA,NA,NA,NA,NA,NA,NA,NA,NA,NA,NA,0,NA,0
1132,Ranunculus demissus,Ranunculaceae,Ranunculus,demissus,Early EU,perennial,Biotic,dry_indehiscent,2.3996,M(P)D,1,0,0,0,NoInfo,NoInfo,NoInfo,NoInfo,NoInfo,NoInfo,NoInfo,NoInfo,NoInfo,NoInfo,0,NA,NA,NA,NA,NA,NA,NA,NA,NA,NA,NA,NA,NA,NA,NA,NA,NA,NA,NA,NA,NA,NA,NA,NA
1133,Ranunculus ficaria,Ranunculaceae,Ranunculus,ficaria,Early EU,perennial,Biotic,dry_indehiscent,2.88444,M(P)D,1,0,0,0,NoInfo,NoInfo,NoInfo,NoInfo,NoInfo,NoInfo,NoInfo,NoInfo,NoInfo,NoInfo,0,NA,NA,NA,NA,NA,NA,NA,NA,NA,NA,NA,NA,NA,NA,NA,NA,NA,NA,NA,NA,NA,NA,NA,NA
1134,Ranunculus hayekii,Ranunculaceae,Ranunculus,hayekii,Early EU,perennial,Biotic,dry_indehiscent,2.258571884,M(P)D,1,0,0,0,NoInfo,NoInfo,NoInfo,NoInfo,NoInfo,NoInfo,NoInfo,NoInfo,NoInfo,NoInfo,0,NA,NA,NA,NA,NA,NA,NA,NA,NA,NA,NA,NA,NA,NA,NA,NA,NA,NA,NA,NA,NA,NA,NA,NA
1135,Ranunculus paludosus,Ranunculaceae,Ranunculus,paludosus,Early EU,perennial,Biotic,dry_indehiscent,0.22569,M(P)D,2,0,0,0,NoInfo,NoInfo,NoInfo,NoInfo,NoInfo,NoInfo,NoInfo,NoInfo,NoInfo,NoInfo,0,NA,NA,NA,NA,NA,NA,NA,NA,NA,NA,NA,NA,NA,NA,NA,NA,NA,NA,NA,NA,NA,NA,NA,NA
1136,Ranunculus pyrenaeus,Ranunculaceae,Ranunculus,pyrenaeus,Early EU,perennial,Biotic,dry_indehiscent,2.258571884,M(P)D,1,0,1,0,NoInfo,NoInfo,NoInfo,NoInfo,NoInfo,NoInfo,NoInfo,NoInfo,NoInfo,NoInfo,0,NA,NA,NA,NA,NA,NA,NA,NA,NA,NA,NA,NA,NA,NA,NA,NA,NA,NA,NA,NA,NA,NA,NA,NA
1137,Ranunculus repens,Ranunculaceae,Ranunculus,repens,Early EU,perennial,Biotic,dry_indehiscent,2.114573333,M(P)D,1,0,1,1,0,1,0,0,0,0,0,1,1,0,0,NA,NA,NA,NA,NA,NA,NA,NA,NA,NA,NA,NA,NA,NA,NA,NA,NA,NA,NA,NA,NA,NA,NA,NA
1138,Ranunculus reuterianus,Ranunculaceae,Ranunculus,reuterianus,Early EU,perennial,Biotic,dry_indehiscent,2.258571884,M(P)D,1,0,0,0,NoInfo,NoInfo,NoInfo,NoInfo,NoInfo,NoInfo,NoInfo,NoInfo,NoInfo,NoInfo,0,NA,NA,NA,NA,NA,NA,NA,NA,NA,NA,NA,NA,NA,NA,NA,NA,NA,NA,NA,NA,NA,NA,NA,NA
1139,Ranunculus sardous,Ranunculaceae,Ranunculus,sardous,Early EU,annual,Biotic,dry_indehiscent,1.3667,M(P)D,1,0,0,1,0,0,0,0,0,0,0,1,0,0,0,NA,NA,NA,NA,NA,NA,NA,NA,NA,NA,NA,NA,NA,NA,NA,NA,NA,NA,NA,NA,NA,NA,NA,NA
1140,Ranunculus sartorianus,Ranunculaceae,Ranunculus,sartorianus,Early EU,perennial,Biotic,dry_indehiscent,2.258571884,M(P)D,1,0,0,0,NoInfo,NoInfo,NoInfo,NoInfo,NoInfo,NoInfo,NoInfo,NoInfo,NoInfo,NoInfo,0,NA,NA,NA,NA,NA,NA,NA,NA,NA,NA,NA,NA,NA,NA,NA,NA,NA,NA,NA,NA,NA,NA,NA,NA
1141,Ranunculus velutinus,Ranunculaceae,Ranunculus,velutinus,Early EU,perennial,Biotic,dry_indehiscent,2.258571884,M(P)D,1,0,0,0,NoInfo,NoInfo,NoInfo,NoInfo,NoInfo,NoInfo,NoInfo,NoInfo,NoInfo,NoInfo,0,NA,NA,NA,NA,NA,NA,NA,NA,NA,NA,NA,NA,NA,NA,NA,NA,NA,NA,NA,NA,NA,NA,NA,NA
1142,Raphanus raphanistrum,Brassicaceae,Raphanus,raphanistrum,Malvids,perennial,Biotic,dry_dehiscent,16.86944105,PD,1,0,0,1,0,0,0,1,1,0,0,1,1,0,1,1,0.003903329,-0.116318265,2.545257506,14.89987774,1.678693546,0.842731458,NA,NA,NA,NA,NA,NA,NA,NA,NA,NA,NA,NA,NA,5,0,1,0
1143,Rapistrum rugosum,Brassicaceae,Rapistrum,rugosum,Malvids,annual,Biotic,dry_dehiscent,1.868666667,PD,1,0,0,1,1,0,0,1,1,0,0,0,1,0,0,NA,NA,NA,NA,NA,NA,NA,NA,NA,NA,NA,NA,NA,NA,NA,NA,NA,NA,NA,NA,NA,NA,NA,NA
1144,Reichardia picroides,Asteraceae,Reichardia,picroides,Campanulids,perennial,Biotic,dry_indehiscent,0.6744,NoInfo,7,0,0,0,NoInfo,NoInfo,NoInfo,NoInfo,NoInfo,NoInfo,NoInfo,NoInfo,NoInfo,NoInfo,1,1,0.058423291,-2.28676026,21.85202263,19.57062191,-0.524637591,0.371768451,NA,NA,NA,NA,NA,NA,NA,NA,NA,NA,0.371022695,NA,NA,5,0,1,0
1145,Reseda stricta,Resedaceae,Reseda,stricta,Malvids,perennial,NoInfo,fleshy,0.3,NoInfo,1,0,0,0,NoInfo,NoInfo,NoInfo,NoInfo,NoInfo,NoInfo,NoInfo,NoInfo,NoInfo,NoInfo,1,0,NA,NA,NA,NA,NA,NA,NA,NA,NA,NA,NA,NA,NA,NA,NA,NA,NA,NA,NA,NA,0,NA,0
1146,Reseda virgata,Resedaceae,Reseda,virgata,Malvids,perennial,NoInfo,fleshy,0.413443742,NoInfo,1,0,0,0,NoInfo,NoInfo,NoInfo,NoInfo,NoInfo,NoInfo,NoInfo,NoInfo,NoInfo,NoInfo,0,NA,NA,NA,NA,NA,NA,NA,NA,NA,NA,NA,NA,NA,NA,NA,NA,NA,NA,NA,NA,NA,NA,NA,NA
1147,Rhamnus alaternus,Rhamnaceae,Rhamnus,alaternus,Fabids,woody,Biotic,fleshy,12.27171429,PD,7,0,0,1,0,1,0,0,0,0,1,1,0,0,1,1,-0.117321721,3.298922582,-21.38172249,14.05930016,1.808548895,0.859186404,15.70451162,12.4140887,20.42423761,7.694362701,12.72987491,3.290422919,0.325832553,0.624632089,1.195110609,0.98363595,0.310046379,0.779839194,2.099319668,4,1,1,1
1148,Rhamnus cathartica,Rhamnaceae,Rhamnus,cathartica,Fabids,woody,Biotic,fleshy,23.53589964,PD,2,0,0,1,0,1,0,0,0,0,1,1,1,0,0,NA,NA,NA,NA,NA,NA,NA,NA,NA,NA,NA,NA,NA,NA,NA,NA,NA,NA,NA,NA,NA,NA,NA,NA
1149,Rhamnus lycioides,Rhamnaceae,Rhamnus,lycioides,Fabids,perennial,Biotic,fleshy,13.29346667,PD,1,0,0,0,NoInfo,NoInfo,NoInfo,NoInfo,NoInfo,NoInfo,NoInfo,NoInfo,NoInfo,NoInfo,1,0,NA,NA,NA,NA,NA,NA,NA,NA,NA,NA,NA,NA,NA,NA,NA,NA,NA,NA,NA,NA,0,NA,0
1150,Rhamnus saxatilis,Rhamnaceae,Rhamnus,saxatilis,Fabids,perennial,Biotic,fleshy,18.095,PD,3,0,0,1,0,0,0,0,0,0,0,1,0,0,0,NA,NA,NA,NA,NA,NA,NA,NA,NA,NA,NA,NA,NA,NA,NA,NA,NA,NA,NA,NA,NA,NA,NA,NA
1151,Rhinanthus minor,Orobanchaceae,Rhinanthus,minor,Lamiids,annual,Biotic,dry_dehiscent,2.235537755,PD,2,0,1,1,0,0,0,0,0,0,0,1,0,0,0,NA,NA,NA,NA,NA,NA,NA,NA,NA,NA,NA,NA,NA,NA,NA,NA,NA,NA,NA,NA,NA,NA,NA,NA
1152,Rhinanthus rumelicus,Orobanchaceae,Rhinanthus,rumelicus,Lamiids,annual,Biotic,dry_dehiscent,1.240666667,PD,1,0,0,0,NoInfo,NoInfo,NoInfo,NoInfo,NoInfo,NoInfo,NoInfo,NoInfo,NoInfo,NoInfo,0,NA,NA,NA,NA,NA,NA,NA,NA,NA,NA,NA,NA,NA,NA,NA,NA,NA,NA,NA,NA,NA,NA,NA,NA
1153,Roemeria hybrida,Papaveraceae,Roemeria,hybrida,Early EU,annual,Biotic,dry_dehiscent,0.160409524,NoInfo,1,0,0,0,NoInfo,NoInfo,NoInfo,NoInfo,NoInfo,NoInfo,NoInfo,NoInfo,NoInfo,NoInfo,0,NA,NA,NA,NA,NA,NA,NA,NA,NA,NA,NA,NA,NA,NA,NA,NA,NA,NA,NA,NA,NA,NA,NA,NA
1154,Roemeria sicula,Papaveraceae,Roemeria,sicula,Early EU,annual,Biotic,dry_dehiscent,0.138014286,NoInfo,1,0,0,0,NoInfo,NoInfo,NoInfo,NoInfo,NoInfo,NoInfo,NoInfo,NoInfo,NoInfo,NoInfo,1,1,-0.16630468,4.660946659,-32.00277184,14.01327568,0.654793385,0.658089827,14.94113956,13.08541179,18.66541494,9.361136415,9.304278528,1.855727769,1.260629786,1.393148047,3.271230419,3.74693094,0.6826649,2.279467572,6.900489431,7,1,1,1
1155,Rorippa sylvestris,Brassicaceae,Rorippa,sylvestris,Malvids,perennial,Biotic,dry_dehiscent,0.084761538,NoInfo,1,0,0,1,0,0,0,1,0,0,0,1,0,0,0,NA,NA,NA,NA,NA,NA,NA,NA,NA,NA,NA,NA,NA,NA,NA,NA,NA,NA,NA,NA,NA,NA,NA,NA
1156,Rosa arvensis,Rosaceae,Rosa,arvensis,Fabids,perennial,Biotic,dry_indehiscent,14.18318333,PD,1,0,0,1,0,0,0,0,0,0,0,1,0,0,0,NA,NA,NA,NA,NA,NA,NA,NA,NA,NA,NA,NA,NA,NA,NA,NA,NA,NA,NA,NA,NA,NA,NA,NA
1157,Rosa canina,Rosaceae,Rosa,canina,Fabids,perennial,Biotic,fleshy,21.32295634,PD,9,0,0,1,0,1,0,0,0,0,1,1,0,0,1,1,0.138486403,-4.66154148,34.3139613,16.83032184,-4.913660381,0.007291988,NA,NA,13.05943321,20.60121046,-7.541777246,NA,1.051969397,0.728832138,NA,NA,0.37555567,1.64666437,NA,4,0,1,0
1158,Rosa heckeliana,Rosaceae,Rosa,heckeliana,Fabids,perennial,Biotic,fleshy,19.28991861,PD,1,0,0,0,NoInfo,NoInfo,NoInfo,NoInfo,NoInfo,NoInfo,NoInfo,NoInfo,NoInfo,NoInfo,0,NA,NA,NA,NA,NA,NA,NA,NA,NA,NA,NA,NA,NA,NA,NA,NA,NA,NA,NA,NA,NA,NA,NA,NA
1159,Rosa pendulina,Rosaceae,Rosa,pendulina,Fabids,perennial,Biotic,dry_indehiscent,15.99165,PD,1,0,1,1,0,0,0,0,0,0,0,1,0,0,0,NA,NA,NA,NA,NA,NA,NA,NA,NA,NA,NA,NA,NA,NA,NA,NA,NA,NA,NA,NA,NA,NA,NA,NA
1160,Rosa pulverulenta,Rosaceae,Rosa,pulverulenta,Fabids,perennial,Biotic,fleshy,16.08613333,PD,1,0,0,1,0,0,0,0,0,0,0,1,0,0,0,NA,NA,NA,NA,NA,NA,NA,NA,NA,NA,NA,NA,NA,NA,NA,NA,NA,NA,NA,NA,NA,NA,NA,NA
1161,Rosa sempervirens,Rosaceae,Rosa,sempervirens,Fabids,perennial,Biotic,fleshy,12.07533333,PD,3,0,0,1,0,0,0,0,0,0,0,1,0,0,0,NA,NA,NA,NA,NA,NA,NA,NA,NA,NA,NA,NA,NA,NA,NA,NA,NA,NA,NA,NA,NA,NA,NA,NA
1162,Rosa serafinii,Rosaceae,Rosa,serafinii,Fabids,perennial,Biotic,fleshy,7.4984,PD,1,0,0,0,NoInfo,NoInfo,NoInfo,NoInfo,NoInfo,NoInfo,NoInfo,NoInfo,NoInfo,NoInfo,0,NA,NA,NA,NA,NA,NA,NA,NA,NA,NA,NA,NA,NA,NA,NA,NA,NA,NA,NA,NA,NA,NA,NA,NA
1163,Rostraria cristata,Poaceae,Rostraria,cristata,Commelinid-monocots,annual,Abiotic,dry_indehiscent,0.264722222,NoInfo,3,0,0,0,NoInfo,NoInfo,NoInfo,NoInfo,NoInfo,NoInfo,NoInfo,NoInfo,NoInfo,NoInfo,1,1,0.020859333,-0.980294521,13.25822159,23.49774389,1.740866792,0.850797131,NA,NA,NA,NA,NA,NA,NA,NA,NA,NA,NA,NA,NA,5,0,0,0
1164,Rubia laurae,Rubiaceae,Rubia,laurae,Lamiids,perennial,Biotic,dry_dehiscent,20.25888809,PD,1,0,0,0,NoInfo,NoInfo,NoInfo,NoInfo,NoInfo,NoInfo,NoInfo,NoInfo,NoInfo,NoInfo,0,NA,NA,NA,NA,NA,NA,NA,NA,NA,NA,NA,NA,NA,NA,NA,NA,NA,NA,NA,NA,NA,NA,NA,NA
1165,Rubia peregrina,Rubiaceae,Rubia,peregrina,Lamiids,perennial,Biotic,fleshy,23.69528333,PD,13,0,0,1,0,0,0,0,0,0,0,1,0,0,0,NA,NA,NA,NA,NA,NA,NA,NA,NA,NA,NA,NA,NA,NA,NA,NA,NA,NA,NA,NA,NA,NA,NA,NA
1166,Rubus caesius,Rosaceae,Rubus,caesius,Fabids,perennial,Biotic,fleshy,3.628308825,PD,1,0,1,1,0,0,0,1,1,0,0,1,0,0,0,NA,NA,NA,NA,NA,NA,NA,NA,NA,NA,NA,NA,NA,NA,NA,NA,NA,NA,NA,NA,NA,NA,NA,NA
1167,Rubus creticus,Rosaceae,Rubus,creticus,Fabids,perennial,Biotic,fleshy,2.470923077,PD,1,0,0,0,NoInfo,NoInfo,NoInfo,NoInfo,NoInfo,NoInfo,NoInfo,NoInfo,NoInfo,NoInfo,0,NA,NA,NA,NA,NA,NA,NA,NA,NA,NA,NA,NA,NA,NA,NA,NA,NA,NA,NA,NA,NA,NA,NA,NA
1168,Rubus fruticosus,Rosaceae,Rubus,fruticosus,Fabids,perennial,Biotic,fleshy,2.5575,PD,3,0,0,1,0,0,0,0,0,0,0,1,0,0,0,NA,NA,NA,NA,NA,NA,NA,NA,NA,NA,NA,NA,NA,NA,NA,NA,NA,NA,NA,NA,NA,NA,NA,NA
1169,Rubus idaeus,Rosaceae,Rubus,idaeus,Fabids,perennial,Biotic,fleshy,1.717558997,PD,1,0,1,1,0,0,0,1,1,0,0,1,0,0,1,1,-0.006688483,0.339787441,-3.483480538,25.40093416,0.831978669,0.696773146,30.29270863,20.50915969,49.16256203,1.639306286,47.52325575,9.783548936,21.06335873,8.778105747,16.36934092,16.20731857,8.484458171,27.44988745,27.80864745,7,1,1,1
1170,Rubus ulmifolius,Rosaceae,Rubus,ulmifolius,Fabids,perennial,Biotic,fleshy,3.767806781,PD,11,0,0,1,0,1,0,0,0,1,1,1,0,0,0,NA,NA,NA,NA,NA,NA,NA,NA,NA,NA,NA,NA,NA,NA,NA,NA,NA,NA,NA,NA,NA,NA,NA,NA
1171,Rumex acetosa,Polygonaceae,Rumex,acetosa,Caryophyllales,perennial,Biotic,dry_indehiscent,0.827148148,PD,1,0,1,1,0,0,0,0,1,0,1,1,1,0,1,1,-0.034219837,1.113158036,-6.280843668,16.26480646,2.771806337,0.94113314,20.58517183,11.94444108,29.1893872,3.340225713,25.84916149,8.64073075,2.115224169,2.022706772,2.74585884,2.678180293,0.667494717,3.917758945,5.257621526,11,1,0,0
1172,Rumex acetosella,Polygonaceae,Rumex,acetosella,Caryophyllales,perennial,Biotic,dry_indehiscent,0.441827838,PD,9,0,1,1,0,0,0,0,0,0,0,1,1,0,1,1,-0.009207468,0.310458356,-3.031142177,16.85905162,-0.414125449,0.39792333,19.87597754,13.8421257,33.43647617,0.28162707,33.1548491,6.033851838,7.479676998,6.149862295,22.65556011,23.0084942,2.329491419,12.87736881,45.42713173,7,1,1,1
1173,Rumex bucephalophorus,Polygonaceae,Rumex,bucephalophorus,Caryophyllales,annual,Abiotic,dry_indehiscent,1.277333333,PD,2,0,0,0,NoInfo,NoInfo,NoInfo,NoInfo,NoInfo,NoInfo,NoInfo,NoInfo,NoInfo,NoInfo,0,NA,NA,NA,NA,NA,NA,NA,NA,NA,NA,NA,NA,NA,NA,NA,NA,NA,NA,NA,NA,NA,NA,NA,NA
1174,Rumex conglomeratus,Polygonaceae,Rumex,conglomeratus,Caryophyllales,perennial,Biotic,dry_indehiscent,1.21788125,PD,1,0,0,1,0,0,0,0,0,0,0,1,0,0,0,NA,NA,NA,NA,NA,NA,NA,NA,NA,NA,NA,NA,NA,NA,NA,NA,NA,NA,NA,NA,NA,NA,NA,NA
1175,Rumex crispus,Polygonaceae,Rumex,crispus,Caryophyllales,perennial,Biotic,dry_indehiscent,1.942285185,PD,1,0,1,1,0,0,0,1,1,0,1,1,1,0,1,1,0.172052243,-6.646343536,63.86381139,19.31489938,-0.32291693,0.419965035,NA,NA,NA,NA,NA,NA,NA,NA,NA,NA,NA,NA,NA,6,0,1,0
1176,Rumex maderensis,Polygonaceae,Rumex,maderensis,Caryophyllales,perennial,Biotic,dry_indehiscent,2.192839263,PD,1,0,0,1,0,0,0,0,0,0,0,1,0,0,0,NA,NA,NA,NA,NA,NA,NA,NA,NA,NA,NA,NA,NA,NA,NA,NA,NA,NA,NA,NA,NA,NA,NA,NA
1177,Rumex pulcher,Polygonaceae,Rumex,pulcher,Caryophyllales,perennial,Biotic,dry_indehiscent,2.655332132,PD,1,0,0,1,0,0,0,0,0,0,0,1,0,0,1,1,-0.004008328,0.080662997,1.270346286,10.06192514,1.676158806,0.842395223,18.54047504,1.583375245,44.01408788,-23.8902376,67.90432548,16.95709979,12.44787018,29.70289738,3.377730246,15.61668325,9.038492871,41.80485326,13.55737073,4,1,0,0
1178,Rumex suffruticosus,Polygonaceae,Rumex,suffruticosus,Caryophyllales,perennial,Biotic,dry_indehiscent,1.1488,PD,1,0,0,0,NoInfo,NoInfo,NoInfo,NoInfo,NoInfo,NoInfo,NoInfo,NoInfo,NoInfo,NoInfo,1,1,-0.006642429,0.279683672,-4.774487809,21.05281692,-1.830423241,0.138187861,24.04016314,18.0654707,34.00318797,8.102445876,25.90074209,5.974692442,NA,NA,NA,NA,NA,NA,NA,4,1,1,1
1179,Ruscus aculeatus,Asparagaceae,Ruscus,aculeatus,Monocots,perennial,Biotic,fleshy,197.3356667,M(P)D,6,1,0,1,0,1,0,0,1,0,1,1,0,0,0,NA,NA,NA,NA,NA,NA,NA,NA,NA,NA,NA,NA,NA,NA,NA,NA,NA,NA,NA,NA,NA,NA,NA,NA
1180,Ruta chalepensis,Rutaceae,Ruta,chalepensis,Malvids,perennial,Biotic,dry_dehiscent,1.341142857,PD,1,0,0,1,0,1,0,0,1,0,1,1,1,1,1,0,NA,NA,NA,NA,NA,NA,NA,NA,NA,NA,NA,NA,NA,NA,NA,NA,NA,NA,NA,NA,0,NA,0
1181,Ruta corsica,Rutaceae,Ruta,corsica,Malvids,perennial,Biotic,dry_dehiscent,0.762,PD,1,0,0,0,NoInfo,NoInfo,NoInfo,NoInfo,NoInfo,NoInfo,NoInfo,NoInfo,NoInfo,NoInfo,0,NA,NA,NA,NA,NA,NA,NA,NA,NA,NA,NA,NA,NA,NA,NA,NA,NA,NA,NA,NA,NA,NA,NA,NA
1182,Ruta graveolens,Rutaceae,Ruta,graveolens,Malvids,perennial,Biotic,dry_dehiscent,1.979166667,PD,1,0,0,1,0,1,0,1,1,0,1,1,1,1,0,NA,NA,NA,NA,NA,NA,NA,NA,NA,NA,NA,NA,NA,NA,NA,NA,NA,NA,NA,NA,NA,NA,NA,NA
1183,Sabulina attica,Caryophyllaceae,Sabulina,attica,Caryophyllales,perennial,Biotic,dry_dehiscent,0.221059021,NoInfo,1,0,0,0,NoInfo,NoInfo,NoInfo,NoInfo,NoInfo,NoInfo,NoInfo,NoInfo,NoInfo,NoInfo,1,0,NA,NA,NA,NA,NA,NA,NA,NA,NA,NA,NA,NA,NA,NA,NA,NA,NA,NA,NA,NA,0,NA,0
1184,Sabulina juniperina,Caryophyllaceae,Sabulina,juniperina,Caryophyllales,perennial,Biotic,dry_dehiscent,0.258333333,NoInfo,1,0,0,0,NoInfo,NoInfo,NoInfo,NoInfo,NoInfo,NoInfo,NoInfo,NoInfo,NoInfo,NoInfo,0,NA,NA,NA,NA,NA,NA,NA,NA,NA,NA,NA,NA,NA,NA,NA,NA,NA,NA,NA,NA,NA,NA,NA,NA
1185,Sabulina tenuifolia,Caryophyllaceae,Sabulina,tenuifolia,Caryophyllales,annual,Biotic,dry_dehiscent,0.102211111,NoInfo,1,0,0,0,NoInfo,NoInfo,NoInfo,NoInfo,NoInfo,NoInfo,NoInfo,NoInfo,NoInfo,NoInfo,0,NA,NA,NA,NA,NA,NA,NA,NA,NA,NA,NA,NA,NA,NA,NA,NA,NA,NA,NA,NA,NA,NA,NA,NA
1186,Sabulina verna,Caryophyllaceae,Sabulina,verna,Caryophyllales,perennial,Biotic,dry_dehiscent,0.0806,NoInfo,2,0,1,0,NoInfo,NoInfo,NoInfo,NoInfo,NoInfo,NoInfo,NoInfo,NoInfo,NoInfo,NoInfo,1,1,-0.011394026,0.212909081,2.868199318,9.343013408,3.862805519,0.979423319,19.89703157,-1.211004757,33.78559455,-15.09956774,48.88516229,21.10803633,5.968831412,10.82767509,8.813059758,9.356639793,3.504483767,16.01890654,16.77223405,5,1,1,1
1187,Sagina merinoi,Caryophyllaceae,Sagina,merinoi,Caryophyllales,perennial,Biotic,dry_dehiscent,0.033049835,NoInfo,1,0,0,0,NoInfo,NoInfo,NoInfo,NoInfo,NoInfo,NoInfo,NoInfo,NoInfo,NoInfo,NoInfo,0,NA,NA,NA,NA,NA,NA,NA,NA,NA,NA,NA,NA,NA,NA,NA,NA,NA,NA,NA,NA,NA,NA,NA,NA
1188,Sagina pilifera,Caryophyllaceae,Sagina,pilifera,Caryophyllales,perennial,Biotic,dry_dehiscent,0.033049835,NoInfo,1,0,1,0,NoInfo,NoInfo,NoInfo,NoInfo,NoInfo,NoInfo,NoInfo,NoInfo,NoInfo,NoInfo,0,NA,NA,NA,NA,NA,NA,NA,NA,NA,NA,NA,NA,NA,NA,NA,NA,NA,NA,NA,NA,NA,NA,NA,NA
1189,Salix alba,Salicaceae,Salix,alba,Fabids,woody,Biotic,dry_dehiscent,0.1225,ND,1,0,0,1,0,0,0,0,0,1,1,1,0,0,0,NA,NA,NA,NA,NA,NA,NA,NA,NA,NA,NA,NA,NA,NA,NA,NA,NA,NA,NA,NA,NA,NA,NA,NA
1190,Salix cinerea,Salicaceae,Salix,cinerea,Fabids,woody,Biotic,dry_dehiscent,0.074666667,ND,1,0,0,1,0,1,0,1,0,0,1,0,0,0,0,NA,NA,NA,NA,NA,NA,NA,NA,NA,NA,NA,NA,NA,NA,NA,NA,NA,NA,NA,NA,NA,NA,NA,NA
1191,Salix euxina,Salicaceae,Salix,euxina,Fabids,woody,Biotic,fleshy,0.140291269,ND,1,0,0,0,NoInfo,NoInfo,NoInfo,NoInfo,NoInfo,NoInfo,NoInfo,NoInfo,NoInfo,NoInfo,0,NA,NA,NA,NA,NA,NA,NA,NA,NA,NA,NA,NA,NA,NA,NA,NA,NA,NA,NA,NA,NA,NA,NA,NA
1192,Salix pedicellata,Salicaceae,Salix,pedicellata,Fabids,woody,Biotic,fleshy,0.954948519,ND,1,0,0,1,0,1,0,0,0,0,1,0,0,0,0,NA,NA,NA,NA,NA,NA,NA,NA,NA,NA,NA,NA,NA,NA,NA,NA,NA,NA,NA,NA,NA,NA,NA,NA
1193,Salsola kali,Amaranthaceae,Salsola,kali,Caryophyllales,annual,Abiotic,dry_indehiscent,2.756513043,NoInfo,4,0,0,0,NoInfo,NoInfo,NoInfo,NoInfo,NoInfo,NoInfo,NoInfo,NoInfo,NoInfo,NoInfo,1,1,0.038533577,0.708643944,-20.3537323,-9.195148788,-23.61177555,5.56590987728867e-11,NA,NA,-32.35429765,13.96400008,-46.31829773,NA,NA,NA,NA,NA,NA,NA,NA,7,0,0,0
1194,Salvia dorystaechas,Lamiaceae,Salvia,dorystaechas,Lamiids,perennial,Biotic,dry_dehiscent,0.878,NoInfo,1,0,0,0,NoInfo,NoInfo,NoInfo,NoInfo,NoInfo,NoInfo,NoInfo,NoInfo,NoInfo,NoInfo,1,0,NA,NA,NA,NA,NA,NA,NA,NA,NA,NA,NA,NA,NA,NA,NA,NA,NA,NA,NA,NA,0,NA,0
1195,Salvia frigida,Lamiaceae,Salvia,frigida,Lamiids,perennial,Biotic,dry_dehiscent,1883.275749,NoInfo,1,0,0,0,NoInfo,NoInfo,NoInfo,NoInfo,NoInfo,NoInfo,NoInfo,NoInfo,NoInfo,NoInfo,0,NA,NA,NA,NA,NA,NA,NA,NA,NA,NA,NA,NA,NA,NA,NA,NA,NA,NA,NA,NA,NA,NA,NA,NA
1196,Salvia pilifera,Lamiaceae,Salvia,pilifera,Lamiids,perennial,Biotic,dry_dehiscent,1883.275749,NoInfo,1,0,0,0,NoInfo,NoInfo,NoInfo,NoInfo,NoInfo,NoInfo,NoInfo,NoInfo,NoInfo,NoInfo,0,NA,NA,NA,NA,NA,NA,NA,NA,NA,NA,NA,NA,NA,NA,NA,NA,NA,NA,NA,NA,NA,NA,NA,NA
1197,Salvia potentillifolia,Lamiaceae,Salvia,potentillifolia,Lamiids,perennial,Biotic,dry_dehiscent,1883.275749,NoInfo,1,0,0,0,NoInfo,NoInfo,NoInfo,NoInfo,NoInfo,NoInfo,NoInfo,NoInfo,NoInfo,NoInfo,0,NA,NA,NA,NA,NA,NA,NA,NA,NA,NA,NA,NA,NA,NA,NA,NA,NA,NA,NA,NA,NA,NA,NA,NA
1198,Salvia rosmarinus,Lamiaceae,Salvia,rosmarinus,Lamiids,perennial,Biotic,dry_indehiscent,0.779890039,NoInfo,6,0,0,1,1,1,0,0,1,1,1,1,0,0,1,0,NA,NA,NA,NA,NA,NA,NA,NA,NA,NA,NA,NA,NA,NA,NA,NA,NA,NA,NA,NA,0,NA,0
1199,Salvia viridis,Lamiaceae,Salvia,viridis,Lamiids,annual,Biotic,dry_dehiscent,2.57,NoInfo,1,0,0,1,0,1,0,0,0,0,0,1,0,0,1,0,NA,NA,NA,NA,NA,NA,NA,NA,NA,NA,NA,NA,NA,NA,NA,NA,NA,NA,NA,NA,0,NA,0
1200,Samolus valerandi,Primulaceae,Samolus,valerandi,Asterids,perennial,Biotic,dry_dehiscent,0.026126948,PD,1,0,0,1,0,1,0,1,1,0,1,1,0,0,0,NA,NA,NA,NA,NA,NA,NA,NA,NA,NA,NA,NA,NA,NA,NA,NA,NA,NA,NA,NA,NA,NA,NA,NA
1201,Sanguisorba minor,Rosaceae,Sanguisorba,minor,Fabids,perennial,Biotic,dry_indehiscent,5.779576659,PD,12,0,1,1,0,1,0,0,0,0,0,1,0,0,1,1,-0.005461245,0.216796231,-0.745770373,19.84860816,1.405781345,0.803099698,26.43468455,13.26253177,48.07203799,-8.374821664,56.44685965,13.17215278,NA,NA,NA,NA,NA,NA,NA,9,1,1,1
1202,Sanicula europaea,Apiaceae,Sanicula,europaea,Campanulids,perennial,Biotic,dry_indehiscent,2.992590972,M(P)D,1,0,0,1,0,0,0,0,0,0,0,1,0,0,0,NA,NA,NA,NA,NA,NA,NA,NA,NA,NA,NA,NA,NA,NA,NA,NA,NA,NA,NA,NA,NA,NA,NA,NA
1203,Santolina chamaecyparissus,Asteraceae,Santolina,chamaecyparissus,Campanulids,perennial,Biotic,dry_indehiscent,0.285421053,NoInfo,2,0,0,1,0,1,0,0,0,0,0,1,0,0,1,0,NA,NA,NA,NA,NA,NA,NA,NA,NA,NA,NA,NA,NA,NA,NA,NA,NA,NA,NA,NA,0,NA,0
1204,Santolina etrusca,Asteraceae,Santolina,etrusca,Campanulids,perennial,Biotic,dry_indehiscent,0.296444211,NoInfo,1,0,0,0,NoInfo,NoInfo,NoInfo,NoInfo,NoInfo,NoInfo,NoInfo,NoInfo,NoInfo,NoInfo,0,NA,NA,NA,NA,NA,NA,NA,NA,NA,NA,NA,NA,NA,NA,NA,NA,NA,NA,NA,NA,NA,NA,NA,NA
1205,Sapium contortum,Euphorbiaceae,Sapium,contortum,Fabids,woody,Biotic,fleshy,40.19010384,NoInfo,1,0,0,0,NoInfo,NoInfo,NoInfo,NoInfo,NoInfo,NoInfo,NoInfo,NoInfo,NoInfo,NoInfo,0,NA,NA,NA,NA,NA,NA,NA,NA,NA,NA,NA,NA,NA,NA,NA,NA,NA,NA,NA,NA,NA,NA,NA,NA
1206,Saponaria caespitosa,Caryophyllaceae,Saponaria,caespitosa,Caryophyllales,perennial,Biotic,dry_dehiscent,1.433000867,NoInfo,2,0,1,0,NoInfo,NoInfo,NoInfo,NoInfo,NoInfo,NoInfo,NoInfo,NoInfo,NoInfo,NoInfo,0,NA,NA,NA,NA,NA,NA,NA,NA,NA,NA,NA,NA,NA,NA,NA,NA,NA,NA,NA,NA,NA,NA,NA,NA
1207,Saponaria kotschyi,Caryophyllaceae,Saponaria,kotschyi,Caryophyllales,perennial,Biotic,dry_dehiscent,1.433000867,NoInfo,1,0,0,0,NoInfo,NoInfo,NoInfo,NoInfo,NoInfo,NoInfo,NoInfo,NoInfo,NoInfo,NoInfo,0,NA,NA,NA,NA,NA,NA,NA,NA,NA,NA,NA,NA,NA,NA,NA,NA,NA,NA,NA,NA,NA,NA,NA,NA
1208,Sarcopoterium spinosum,Rosaceae,Sarcopoterium,spinosum,Fabids,perennial,Biotic,fleshy,6.7873375,PD,1,0,0,1,1,0,0,0,0,0,1,1,0,0,1,1,-0.013881976,0.474635246,-4.557214893,17.09537721,-0.500180608,0.377498226,19.51337228,14.67738215,30.36467391,3.826080519,26.53859339,4.835990127,1.382436351,1.201437863,4.003630925,4.046619168,0.651592804,2.238498085,7.944185409,7,1,1,1
1209,Satureja montana,Lamiaceae,Satureja,montana,Lamiids,perennial,Biotic,dry_dehiscent,0.4,PD,2,0,1,1,0,1,0,0,1,0,1,1,0,0,0,NA,NA,NA,NA,NA,NA,NA,NA,NA,NA,NA,NA,NA,NA,NA,NA,NA,NA,NA,NA,NA,NA,NA,NA
1210,Satureja spinosa,Lamiaceae,Satureja,spinosa,Lamiids,perennial,Biotic,dry_dehiscent,0.413320988,PD,1,0,0,0,NoInfo,NoInfo,NoInfo,NoInfo,NoInfo,NoInfo,NoInfo,NoInfo,NoInfo,NoInfo,1,0,NA,NA,NA,NA,NA,NA,NA,NA,NA,NA,NA,NA,NA,NA,NA,NA,NA,NA,NA,NA,0,NA,0
1211,Satureja thymbra,Lamiaceae,Satureja,thymbra,Lamiids,perennial,Biotic,dry_dehiscent,0.7,PD,1,0,0,1,0,0,0,0,1,0,1,1,0,0,1,0,NA,NA,NA,NA,NA,NA,NA,NA,NA,NA,NA,NA,NA,NA,NA,NA,NA,NA,NA,NA,0,NA,0
1212,Saxifraga conifera,Saxifragaceae,Saxifraga,conifera,Rosids,perennial,Biotic,dry_dehiscent,0.076439437,NoInfo,1,0,0,0,NoInfo,NoInfo,NoInfo,NoInfo,NoInfo,NoInfo,NoInfo,NoInfo,NoInfo,NoInfo,0,NA,NA,NA,NA,NA,NA,NA,NA,NA,NA,NA,NA,NA,NA,NA,NA,NA,NA,NA,NA,NA,NA,NA,NA
1213,Saxifraga maderensis,Saxifragaceae,Saxifraga,maderensis,Rosids,perennial,Biotic,dry_dehiscent,0.076439437,NoInfo,1,0,0,0,NoInfo,NoInfo,NoInfo,NoInfo,NoInfo,NoInfo,NoInfo,NoInfo,NoInfo,NoInfo,0,NA,NA,NA,NA,NA,NA,NA,NA,NA,NA,NA,NA,NA,NA,NA,NA,NA,NA,NA,NA,NA,NA,NA,NA
1214,Saxifraga pedemontana,Saxifragaceae,Saxifraga,pedemontana,Rosids,perennial,Biotic,dry_dehiscent,0.046,NoInfo,1,0,0,0,NoInfo,NoInfo,NoInfo,NoInfo,NoInfo,NoInfo,NoInfo,NoInfo,NoInfo,NoInfo,0,NA,NA,NA,NA,NA,NA,NA,NA,NA,NA,NA,NA,NA,NA,NA,NA,NA,NA,NA,NA,NA,NA,NA,NA
1215,Scabiosa cinerea,Caprifoliaceae,Scabiosa,cinerea,Campanulids,perennial,Biotic,fleshy,2.263886696,PD,1,0,0,0,NoInfo,NoInfo,NoInfo,NoInfo,NoInfo,NoInfo,NoInfo,NoInfo,NoInfo,NoInfo,0,NA,NA,NA,NA,NA,NA,NA,NA,NA,NA,NA,NA,NA,NA,NA,NA,NA,NA,NA,NA,NA,NA,NA,NA
1216,Scabiosa columbaria,Caprifoliaceae,Scabiosa,columbaria,Campanulids,perennial,Biotic,dry_indehiscent,1.768354978,PD,2,0,1,1,1,1,0,1,1,1,1,1,0,0,0,NA,NA,NA,NA,NA,NA,NA,NA,NA,NA,NA,NA,NA,NA,NA,NA,NA,NA,NA,NA,NA,NA,NA,NA
1217,Scabiosa taygetea,Caprifoliaceae,Scabiosa,taygetea,Campanulids,perennial,Biotic,fleshy,2.263886696,PD,1,0,0,0,NoInfo,NoInfo,NoInfo,NoInfo,NoInfo,NoInfo,NoInfo,NoInfo,NoInfo,NoInfo,0,NA,NA,NA,NA,NA,NA,NA,NA,NA,NA,NA,NA,NA,NA,NA,NA,NA,NA,NA,NA,NA,NA,NA,NA
1218,Scaevola tortuosa,Goodeniaceae,Scaevola,tortuosa,Campanulids,perennial,NoInfo,dry_indehiscent,18.84874773,NoInfo,1,0,0,0,NoInfo,NoInfo,NoInfo,NoInfo,NoInfo,NoInfo,NoInfo,NoInfo,NoInfo,NoInfo,0,NA,NA,NA,NA,NA,NA,NA,NA,NA,NA,NA,NA,NA,NA,NA,NA,NA,NA,NA,NA,NA,NA,NA,NA
1219,Scaligeria napiformis,Apiaceae,Scaligeria,napiformis,Campanulids,perennial,Biotic,dry_indehiscent,0.961,NoInfo,1,0,0,0,NoInfo,NoInfo,NoInfo,NoInfo,NoInfo,NoInfo,NoInfo,NoInfo,NoInfo,NoInfo,0,NA,NA,NA,NA,NA,NA,NA,NA,NA,NA,NA,NA,NA,NA,NA,NA,NA,NA,NA,NA,NA,NA,NA,NA
1220,Scandix pecten-veneris,Apiaceae,Scandix,pecten-veneris,Campanulids,annual,Biotic,dry_indehiscent,16.33948571,NoInfo,1,0,0,1,0,0,0,0,0,0,0,1,0,0,1,1,0.013594767,-0.295503432,1.715497577,10.8682786,0.109690763,0.527395228,NA,NA,NA,NA,NA,NA,NA,NA,NA,NA,2.281514944,NA,NA,6,0,1,0
1221,Schoenus nigricans,Cyperaceae,Schoenus,nigricans,Commelinid-monocots,perennial,Abiotic,dry_indehiscent,65.1591619,PD,3,0,0,1,0,0,0,0,0,0,1,0,0,0,1,1,-0.014399797,0.60230405,-6.487662997,20.9136293,-0.189481189,0.452770924,23.43893425,18.38832434,34.74544787,7.081810727,27.66363714,5.050609911,NA,NA,NA,NA,NA,NA,NA,3,1,1,1
1222,Scilla litardierei,Asparagaceae,Scilla,litardierei,Monocots,perennial,Biotic,fleshy,7.394285185,NoInfo,1,0,0,0,NoInfo,NoInfo,NoInfo,NoInfo,NoInfo,NoInfo,NoInfo,NoInfo,NoInfo,NoInfo,0,NA,NA,NA,NA,NA,NA,NA,NA,NA,NA,NA,NA,NA,NA,NA,NA,NA,NA,NA,NA,NA,NA,NA,NA
1223,Scilla nana,Asparagaceae,Scilla,nana,Monocots,perennial,Biotic,fleshy,7.394285185,NoInfo,1,0,0,0,NoInfo,NoInfo,NoInfo,NoInfo,NoInfo,NoInfo,NoInfo,NoInfo,NoInfo,NoInfo,0,NA,NA,NA,NA,NA,NA,NA,NA,NA,NA,NA,NA,NA,NA,NA,NA,NA,NA,NA,NA,NA,NA,NA,NA
1224,Scirpoides holoschoenus,Cyperaceae,Scirpoides,holoschoenus,Commelinid-monocots,perennial,Abiotic,dry_indehiscent,800.41122,NoInfo,5,0,0,1,0,1,0,0,0,0,1,0,0,0,1,0,NA,NA,NA,NA,NA,NA,NA,NA,NA,NA,NA,NA,NA,NA,NA,NA,NA,NA,NA,NA,0,NA,0
1225,Scleranthus annuus,Caryophyllaceae,Scleranthus,annuus,Caryophyllales,perennial,Biotic,dry_indehiscent,0.943722917,NoInfo,3,0,0,1,0,0,0,0,0,0,0,1,0,0,0,NA,NA,NA,NA,NA,NA,NA,NA,NA,NA,NA,NA,NA,NA,NA,NA,NA,NA,NA,NA,NA,NA,NA,NA
1226,Scleranthus perennis,Caryophyllaceae,Scleranthus,perennis,Caryophyllales,perennial,Biotic,dry_indehiscent,1.351155556,NoInfo,1,0,1,0,NoInfo,NoInfo,NoInfo,NoInfo,NoInfo,NoInfo,NoInfo,NoInfo,NoInfo,NoInfo,0,NA,NA,NA,NA,NA,NA,NA,NA,NA,NA,NA,NA,NA,NA,NA,NA,NA,NA,NA,NA,NA,NA,NA,NA
1227,Scolochloa festucacea,Poaceae,Scolochloa,festucacea,Commelinid-monocots,perennial,Abiotic,dry_indehiscent,2.102390626,PD,2,0,0,1,0,0,0,0,0,0,0,1,0,0,0,NA,NA,NA,NA,NA,NA,NA,NA,NA,NA,NA,NA,NA,NA,NA,NA,NA,NA,NA,NA,NA,NA,NA,NA
1228,Scolymus grandiflorus,Asteraceae,Scolymus,grandiflorus,Campanulids,perennial,Biotic,dry_indehiscent,2.805608333,NoInfo,1,0,0,1,0,0,0,0,1,0,0,0,0,0,0,NA,NA,NA,NA,NA,NA,NA,NA,NA,NA,NA,NA,NA,NA,NA,NA,NA,NA,NA,NA,NA,NA,NA,NA
1229,Scorpiurus muricatus,Fabaceae,Scorpiurus,muricatus,Fabids,annual,Biotic,dry_dehiscent,11.20124,PY(PD),2,0,0,1,1,1,0,0,0,0,0,0,0,0,1,1,-0.006760429,0.263815033,-1.64165268,19.51170929,0.93208844,0.717498792,24.53875412,14.48466445,43.45778305,-4.434364484,47.89214754,10.05408968,2.67735686,2.9621069,9.122649413,9.058743285,0.851562064,5.383679253,18.1015605,11,1,1,1
1230,Scorzonera lacera,Asteraceae,Scorzonera,lacera,Campanulids,perennial,Biotic,dry_indehiscent,3.373202681,NoInfo,1,0,0,0,NoInfo,NoInfo,NoInfo,NoInfo,NoInfo,NoInfo,NoInfo,NoInfo,NoInfo,NoInfo,0,NA,NA,NA,NA,NA,NA,NA,NA,NA,NA,NA,NA,NA,NA,NA,NA,NA,NA,NA,NA,NA,NA,NA,NA
1231,Scorzonera rosea,Asteraceae,Scorzonera,rosea,Campanulids,perennial,Biotic,dry_indehiscent,3.373202681,NoInfo,1,0,0,0,NoInfo,NoInfo,NoInfo,NoInfo,NoInfo,NoInfo,NoInfo,NoInfo,NoInfo,NoInfo,0,NA,NA,NA,NA,NA,NA,NA,NA,NA,NA,NA,NA,NA,NA,NA,NA,NA,NA,NA,NA,NA,NA,NA,NA
1232,Scorzoneroides carpetana,Asteraceae,Scorzoneroides,carpetana,Campanulids,perennial,Biotic,dry_indehiscent,0.765658396,NoInfo,1,0,0,0,NoInfo,NoInfo,NoInfo,NoInfo,NoInfo,NoInfo,NoInfo,NoInfo,NoInfo,NoInfo,0,NA,NA,NA,NA,NA,NA,NA,NA,NA,NA,NA,NA,NA,NA,NA,NA,NA,NA,NA,NA,NA,NA,NA,NA
1233,Scorzoneroides crocea,Asteraceae,Scorzoneroides,crocea,Campanulids,perennial,Biotic,dry_indehiscent,0.8136,NoInfo,1,0,0,0,NoInfo,NoInfo,NoInfo,NoInfo,NoInfo,NoInfo,NoInfo,NoInfo,NoInfo,NoInfo,0,NA,NA,NA,NA,NA,NA,NA,NA,NA,NA,NA,NA,NA,NA,NA,NA,NA,NA,NA,NA,NA,NA,NA,NA
1234,Scorzoneroides microcephala,Asteraceae,Scorzoneroides,microcephala,Campanulids,perennial,Biotic,dry_indehiscent,0.765658396,NoInfo,2,1,1,0,NoInfo,NoInfo,NoInfo,NoInfo,NoInfo,NoInfo,NoInfo,NoInfo,NoInfo,NoInfo,0,NA,NA,NA,NA,NA,NA,NA,NA,NA,NA,NA,NA,NA,NA,NA,NA,NA,NA,NA,NA,NA,NA,NA,NA
1235,Scorzoneroides pyrenaica,Asteraceae,Scorzoneroides,pyrenaica,Campanulids,perennial,Biotic,dry_indehiscent,0.765658396,NoInfo,1,0,1,0,NoInfo,NoInfo,NoInfo,NoInfo,NoInfo,NoInfo,NoInfo,NoInfo,NoInfo,NoInfo,1,1,-0.012896173,0.651950935,-4.747132584,25.27691505,3.492521621,0.970474236,34.18504514,16.36878495,47.61829535,2.935534747,44.6827606,17.81626019,NA,NA,NA,NA,NA,NA,NA,4,1,0,0
1236,Scrophularia aestivalis,Scrophulariaceae,Scrophularia,aestivalis,Lamiids,perennial,Biotic,dry_dehiscent,0.0568,NoInfo,1,0,0,0,NoInfo,NoInfo,NoInfo,NoInfo,NoInfo,NoInfo,NoInfo,NoInfo,NoInfo,NoInfo,0,NA,NA,NA,NA,NA,NA,NA,NA,NA,NA,NA,NA,NA,NA,NA,NA,NA,NA,NA,NA,NA,NA,NA,NA
1237,Scrophularia scorodonia,Scrophulariaceae,Scrophularia,scorodonia,Lamiids,perennial,Biotic,dry_dehiscent,0.1303,NoInfo,1,0,0,0,NoInfo,NoInfo,NoInfo,NoInfo,NoInfo,NoInfo,NoInfo,NoInfo,NoInfo,NoInfo,0,NA,NA,NA,NA,NA,NA,NA,NA,NA,NA,NA,NA,NA,NA,NA,NA,NA,NA,NA,NA,NA,NA,NA,NA
1238,Scrophularia xanthoglossa,Scrophulariaceae,Scrophularia,xanthoglossa,Lamiids,perennial,Biotic,dry_dehiscent,0.3,NoInfo,1,0,0,0,NoInfo,NoInfo,NoInfo,NoInfo,NoInfo,NoInfo,NoInfo,NoInfo,NoInfo,NoInfo,0,NA,NA,NA,NA,NA,NA,NA,NA,NA,NA,NA,NA,NA,NA,NA,NA,NA,NA,NA,NA,NA,NA,NA,NA
1239,Scutellaria brevibracteata,Lamiaceae,Scutellaria,brevibracteata,Lamiids,perennial,Biotic,dry_dehiscent,1.976666667,NoInfo,1,0,0,0,NoInfo,NoInfo,NoInfo,NoInfo,NoInfo,NoInfo,NoInfo,NoInfo,NoInfo,NoInfo,0,NA,NA,NA,NA,NA,NA,NA,NA,NA,NA,NA,NA,NA,NA,NA,NA,NA,NA,NA,NA,NA,NA,NA,NA
1240,Scutellaria rupestris,Lamiaceae,Scutellaria,rupestris,Lamiids,perennial,Biotic,dry_dehiscent,0.840727379,NoInfo,1,0,0,0,NoInfo,NoInfo,NoInfo,NoInfo,NoInfo,NoInfo,NoInfo,NoInfo,NoInfo,NoInfo,0,NA,NA,NA,NA,NA,NA,NA,NA,NA,NA,NA,NA,NA,NA,NA,NA,NA,NA,NA,NA,NA,NA,NA,NA
1241,Sedum acre,Crassulaceae,Sedum,acre,Rosids,perennial,Biotic,dry_dehiscent,0.039375,PD,1,0,1,1,0,1,0,0,0,0,0,1,1,0,0,NA,NA,NA,NA,NA,NA,NA,NA,NA,NA,NA,NA,NA,NA,NA,NA,NA,NA,NA,NA,NA,NA,NA,NA
1242,Sedum album,Crassulaceae,Sedum,album,Rosids,perennial,Biotic,dry_dehiscent,0.031428571,PD,3,0,1,1,0,1,0,0,0,0,0,1,0,0,0,NA,NA,NA,NA,NA,NA,NA,NA,NA,NA,NA,NA,NA,NA,NA,NA,NA,NA,NA,NA,NA,NA,NA,NA
1243,Sedum annuum,Crassulaceae,Sedum,annuum,Rosids,annual,Biotic,dry_dehiscent,0.034061538,PD,2,0,0,0,NoInfo,NoInfo,NoInfo,NoInfo,NoInfo,NoInfo,NoInfo,NoInfo,NoInfo,NoInfo,0,NA,NA,NA,NA,NA,NA,NA,NA,NA,NA,NA,NA,NA,NA,NA,NA,NA,NA,NA,NA,NA,NA,NA,NA
1244,Sedum arenarium,Crassulaceae,Sedum,arenarium,Rosids,annual,Biotic,dry_dehiscent,0.059747023,PD,1,0,0,0,NoInfo,NoInfo,NoInfo,NoInfo,NoInfo,NoInfo,NoInfo,NoInfo,NoInfo,NoInfo,0,NA,NA,NA,NA,NA,NA,NA,NA,NA,NA,NA,NA,NA,NA,NA,NA,NA,NA,NA,NA,NA,NA,NA,NA
1245,Sedum brevifolium,Crassulaceae,Sedum,brevifolium,Rosids,perennial,Biotic,dry_dehiscent,0.059747023,PD,3,0,1,0,NoInfo,NoInfo,NoInfo,NoInfo,NoInfo,NoInfo,NoInfo,NoInfo,NoInfo,NoInfo,0,NA,NA,NA,NA,NA,NA,NA,NA,NA,NA,NA,NA,NA,NA,NA,NA,NA,NA,NA,NA,NA,NA,NA,NA
1246,Sedum candolleanum,Crassulaceae,Sedum,candolleanum,Rosids,annual,Biotic,dry_dehiscent,0.059747023,PD,1,0,0,0,NoInfo,NoInfo,NoInfo,NoInfo,NoInfo,NoInfo,NoInfo,NoInfo,NoInfo,NoInfo,0,NA,NA,NA,NA,NA,NA,NA,NA,NA,NA,NA,NA,NA,NA,NA,NA,NA,NA,NA,NA,NA,NA,NA,NA
1247,Sedum cepaea,Crassulaceae,Sedum,cepaea,Rosids,annual,Biotic,dry_dehiscent,0.037,PD,1,0,0,0,NoInfo,NoInfo,NoInfo,NoInfo,NoInfo,NoInfo,NoInfo,NoInfo,NoInfo,NoInfo,0,NA,NA,NA,NA,NA,NA,NA,NA,NA,NA,NA,NA,NA,NA,NA,NA,NA,NA,NA,NA,NA,NA,NA,NA
1248,Sedum crassularia,Crassulaceae,Sedum,crassularia,Rosids,annual,Biotic,dry_dehiscent,0.062333333,PD,5,0,0,0,NoInfo,NoInfo,NoInfo,NoInfo,NoInfo,NoInfo,NoInfo,NoInfo,NoInfo,NoInfo,0,NA,NA,NA,NA,NA,NA,NA,NA,NA,NA,NA,NA,NA,NA,NA,NA,NA,NA,NA,NA,NA,NA,NA,NA
1249,Sedum cyprium,Crassulaceae,Sedum,cyprium,Rosids,perennial,Biotic,dry_dehiscent,0.0313,PD,1,0,0,0,NoInfo,NoInfo,NoInfo,NoInfo,NoInfo,NoInfo,NoInfo,NoInfo,NoInfo,NoInfo,1,0,NA,NA,NA,NA,NA,NA,NA,NA,NA,NA,NA,NA,NA,NA,NA,NA,NA,NA,NA,NA,0,NA,0
1250,Sedum farinosum,Crassulaceae,Sedum,farinosum,Rosids,perennial,Biotic,dry_dehiscent,0.059747023,PD,1,0,0,0,NoInfo,NoInfo,NoInfo,NoInfo,NoInfo,NoInfo,NoInfo,NoInfo,NoInfo,NoInfo,0,NA,NA,NA,NA,NA,NA,NA,NA,NA,NA,NA,NA,NA,NA,NA,NA,NA,NA,NA,NA,NA,NA,NA,NA
1251,Sedum monregalense,Crassulaceae,Sedum,monregalense,Rosids,perennial,Biotic,dry_dehiscent,0.04035,PD,1,0,0,0,NoInfo,NoInfo,NoInfo,NoInfo,NoInfo,NoInfo,NoInfo,NoInfo,NoInfo,NoInfo,1,0,NA,NA,NA,NA,NA,NA,NA,NA,NA,NA,NA,NA,NA,NA,NA,NA,NA,NA,NA,NA,0,NA,0
1252,Sedum sexangulare,Crassulaceae,Sedum,sexangulare,Rosids,perennial,Biotic,dry_dehiscent,0.028618182,PD,1,0,1,0,NoInfo,NoInfo,NoInfo,NoInfo,NoInfo,NoInfo,NoInfo,NoInfo,NoInfo,NoInfo,0,NA,NA,NA,NA,NA,NA,NA,NA,NA,NA,NA,NA,NA,NA,NA,NA,NA,NA,NA,NA,NA,NA,NA,NA
1253,Sempervivum vicentei,Crassulaceae,Sempervivum,vicentei,Rosids,perennial,Biotic,dry_dehiscent,0.048211429,NoInfo,1,0,0,0,NoInfo,NoInfo,NoInfo,NoInfo,NoInfo,NoInfo,NoInfo,NoInfo,NoInfo,NoInfo,1,1,0.028268242,-0.706255735,-0.360344753,12.49203486,-4.771630387,0.008395484,NA,NA,4.452283463,20.53178626,-16.0795028,NA,21.0499079,1.296502356,NA,NA,10.30352919,21.5617306,NA,3,0,1,0
1254,Senecio doria,Asteraceae,Senecio,doria,Campanulids,perennial,Biotic,dry_indehiscent,0.9766,ND,1,0,0,0,NoInfo,NoInfo,NoInfo,NoInfo,NoInfo,NoInfo,NoInfo,NoInfo,NoInfo,NoInfo,0,NA,NA,NA,NA,NA,NA,NA,NA,NA,NA,NA,NA,NA,NA,NA,NA,NA,NA,NA,NA,NA,NA,NA,NA
1255,Senecio doriiformis,Asteraceae,Senecio,doriiformis,Campanulids,perennial,Biotic,dry_indehiscent,3.101333333,ND,1,0,0,0,NoInfo,NoInfo,NoInfo,NoInfo,NoInfo,NoInfo,NoInfo,NoInfo,NoInfo,NoInfo,0,NA,NA,NA,NA,NA,NA,NA,NA,NA,NA,NA,NA,NA,NA,NA,NA,NA,NA,NA,NA,NA,NA,NA,NA
1256,Senecio leucanthemifolius,Asteraceae,Senecio,leucanthemifolius,Campanulids,annual,Biotic,dry_indehiscent,0.211333333,ND,1,0,0,0,NoInfo,NoInfo,NoInfo,NoInfo,NoInfo,NoInfo,NoInfo,NoInfo,NoInfo,NoInfo,0,NA,NA,NA,NA,NA,NA,NA,NA,NA,NA,NA,NA,NA,NA,NA,NA,NA,NA,NA,NA,NA,NA,NA,NA
1257,Senecio sylvaticus,Asteraceae,Senecio,sylvaticus,Campanulids,annual,Biotic,dry_indehiscent,0.254566667,ND,1,0,0,0,NoInfo,NoInfo,NoInfo,NoInfo,NoInfo,NoInfo,NoInfo,NoInfo,NoInfo,NoInfo,0,NA,NA,NA,NA,NA,NA,NA,NA,NA,NA,NA,NA,NA,NA,NA,NA,NA,NA,NA,NA,NA,NA,NA,NA
1258,Senecio thapsoides,Asteraceae,Senecio,thapsoides,Campanulids,perennial,Biotic,dry_indehiscent,0.970504147,ND,1,0,0,0,NoInfo,NoInfo,NoInfo,NoInfo,NoInfo,NoInfo,NoInfo,NoInfo,NoInfo,NoInfo,0,NA,NA,NA,NA,NA,NA,NA,NA,NA,NA,NA,NA,NA,NA,NA,NA,NA,NA,NA,NA,NA,NA,NA,NA
1259,Senecio transiens,Asteraceae,Senecio,transiens,Campanulids,annual,Biotic,dry_indehiscent,0.970504147,ND,1,0,0,0,NoInfo,NoInfo,NoInfo,NoInfo,NoInfo,NoInfo,NoInfo,NoInfo,NoInfo,NoInfo,0,NA,NA,NA,NA,NA,NA,NA,NA,NA,NA,NA,NA,NA,NA,NA,NA,NA,NA,NA,NA,NA,NA,NA,NA
1260,Senecio vulgaris,Asteraceae,Senecio,vulgaris,Campanulids,annual,Biotic,dry_indehiscent,0.206007783,PD,2,0,0,1,0,0,0,0,0,0,0,1,1,0,0,NA,NA,NA,NA,NA,NA,NA,NA,NA,NA,NA,NA,NA,NA,NA,NA,NA,NA,NA,NA,NA,NA,NA,NA
1261,Sesamoides minor,Resedaceae,Sesamoides,minor,Malvids,perennial,NoInfo,fleshy,0.356721871,NoInfo,1,0,0,0,NoInfo,NoInfo,NoInfo,NoInfo,NoInfo,NoInfo,NoInfo,NoInfo,NoInfo,NoInfo,0,NA,NA,NA,NA,NA,NA,NA,NA,NA,NA,NA,NA,NA,NA,NA,NA,NA,NA,NA,NA,NA,NA,NA,NA
1262,Seseli longifolium,Apiaceae,Seseli,longifolium,Campanulids,perennial,Biotic,dry_indehiscent,1.2324,NoInfo,1,0,0,0,NoInfo,NoInfo,NoInfo,NoInfo,NoInfo,NoInfo,NoInfo,NoInfo,NoInfo,NoInfo,0,NA,NA,NA,NA,NA,NA,NA,NA,NA,NA,NA,NA,NA,NA,NA,NA,NA,NA,NA,NA,NA,NA,NA,NA
1263,Seseli montanum,Apiaceae,Seseli,montanum,Campanulids,perennial,Biotic,dry_indehiscent,5.62535,NoInfo,2,0,1,0,NoInfo,NoInfo,NoInfo,NoInfo,NoInfo,NoInfo,NoInfo,NoInfo,NoInfo,NoInfo,0,NA,NA,NA,NA,NA,NA,NA,NA,NA,NA,NA,NA,NA,NA,NA,NA,NA,NA,NA,NA,NA,NA,NA,NA
1264,Sesleria caerulea,Poaceae,Sesleria,caerulea,Commelinid-monocots,perennial,Abiotic,dry_indehiscent,1.503114286,NoInfo,2,0,1,0,NoInfo,NoInfo,NoInfo,NoInfo,NoInfo,NoInfo,NoInfo,NoInfo,NoInfo,NoInfo,1,1,-0.011252725,0.361710067,-1.728020345,16.07211049,1.178701734,0.764714292,20.30766169,11.83655929,35.21401885,-3.069797874,38.28381673,8.471102394,10.20367249,4.354900777,5.954411227,4.973710464,4.176710113,13.28083419,7.113788598,6,1,1,1
1265,Sesleria comosa,Poaceae,Sesleria,comosa,Commelinid-monocots,perennial,Abiotic,dry_indehiscent,2.0686,NoInfo,1,0,0,0,NoInfo,NoInfo,NoInfo,NoInfo,NoInfo,NoInfo,NoInfo,NoInfo,NoInfo,NoInfo,0,NA,NA,NA,NA,NA,NA,NA,NA,NA,NA,NA,NA,NA,NA,NA,NA,NA,NA,NA,NA,NA,NA,NA,NA
1266,Sesleria juncifolia,Poaceae,Sesleria,juncifolia,Commelinid-monocots,perennial,Abiotic,dry_indehiscent,2.091929156,NoInfo,2,0,0,0,NoInfo,NoInfo,NoInfo,NoInfo,NoInfo,NoInfo,NoInfo,NoInfo,NoInfo,NoInfo,0,NA,NA,NA,NA,NA,NA,NA,NA,NA,NA,NA,NA,NA,NA,NA,NA,NA,NA,NA,NA,NA,NA,NA,NA
1267,Sesleria robusta,Poaceae,Sesleria,robusta,Commelinid-monocots,perennial,Abiotic,dry_indehiscent,2.091929156,NoInfo,1,0,0,0,NoInfo,NoInfo,NoInfo,NoInfo,NoInfo,NoInfo,NoInfo,NoInfo,NoInfo,NoInfo,0,NA,NA,NA,NA,NA,NA,NA,NA,NA,NA,NA,NA,NA,NA,NA,NA,NA,NA,NA,NA,NA,NA,NA,NA
1268,Sesleria vaginalis,Poaceae,Sesleria,vaginalis,Commelinid-monocots,perennial,Abiotic,dry_indehiscent,2.091929156,NoInfo,1,0,0,0,NoInfo,NoInfo,NoInfo,NoInfo,NoInfo,NoInfo,NoInfo,NoInfo,NoInfo,NoInfo,0,NA,NA,NA,NA,NA,NA,NA,NA,NA,NA,NA,NA,NA,NA,NA,NA,NA,NA,NA,NA,NA,NA,NA,NA
1269,Sherardia arvensis,Rubiaceae,Sherardia,arvensis,Lamiids,annual,Biotic,dry_indehiscent,1.662566429,PD,6,0,0,0,NoInfo,NoInfo,NoInfo,NoInfo,NoInfo,NoInfo,NoInfo,NoInfo,NoInfo,NoInfo,0,NA,NA,NA,NA,NA,NA,NA,NA,NA,NA,NA,NA,NA,NA,NA,NA,NA,NA,NA,NA,NA,NA,NA,NA
1270,Sideritis clandestina,Lamiaceae,Sideritis,clandestina,Lamiids,perennial,Biotic,dry_dehiscent,1.359371205,NoInfo,1,0,0,1,0,0,0,0,1,0,0,0,0,0,0,NA,NA,NA,NA,NA,NA,NA,NA,NA,NA,NA,NA,NA,NA,NA,NA,NA,NA,NA,NA,NA,NA,NA,NA
1271,Sideritis hyssopifolia,Lamiaceae,Sideritis,hyssopifolia,Lamiids,perennial,Biotic,dry_dehiscent,1.130933333,NoInfo,1,0,1,1,0,0,0,0,0,0,0,1,0,0,0,NA,NA,NA,NA,NA,NA,NA,NA,NA,NA,NA,NA,NA,NA,NA,NA,NA,NA,NA,NA,NA,NA,NA,NA
1272,Sideritis pungens,Lamiaceae,Sideritis,pungens,Lamiids,perennial,Biotic,dry_dehiscent,1,NoInfo,1,1,1,0,NoInfo,NoInfo,NoInfo,NoInfo,NoInfo,NoInfo,NoInfo,NoInfo,NoInfo,NoInfo,0,NA,NA,NA,NA,NA,NA,NA,NA,NA,NA,NA,NA,NA,NA,NA,NA,NA,NA,NA,NA,NA,NA,NA,NA
1273,Silene aegyptiaca,Caryophyllaceae,Silene,aegyptiaca,Caryophyllales,annual,Biotic,dry_dehiscent,0.71,PD,1,0,0,1,0,0,0,0,0,0,0,1,0,0,0,NA,NA,NA,NA,NA,NA,NA,NA,NA,NA,NA,NA,NA,NA,NA,NA,NA,NA,NA,NA,NA,NA,NA,NA
1274,Silene caramanica,Caryophyllaceae,Silene,caramanica,Caryophyllales,perennial,Biotic,dry_dehiscent,0.679021531,PD,1,0,0,0,NoInfo,NoInfo,NoInfo,NoInfo,NoInfo,NoInfo,NoInfo,NoInfo,NoInfo,NoInfo,0,NA,NA,NA,NA,NA,NA,NA,NA,NA,NA,NA,NA,NA,NA,NA,NA,NA,NA,NA,NA,NA,NA,NA,NA
1275,Silene ciliata,Caryophyllaceae,Silene,ciliata,Caryophyllales,perennial,Biotic,dry_dehiscent,0.42,PD,1,0,1,0,NoInfo,NoInfo,NoInfo,NoInfo,NoInfo,NoInfo,NoInfo,NoInfo,NoInfo,NoInfo,1,1,-0.005197944,0.212593015,-2.862558514,20.44972309,-0.688824371,0.334294649,24.27578924,16.62365695,41.2810372,-0.381591014,41.66262822,7.652132286,9.250050032,3.397903446,10.72638601,9.731913159,3.614376694,11.91484248,19.16444901,7,1,1,1
1276,Silene colorata,Caryophyllaceae,Silene,colorata,Caryophyllales,annual,Biotic,dry_dehiscent,0.456267143,PD,1,0,0,0,NoInfo,NoInfo,NoInfo,NoInfo,NoInfo,NoInfo,NoInfo,NoInfo,NoInfo,NoInfo,1,1,-0.008361671,0.332007335,-2.485777547,19.85293042,0.809881711,0.692084297,24.19706139,15.50879946,41.04235448,-1.336493633,42.37884812,8.688261936,7.795056382,5.437721387,7.920345166,7.834155019,2.706905007,12.30260529,14.79534947,7,1,1,1
1277,Silene flos-cuculi,Caryophyllaceae,Silene,flos-cuculi,Caryophyllales,perennial,Biotic,dry_dehiscent,0.1907,PD,1,0,1,1,0,1,0,0,0,0,0,1,0,0,1,1,-0.023876866,0.971177572,-7.327689924,20.33720751,2.547829984,0.927427596,25.11638092,15.55803411,35.50377263,5.170642395,30.33313024,9.558346817,2.546763259,1.597043462,2.66947884,2.40667138,0.789927991,3.946790711,4.831192802,10,1,1,1
1278,Silene gallica,Caryophyllaceae,Silene,gallica,Caryophyllales,annual,Biotic,dry_dehiscent,0.371893704,PD,1,0,0,1,0,0,0,0,0,0,0,1,0,0,1,1,-0.025894938,0.878187006,-5.725014472,16.95673104,1.720575962,0.848203009,20.34722859,13.56623348,30.37878806,3.534674012,26.84411405,6.780995108,4.10394268,4.369329999,1.522555997,1.701157528,1.062907288,8.206564002,2.430049338,8,1,1,1
1279,Silene italica,Caryophyllaceae,Silene,italica,Caryophyllales,perennial,Biotic,dry_dehiscent,0.565623529,PD,3,0,0,0,NoInfo,NoInfo,NoInfo,NoInfo,NoInfo,NoInfo,NoInfo,NoInfo,NoInfo,NoInfo,1,1,0.030033344,-1.079836745,10.54782604,17.97729792,0.841552603,0.698792111,NA,NA,NA,NA,NA,NA,NA,NA,NA,NA,0.986978603,NA,NA,9,0,1,0
1280,Silene legionensis,Caryophyllaceae,Silene,legionensis,Caryophyllales,perennial,Biotic,dry_dehiscent,0.679021531,PD,1,0,0,0,NoInfo,NoInfo,NoInfo,NoInfo,NoInfo,NoInfo,NoInfo,NoInfo,NoInfo,NoInfo,0,NA,NA,NA,NA,NA,NA,NA,NA,NA,NA,NA,NA,NA,NA,NA,NA,NA,NA,NA,NA,NA,NA,NA,NA
1281,Silene nicaeensis,Caryophyllaceae,Silene,nicaeensis,Caryophyllales,perennial,Biotic,dry_dehiscent,0.2456,PD,2,0,0,0,NoInfo,NoInfo,NoInfo,NoInfo,NoInfo,NoInfo,NoInfo,NoInfo,NoInfo,NoInfo,0,NA,NA,NA,NA,NA,NA,NA,NA,NA,NA,NA,NA,NA,NA,NA,NA,NA,NA,NA,NA,NA,NA,NA,NA
1282,Silene nodulosa,Caryophyllaceae,Silene,nodulosa,Caryophyllales,perennial,Biotic,dry_dehiscent,0.679021531,PD,1,0,0,0,NoInfo,NoInfo,NoInfo,NoInfo,NoInfo,NoInfo,NoInfo,NoInfo,NoInfo,NoInfo,0,NA,NA,NA,NA,NA,NA,NA,NA,NA,NA,NA,NA,NA,NA,NA,NA,NA,NA,NA,NA,NA,NA,NA,NA
1283,Silene nutans,Caryophyllaceae,Silene,nutans,Caryophyllales,perennial,Biotic,dry_dehiscent,0.359809524,PD,1,0,1,1,0,0,0,0,0,0,0,1,0,0,1,1,-0.000573209,0.068319762,0.0191536,59.59410198,2.054881019,0.88643989,85.36902618,33.81917779,152.9837922,-33.79558823,186.7793804,51.54984839,930.2914662,122.903048,864.4167516,56.83106189,404.6553186,1051.718135,919.7328268,11,1,0,0
1284,Silene roemeri,Caryophyllaceae,Silene,roemeri,Caryophyllales,perennial,Biotic,dry_dehiscent,0.679021531,PD,1,0,1,0,NoInfo,NoInfo,NoInfo,NoInfo,NoInfo,NoInfo,NoInfo,NoInfo,NoInfo,NoInfo,1,1,-0.085356083,3.48956887,-31.04857086,20.44124297,4.616991709,0.990214227,25.1004323,15.78205364,29.85330431,11.02918163,18.82412268,9.318378658,NA,NA,NA,NA,NA,NA,NA,4,1,0,0
1285,Silene sedoides,Caryophyllaceae,Silene,sedoides,Caryophyllales,annual,Biotic,dry_dehiscent,0.043,PD,1,0,0,0,NoInfo,NoInfo,NoInfo,NoInfo,NoInfo,NoInfo,NoInfo,NoInfo,NoInfo,NoInfo,1,1,0.037979066,-1.266239052,15.28830855,16.6702235,4.734064551,0.991285934,NA,NA,NA,NA,NA,NA,NA,NA,NA,NA,NA,NA,NA,5,0,0,0
1286,Silene sericea,Caryophyllaceae,Silene,sericea,Caryophyllales,annual,Biotic,dry_dehiscent,0.679021531,PD,1,0,0,0,NoInfo,NoInfo,NoInfo,NoInfo,NoInfo,NoInfo,NoInfo,NoInfo,NoInfo,NoInfo,0,NA,NA,NA,NA,NA,NA,NA,NA,NA,NA,NA,NA,NA,NA,NA,NA,NA,NA,NA,NA,NA,NA,NA,NA
1287,Silene vulgaris,Caryophyllaceae,Silene,vulgaris,Caryophyllales,perennial,Biotic,dry_dehiscent,1.207821164,PD,2,0,1,1,0,0,0,0,1,0,0,1,0,0,1,1,-0.005212477,0.288855248,-2.366765322,27.7080585,1.635043728,0.836859408,35.03216805,20.38394895,57.34859953,-1.932482529,59.28108206,14.6482191,18.21414455,4.147276121,14.9267007,2.135465225,7.398203161,21.88552677,15.35576671,12,1,0,0
1288,Silybum marianum,Asteraceae,Silybum,marianum,Campanulids,perennial,Biotic,dry_indehiscent,23.1164,PD,1,0,0,1,0,0,0,0,1,1,0,1,1,0,1,0,NA,NA,NA,NA,NA,NA,NA,NA,NA,NA,NA,NA,NA,NA,NA,NA,NA,NA,NA,NA,0,NA,0
1289,Sinapidendron frutescens,Brassicaceae,Sinapidendron,frutescens,Malvids,perennial,Biotic,dry_dehiscent,3.125772655,NoInfo,1,0,0,0,NoInfo,NoInfo,NoInfo,NoInfo,NoInfo,NoInfo,NoInfo,NoInfo,NoInfo,NoInfo,0,NA,NA,NA,NA,NA,NA,NA,NA,NA,NA,NA,NA,NA,NA,NA,NA,NA,NA,NA,NA,NA,NA,NA,NA
1290,Sisymbrium crassifolium,Brassicaceae,Sisymbrium,crassifolium,Malvids,perennial,Biotic,dry_dehiscent,0.228058491,NoInfo,1,0,0,1,0,0,0,0,1,0,0,0,0,0,0,NA,NA,NA,NA,NA,NA,NA,NA,NA,NA,NA,NA,NA,NA,NA,NA,NA,NA,NA,NA,NA,NA,NA,NA
1291,Smilax aspera,Smilacaceae,Smilax,aspera,Monocots,perennial,Biotic,fleshy,41.364,M(P)D,9,0,0,1,0,0,0,0,1,0,0,1,0,0,0,NA,NA,NA,NA,NA,NA,NA,NA,NA,NA,NA,NA,NA,NA,NA,NA,NA,NA,NA,NA,NA,NA,NA,NA
1292,Solanum dimidiatum,Solanaceae,Solanum,dimidiatum,Lamiids,perennial,Biotic,fleshy,8.41,NoInfo,1,0,0,1,0,0,0,0,0,0,0,0,1,0,0,NA,NA,NA,NA,NA,NA,NA,NA,NA,NA,NA,NA,NA,NA,NA,NA,NA,NA,NA,NA,NA,NA,NA,NA
1293,Solanum linnaeanum,Solanaceae,Solanum,linnaeanum,Lamiids,perennial,Biotic,fleshy,5.026,NoInfo,1,0,0,1,0,1,0,1,1,0,0,1,1,0,0,NA,NA,NA,NA,NA,NA,NA,NA,NA,NA,NA,NA,NA,NA,NA,NA,NA,NA,NA,NA,NA,NA,NA,NA
1294,Solanum stramoniifolium,Solanaceae,Solanum,stramoniifolium,Lamiids,perennial,Biotic,fleshy,3.541650517,NoInfo,1,0,0,0,NoInfo,NoInfo,NoInfo,NoInfo,NoInfo,NoInfo,NoInfo,NoInfo,NoInfo,NoInfo,0,NA,NA,NA,NA,NA,NA,NA,NA,NA,NA,NA,NA,NA,NA,NA,NA,NA,NA,NA,NA,NA,NA,NA,NA
1295,Soldanella pindicola,Primulaceae,Soldanella,pindicola,Asterids,perennial,Biotic,fleshy,0.394,NoInfo,1,0,0,0,NoInfo,NoInfo,NoInfo,NoInfo,NoInfo,NoInfo,NoInfo,NoInfo,NoInfo,NoInfo,0,NA,NA,NA,NA,NA,NA,NA,NA,NA,NA,NA,NA,NA,NA,NA,NA,NA,NA,NA,NA,NA,NA,NA,NA
1296,Solidago virgaurea,Asteraceae,Solidago,virgaurea,Campanulids,perennial,Biotic,dry_indehiscent,0.461003125,PD,3,0,1,1,0,0,0,0,1,0,0,1,0,0,1,1,-0.010777296,0.587089925,-4.867025251,27.23734708,3.128360771,0.958047558,35.92250087,18.55219329,50.97509792,3.499596243,47.47550167,17.37030758,20.39546058,2.500110221,19.64956281,5.600213348,10.02030129,21.04340692,20.81609147,12,1,0,0
1297,Sonchus crassifolius,Asteraceae,Sonchus,crassifolius,Campanulids,perennial,Biotic,dry_indehiscent,0.3,PD,1,0,0,0,NoInfo,NoInfo,NoInfo,NoInfo,NoInfo,NoInfo,NoInfo,NoInfo,NoInfo,NoInfo,0,NA,NA,NA,NA,NA,NA,NA,NA,NA,NA,NA,NA,NA,NA,NA,NA,NA,NA,NA,NA,NA,NA,NA,NA
1298,Sonchus maritimus,Asteraceae,Sonchus,maritimus,Campanulids,perennial,Biotic,dry_indehiscent,0.260166667,PD,2,0,0,1,0,0,0,0,0,0,0,1,0,0,0,NA,NA,NA,NA,NA,NA,NA,NA,NA,NA,NA,NA,NA,NA,NA,NA,NA,NA,NA,NA,NA,NA,NA,NA
1299,Sonchus oleraceus,Asteraceae,Sonchus,oleraceus,Campanulids,perennial,Biotic,dry_indehiscent,0.3044,PD,3,0,0,1,1,0,0,1,1,0,1,1,0,0,1,1,0.027736667,-1.17327019,13.20986924,21.15016535,0.80243998,0.690496174,NA,NA,NA,NA,NA,NA,NA,NA,NA,NA,3.045109239,NA,NA,6,0,0,0
1300,Sorbus aucuparia,Rosaceae,Sorbus,aucuparia,Fabids,woody,Biotic,fleshy,5.745337193,PD,2,0,0,1,0,1,0,1,1,0,1,1,0,0,0,NA,NA,NA,NA,NA,NA,NA,NA,NA,NA,NA,NA,NA,NA,NA,NA,NA,NA,NA,NA,NA,NA,NA,NA
1301,Spartium junceum,Fabaceae,Spartium,junceum,Fabids,perennial,Biotic,dry_dehiscent,12.48125,PY(PD),1,0,0,1,0,1,0,0,1,0,1,1,1,0,1,1,0.551591214,-22.53027334,234.1001553,20.42298061,4.03248756,0.982578712,NA,NA,NA,NA,NA,NA,NA,NA,NA,NA,NA,NA,NA,3,0,0,0
1302,Spergula morisonii,Caryophyllaceae,Spergula,morisonii,Caryophyllales,annual,Biotic,dry_dehiscent,0.16755,PD,1,0,0,0,NoInfo,NoInfo,NoInfo,NoInfo,NoInfo,NoInfo,NoInfo,NoInfo,NoInfo,NoInfo,0,NA,NA,NA,NA,NA,NA,NA,NA,NA,NA,NA,NA,NA,NA,NA,NA,NA,NA,NA,NA,NA,NA,NA,NA
1303,Sphenopholis obtusata,Poaceae,Sphenopholis,obtusata,Commelinid-monocots,perennial,Abiotic,dry_indehiscent,0.39776,NoInfo,2,0,0,0,NoInfo,NoInfo,NoInfo,NoInfo,NoInfo,NoInfo,NoInfo,NoInfo,NoInfo,NoInfo,0,NA,NA,NA,NA,NA,NA,NA,NA,NA,NA,NA,NA,NA,NA,NA,NA,NA,NA,NA,NA,NA,NA,NA,NA
1304,Sphenopus divaricatus,Poaceae,Sphenopus,divaricatus,Commelinid-monocots,annual,Abiotic,dry_indehiscent,0.214,NoInfo,1,0,0,0,NoInfo,NoInfo,NoInfo,NoInfo,NoInfo,NoInfo,NoInfo,NoInfo,NoInfo,NoInfo,0,NA,NA,NA,NA,NA,NA,NA,NA,NA,NA,NA,NA,NA,NA,NA,NA,NA,NA,NA,NA,NA,NA,NA,NA
1305,Sporobolus pungens,Poaceae,Sporobolus,pungens,Commelinid-monocots,perennial,Abiotic,dry_indehiscent,1.530264996,NoInfo,4,0,0,0,NoInfo,NoInfo,NoInfo,NoInfo,NoInfo,NoInfo,NoInfo,NoInfo,NoInfo,NoInfo,0,NA,NA,NA,NA,NA,NA,NA,NA,NA,NA,NA,NA,NA,NA,NA,NA,NA,NA,NA,NA,NA,NA,NA,NA
1306,Stachys corsica,Lamiaceae,Stachys,corsica,Lamiids,annual,Biotic,dry_dehiscent,2.116622973,NoInfo,1,0,0,0,NoInfo,NoInfo,NoInfo,NoInfo,NoInfo,NoInfo,NoInfo,NoInfo,NoInfo,NoInfo,0,NA,NA,NA,NA,NA,NA,NA,NA,NA,NA,NA,NA,NA,NA,NA,NA,NA,NA,NA,NA,NA,NA,NA,NA
1307,Stachys glutinosa,Lamiaceae,Stachys,glutinosa,Lamiids,perennial,Biotic,dry_dehiscent,2.9916,NoInfo,1,0,0,0,NoInfo,NoInfo,NoInfo,NoInfo,NoInfo,NoInfo,NoInfo,NoInfo,NoInfo,NoInfo,0,NA,NA,NA,NA,NA,NA,NA,NA,NA,NA,NA,NA,NA,NA,NA,NA,NA,NA,NA,NA,NA,NA,NA,NA
1308,Stachys ocymastrum,Lamiaceae,Stachys,ocymastrum,Lamiids,annual,Biotic,dry_dehiscent,0.6,NoInfo,1,0,0,0,NoInfo,NoInfo,NoInfo,NoInfo,NoInfo,NoInfo,NoInfo,NoInfo,NoInfo,NoInfo,1,0,NA,NA,NA,NA,NA,NA,NA,NA,NA,NA,NA,NA,NA,NA,NA,NA,NA,NA,NA,NA,0,NA,0
1309,Stachys recta,Lamiaceae,Stachys,recta,Lamiids,perennial,Biotic,dry_dehiscent,1.2495,NoInfo,2,0,1,1,0,0,0,0,0,0,0,1,0,0,0,NA,NA,NA,NA,NA,NA,NA,NA,NA,NA,NA,NA,NA,NA,NA,NA,NA,NA,NA,NA,NA,NA,NA,NA
1310,Stachys spinosa,Lamiaceae,Stachys,spinosa,Lamiids,perennial,Biotic,dry_dehiscent,1.8773,NoInfo,1,0,0,0,NoInfo,NoInfo,NoInfo,NoInfo,NoInfo,NoInfo,NoInfo,NoInfo,NoInfo,NoInfo,0,NA,NA,NA,NA,NA,NA,NA,NA,NA,NA,NA,NA,NA,NA,NA,NA,NA,NA,NA,NA,NA,NA,NA,NA
1311,Stachys woronowii,Lamiaceae,Stachys,woronowii,Lamiids,annual,Biotic,dry_dehiscent,1.2164,NoInfo,1,0,0,0,NoInfo,NoInfo,NoInfo,NoInfo,NoInfo,NoInfo,NoInfo,NoInfo,NoInfo,NoInfo,0,NA,NA,NA,NA,NA,NA,NA,NA,NA,NA,NA,NA,NA,NA,NA,NA,NA,NA,NA,NA,NA,NA,NA,NA
1312,Staehelina dubia,Asteraceae,Staehelina,dubia,Campanulids,perennial,Biotic,dry_indehiscent,3.2234,NoInfo,1,0,0,0,NoInfo,NoInfo,NoInfo,NoInfo,NoInfo,NoInfo,NoInfo,NoInfo,NoInfo,NoInfo,1,0,NA,NA,NA,NA,NA,NA,NA,NA,NA,NA,NA,NA,NA,NA,NA,NA,NA,NA,NA,NA,0,NA,0
1313,Stipa austroitalica,Poaceae,Stipa,austroitalica,Commelinid-monocots,perennial,Abiotic,dry_indehiscent,8.175446963,NoInfo,1,1,1,0,NoInfo,NoInfo,NoInfo,NoInfo,NoInfo,NoInfo,NoInfo,NoInfo,NoInfo,NoInfo,0,NA,NA,NA,NA,NA,NA,NA,NA,NA,NA,NA,NA,NA,NA,NA,NA,NA,NA,NA,NA,NA,NA,NA,NA
1314,Stipa pennata,Poaceae,Stipa,pennata,Commelinid-monocots,perennial,Abiotic,dry_indehiscent,24.5843,NoInfo,1,0,1,0,NoInfo,NoInfo,NoInfo,NoInfo,NoInfo,NoInfo,NoInfo,NoInfo,NoInfo,NoInfo,0,NA,NA,NA,NA,NA,NA,NA,NA,NA,NA,NA,NA,NA,NA,NA,NA,NA,NA,NA,NA,NA,NA,NA,NA
1315,Suaeda ifniensis,Amaranthaceae,Suaeda,ifniensis,Caryophyllales,perennial,Abiotic,dry_indehiscent,0.770026189,PD,1,0,0,0,NoInfo,NoInfo,NoInfo,NoInfo,NoInfo,NoInfo,NoInfo,NoInfo,NoInfo,NoInfo,0,NA,NA,NA,NA,NA,NA,NA,NA,NA,NA,NA,NA,NA,NA,NA,NA,NA,NA,NA,NA,NA,NA,NA,NA
1316,Suaeda spicata,Amaranthaceae,Suaeda,spicata,Caryophyllales,annual,Abiotic,dry_indehiscent,0.770026189,PD,1,0,0,0,NoInfo,NoInfo,NoInfo,NoInfo,NoInfo,NoInfo,NoInfo,NoInfo,NoInfo,NoInfo,0,NA,NA,NA,NA,NA,NA,NA,NA,NA,NA,NA,NA,NA,NA,NA,NA,NA,NA,NA,NA,NA,NA,NA,NA
1317,Suaeda vera,Amaranthaceae,Suaeda,vera,Caryophyllales,perennial,Abiotic,dry_indehiscent,0.419,PD,3,0,0,0,NoInfo,NoInfo,NoInfo,NoInfo,NoInfo,NoInfo,NoInfo,NoInfo,NoInfo,NoInfo,0,NA,NA,NA,NA,NA,NA,NA,NA,NA,NA,NA,NA,NA,NA,NA,NA,NA,NA,NA,NA,NA,NA,NA,NA
1318,Suaeda vermiculata,Amaranthaceae,Suaeda,vermiculata,Caryophyllales,perennial,Abiotic,dry_indehiscent,1.371,PD,1,0,0,1,1,0,0,1,1,0,0,1,0,0,0,NA,NA,NA,NA,NA,NA,NA,NA,NA,NA,NA,NA,NA,NA,NA,NA,NA,NA,NA,NA,NA,NA,NA,NA
1319,Symphytum brachycalyx,Boraginaceae,Symphytum,brachycalyx,Lamiids,perennial,Biotic,fleshy,4.42,NoInfo,1,0,0,0,NoInfo,NoInfo,NoInfo,NoInfo,NoInfo,NoInfo,NoInfo,NoInfo,NoInfo,NoInfo,0,NA,NA,NA,NA,NA,NA,NA,NA,NA,NA,NA,NA,NA,NA,NA,NA,NA,NA,NA,NA,NA,NA,NA,NA
1320,Tamarix africana,Tamaricaceae,Tamarix,africana,Caryophyllales,woody,Biotic,dry_dehiscent,0.243885714,NoInfo,1,0,0,1,0,1,0,0,0,0,1,1,0,0,0,NA,NA,NA,NA,NA,NA,NA,NA,NA,NA,NA,NA,NA,NA,NA,NA,NA,NA,NA,NA,NA,NA,NA,NA
1321,Tamarix canariensis,Tamaricaceae,Tamarix,canariensis,Caryophyllales,woody,Biotic,dry_dehiscent,0.243885714,NoInfo,1,0,0,0,0,1,0,0,0,0,0,0,0,0,0,NA,NA,NA,NA,NA,NA,NA,NA,NA,NA,NA,NA,NA,NA,NA,NA,NA,NA,NA,NA,NA,NA,NA,NA
1322,Tamarix hampeana,Tamaricaceae,Tamarix,hampeana,Caryophyllales,woody,Biotic,dry_dehiscent,0.243885714,NoInfo,2,0,0,0,NoInfo,NoInfo,NoInfo,NoInfo,NoInfo,NoInfo,NoInfo,NoInfo,NoInfo,NoInfo,0,NA,NA,NA,NA,NA,NA,NA,NA,NA,NA,NA,NA,NA,NA,NA,NA,NA,NA,NA,NA,NA,NA,NA,NA
1323,Tamarix parviflora,Tamaricaceae,Tamarix,parviflora,Caryophyllales,woody,Biotic,dry_dehiscent,0.243885714,NoInfo,1,0,0,0,0,1,0,0,0,0,0,0,0,0,0,NA,NA,NA,NA,NA,NA,NA,NA,NA,NA,NA,NA,NA,NA,NA,NA,NA,NA,NA,NA,NA,NA,NA,NA
1324,Tamarix tetrandra,Tamaricaceae,Tamarix,tetrandra,Caryophyllales,woody,Biotic,dry_dehiscent,0.243885714,NoInfo,1,0,0,0,0,1,0,0,0,0,0,0,0,0,0,NA,NA,NA,NA,NA,NA,NA,NA,NA,NA,NA,NA,NA,NA,NA,NA,NA,NA,NA,NA,NA,NA,NA,NA
1325,Tanacetum corymbosum,Asteraceae,Tanacetum,corymbosum,Campanulids,perennial,Biotic,dry_indehiscent,0.488333333,NoInfo,2,0,1,0,NoInfo,NoInfo,NoInfo,NoInfo,NoInfo,NoInfo,NoInfo,NoInfo,NoInfo,NoInfo,1,0,NA,NA,NA,NA,NA,NA,NA,NA,NA,NA,NA,NA,NA,NA,NA,NA,NA,NA,NA,NA,0,NA,0
1326,Taraxacum acre,Asteraceae,Taraxacum,acre,Campanulids,perennial,Biotic,dry_indehiscent,0.654353333,NoInfo,3,0,0,0,NoInfo,NoInfo,NoInfo,NoInfo,NoInfo,NoInfo,NoInfo,NoInfo,NoInfo,NoInfo,0,NA,NA,NA,NA,NA,NA,NA,NA,NA,NA,NA,NA,NA,NA,NA,NA,NA,NA,NA,NA,NA,NA,NA,NA
1327,Taraxacum apenninum,Asteraceae,Taraxacum,apenninum,Campanulids,perennial,Biotic,dry_indehiscent,0.616822581,NoInfo,1,0,1,0,NoInfo,NoInfo,NoInfo,NoInfo,NoInfo,NoInfo,NoInfo,NoInfo,NoInfo,NoInfo,0,NA,NA,NA,NA,NA,NA,NA,NA,NA,NA,NA,NA,NA,NA,NA,NA,NA,NA,NA,NA,NA,NA,NA,NA
1328,Taraxacum bisectum,Asteraceae,Taraxacum,bisectum,Campanulids,perennial,Biotic,dry_indehiscent,0.6836,NoInfo,3,0,0,0,NoInfo,NoInfo,NoInfo,NoInfo,NoInfo,NoInfo,NoInfo,NoInfo,NoInfo,NoInfo,0,NA,NA,NA,NA,NA,NA,NA,NA,NA,NA,NA,NA,NA,NA,NA,NA,NA,NA,NA,NA,NA,NA,NA,NA
1329,Taraxacum camuratum,Asteraceae,Taraxacum,camuratum,Campanulids,perennial,Biotic,dry_indehiscent,0.6836,NoInfo,3,0,0,0,NoInfo,NoInfo,NoInfo,NoInfo,NoInfo,NoInfo,NoInfo,NoInfo,NoInfo,NoInfo,0,NA,NA,NA,NA,NA,NA,NA,NA,NA,NA,NA,NA,NA,NA,NA,NA,NA,NA,NA,NA,NA,NA,NA,NA
1330,Taraxacum cescae,Asteraceae,Taraxacum,cescae,Campanulids,perennial,Biotic,dry_indehiscent,0.654353333,NoInfo,3,0,0,0,NoInfo,NoInfo,NoInfo,NoInfo,NoInfo,NoInfo,NoInfo,NoInfo,NoInfo,NoInfo,0,NA,NA,NA,NA,NA,NA,NA,NA,NA,NA,NA,NA,NA,NA,NA,NA,NA,NA,NA,NA,NA,NA,NA,NA
1331,Taraxacum dentex,Asteraceae,Taraxacum,dentex,Campanulids,perennial,Biotic,dry_indehiscent,0.6836,NoInfo,3,0,0,0,NoInfo,NoInfo,NoInfo,NoInfo,NoInfo,NoInfo,NoInfo,NoInfo,NoInfo,NoInfo,0,NA,NA,NA,NA,NA,NA,NA,NA,NA,NA,NA,NA,NA,NA,NA,NA,NA,NA,NA,NA,NA,NA,NA,NA
1332,Taraxacum fictum,Asteraceae,Taraxacum,fictum,Campanulids,perennial,Biotic,dry_indehiscent,0.6836,NoInfo,3,0,0,0,NoInfo,NoInfo,NoInfo,NoInfo,NoInfo,NoInfo,NoInfo,NoInfo,NoInfo,NoInfo,0,NA,NA,NA,NA,NA,NA,NA,NA,NA,NA,NA,NA,NA,NA,NA,NA,NA,NA,NA,NA,NA,NA,NA,NA
1333,Taraxacum herae,Asteraceae,Taraxacum,herae,Campanulids,perennial,Biotic,dry_indehiscent,0.654353333,NoInfo,3,0,0,0,NoInfo,NoInfo,NoInfo,NoInfo,NoInfo,NoInfo,NoInfo,NoInfo,NoInfo,NoInfo,0,NA,NA,NA,NA,NA,NA,NA,NA,NA,NA,NA,NA,NA,NA,NA,NA,NA,NA,NA,NA,NA,NA,NA,NA
1334,Taraxacum hybernum,Asteraceae,Taraxacum,hybernum,Campanulids,perennial,Biotic,dry_indehiscent,0.616822581,NoInfo,1,0,0,0,NoInfo,NoInfo,NoInfo,NoInfo,NoInfo,NoInfo,NoInfo,NoInfo,NoInfo,NoInfo,0,NA,NA,NA,NA,NA,NA,NA,NA,NA,NA,NA,NA,NA,NA,NA,NA,NA,NA,NA,NA,NA,NA,NA,NA
1335,Taraxacum lentum,Asteraceae,Taraxacum,lentum,Campanulids,perennial,Biotic,dry_indehiscent,0.6836,NoInfo,3,0,0,0,NoInfo,NoInfo,NoInfo,NoInfo,NoInfo,NoInfo,NoInfo,NoInfo,NoInfo,NoInfo,0,NA,NA,NA,NA,NA,NA,NA,NA,NA,NA,NA,NA,NA,NA,NA,NA,NA,NA,NA,NA,NA,NA,NA,NA
1336,Taraxacum resectum,Asteraceae,Taraxacum,resectum,Campanulids,perennial,Biotic,dry_indehiscent,0.6836,NoInfo,3,0,0,0,NoInfo,NoInfo,NoInfo,NoInfo,NoInfo,NoInfo,NoInfo,NoInfo,NoInfo,NoInfo,0,NA,NA,NA,NA,NA,NA,NA,NA,NA,NA,NA,NA,NA,NA,NA,NA,NA,NA,NA,NA,NA,NA,NA,NA
1337,Taraxacum sagii,Asteraceae,Taraxacum,sagii,Campanulids,perennial,Biotic,dry_indehiscent,0.654353333,NoInfo,3,0,0,0,NoInfo,NoInfo,NoInfo,NoInfo,NoInfo,NoInfo,NoInfo,NoInfo,NoInfo,NoInfo,0,NA,NA,NA,NA,NA,NA,NA,NA,NA,NA,NA,NA,NA,NA,NA,NA,NA,NA,NA,NA,NA,NA,NA,NA
1338,Taraxacum senile,Asteraceae,Taraxacum,senile,Campanulids,perennial,Biotic,dry_indehiscent,0.654353333,NoInfo,3,0,0,0,NoInfo,NoInfo,NoInfo,NoInfo,NoInfo,NoInfo,NoInfo,NoInfo,NoInfo,NoInfo,0,NA,NA,NA,NA,NA,NA,NA,NA,NA,NA,NA,NA,NA,NA,NA,NA,NA,NA,NA,NA,NA,NA,NA,NA
1339,Taraxacum suave,Asteraceae,Taraxacum,suave,Campanulids,perennial,Biotic,dry_indehiscent,0.654353333,NoInfo,3,0,0,0,NoInfo,NoInfo,NoInfo,NoInfo,NoInfo,NoInfo,NoInfo,NoInfo,NoInfo,NoInfo,0,NA,NA,NA,NA,NA,NA,NA,NA,NA,NA,NA,NA,NA,NA,NA,NA,NA,NA,NA,NA,NA,NA,NA,NA
1340,Taraxacum tenue,Asteraceae,Taraxacum,tenue,Campanulids,perennial,Biotic,dry_indehiscent,0.654353333,NoInfo,3,0,0,0,NoInfo,NoInfo,NoInfo,NoInfo,NoInfo,NoInfo,NoInfo,NoInfo,NoInfo,NoInfo,0,NA,NA,NA,NA,NA,NA,NA,NA,NA,NA,NA,NA,NA,NA,NA,NA,NA,NA,NA,NA,NA,NA,NA,NA
1341,Taraxacum teres,Asteraceae,Taraxacum,teres,Campanulids,perennial,Biotic,dry_indehiscent,0.654353333,NoInfo,3,0,0,0,NoInfo,NoInfo,NoInfo,NoInfo,NoInfo,NoInfo,NoInfo,NoInfo,NoInfo,NoInfo,0,NA,NA,NA,NA,NA,NA,NA,NA,NA,NA,NA,NA,NA,NA,NA,NA,NA,NA,NA,NA,NA,NA,NA,NA
1342,Teesdalia conferta,Brassicaceae,Teesdalia,conferta,Malvids,perennial,Biotic,dry_dehiscent,0.256393477,PD,1,0,0,0,NoInfo,NoInfo,NoInfo,NoInfo,NoInfo,NoInfo,NoInfo,NoInfo,NoInfo,NoInfo,1,1,-0.010260561,0.229558528,1.211702542,11.18645115,2.495675172,0.923838077,18.34192315,4.030979144,34.21244868,-11.83954638,46.05199506,14.31094401,NA,NA,NA,NA,NA,NA,NA,4,1,0,0
1343,Teesdalia coronopifolia,Brassicaceae,Teesdalia,coronopifolia,Malvids,annual,Biotic,dry_dehiscent,0.220643095,PD,1,0,0,0,NoInfo,NoInfo,NoInfo,NoInfo,NoInfo,NoInfo,NoInfo,NoInfo,NoInfo,NoInfo,0,NA,NA,NA,NA,NA,NA,NA,NA,NA,NA,NA,NA,NA,NA,NA,NA,NA,NA,NA,NA,NA,NA,NA,NA
1344,Teesdalia nudicaulis,Brassicaceae,Teesdalia,nudicaulis,Malvids,annual,Biotic,dry_dehiscent,0.29214386,PD,2,0,0,0,NoInfo,NoInfo,NoInfo,NoInfo,NoInfo,NoInfo,NoInfo,NoInfo,NoInfo,NoInfo,0,NA,NA,NA,NA,NA,NA,NA,NA,NA,NA,NA,NA,NA,NA,NA,NA,NA,NA,NA,NA,NA,NA,NA,NA
1345,Teucrium alpestre,Lamiaceae,Teucrium,alpestre,Lamiids,perennial,Biotic,dry_dehiscent,1.625487753,PD,1,0,0,0,NoInfo,NoInfo,NoInfo,NoInfo,NoInfo,NoInfo,NoInfo,NoInfo,NoInfo,NoInfo,0,NA,NA,NA,NA,NA,NA,NA,NA,NA,NA,NA,NA,NA,NA,NA,NA,NA,NA,NA,NA,NA,NA,NA,NA
1346,Teucrium chamaedrys,Lamiaceae,Teucrium,chamaedrys,Lamiids,perennial,Biotic,dry_dehiscent,1.303066667,PD,15,0,1,1,0,1,0,0,0,0,0,1,0,0,0,NA,NA,NA,NA,NA,NA,NA,NA,NA,NA,NA,NA,NA,NA,NA,NA,NA,NA,NA,NA,NA,NA,NA,NA
1347,Teucrium expassum,Lamiaceae,Teucrium,expassum,Lamiids,perennial,Biotic,dry_dehiscent,0.9,PD,1,0,0,0,NoInfo,NoInfo,NoInfo,NoInfo,NoInfo,NoInfo,NoInfo,NoInfo,NoInfo,NoInfo,1,0,NA,NA,NA,NA,NA,NA,NA,NA,NA,NA,NA,NA,NA,NA,NA,NA,NA,NA,NA,NA,0,NA,0
1348,Teucrium flavum,Lamiaceae,Teucrium,flavum,Lamiids,perennial,Biotic,dry_dehiscent,1.740333333,PD,1,0,0,1,0,0,0,0,0,0,0,1,0,0,1,0,NA,NA,NA,NA,NA,NA,NA,NA,NA,NA,NA,NA,NA,NA,NA,NA,NA,NA,NA,NA,0,NA,0
1349,Teucrium fruticans,Lamiaceae,Teucrium,fruticans,Lamiids,perennial,Biotic,dry_dehiscent,1.625487753,PD,1,0,0,1,1,1,0,0,0,0,0,0,0,0,0,NA,NA,NA,NA,NA,NA,NA,NA,NA,NA,NA,NA,NA,NA,NA,NA,NA,NA,NA,NA,NA,NA,NA,NA
1350,Teucrium kotschyanum,Lamiaceae,Teucrium,kotschyanum,Lamiids,perennial,Biotic,dry_dehiscent,1.625487753,PD,1,0,0,0,NoInfo,NoInfo,NoInfo,NoInfo,NoInfo,NoInfo,NoInfo,NoInfo,NoInfo,NoInfo,1,0,NA,NA,NA,NA,NA,NA,NA,NA,NA,NA,NA,NA,NA,NA,NA,NA,NA,NA,NA,NA,0,NA,0
1351,Teucrium marum,Lamiaceae,Teucrium,marum,Lamiids,perennial,Biotic,dry_dehiscent,0.623,PD,1,0,0,1,0,0,0,0,0,0,0,1,0,0,0,NA,NA,NA,NA,NA,NA,NA,NA,NA,NA,NA,NA,NA,NA,NA,NA,NA,NA,NA,NA,NA,NA,NA,NA
1352,Teucrium massiliense,Lamiaceae,Teucrium,massiliense,Lamiids,perennial,Biotic,dry_dehiscent,0.8652,PD,1,0,0,0,NoInfo,NoInfo,NoInfo,NoInfo,NoInfo,NoInfo,NoInfo,NoInfo,NoInfo,NoInfo,1,1,0.006519592,-0.197385369,2.984886767,15.13786112,1.490890619,0.816211912,NA,NA,NA,NA,NA,NA,NA,NA,NA,NA,2.590958836,NA,NA,5,0,0,0
1353,Teucrium microphyllum,Lamiaceae,Teucrium,microphyllum,Lamiids,perennial,Biotic,dry_dehiscent,1.625487753,PD,1,0,0,0,NoInfo,NoInfo,NoInfo,NoInfo,NoInfo,NoInfo,NoInfo,NoInfo,NoInfo,NoInfo,0,NA,NA,NA,NA,NA,NA,NA,NA,NA,NA,NA,NA,NA,NA,NA,NA,NA,NA,NA,NA,NA,NA,NA,NA
1354,Teucrium montanum,Lamiaceae,Teucrium,montanum,Lamiids,perennial,Biotic,dry_dehiscent,0.80944,PD,5,0,1,1,0,0,0,0,0,0,0,1,0,0,0,NA,NA,NA,NA,NA,NA,NA,NA,NA,NA,NA,NA,NA,NA,NA,NA,NA,NA,NA,NA,NA,NA,NA,NA
1355,Teucrium polium,Lamiaceae,Teucrium,polium,Lamiids,perennial,Biotic,dry_dehiscent,1.839876923,PD,11,0,0,1,1,0,0,0,1,0,0,1,0,0,1,0,NA,NA,NA,NA,NA,NA,NA,NA,NA,NA,NA,NA,NA,NA,NA,NA,NA,NA,NA,NA,0,NA,0
1356,Teucrium pseudochamaepitys,Lamiaceae,Teucrium,pseudochamaepitys,Lamiids,perennial,Biotic,dry_dehiscent,7.5,PD,1,0,0,0,NoInfo,NoInfo,NoInfo,NoInfo,NoInfo,NoInfo,NoInfo,NoInfo,NoInfo,NoInfo,0,NA,NA,NA,NA,NA,NA,NA,NA,NA,NA,NA,NA,NA,NA,NA,NA,NA,NA,NA,NA,NA,NA,NA,NA
1357,Teucrium pyrenaicum,Lamiaceae,Teucrium,pyrenaicum,Lamiids,perennial,Biotic,dry_dehiscent,1.625487753,PD,1,0,1,1,0,0,0,0,0,0,0,1,0,0,0,NA,NA,NA,NA,NA,NA,NA,NA,NA,NA,NA,NA,NA,NA,NA,NA,NA,NA,NA,NA,NA,NA,NA,NA
1358,Teucrium scorodonia,Lamiaceae,Teucrium,scorodonia,Lamiids,perennial,Biotic,dry_dehiscent,0.858261538,PD,1,0,0,1,0,0,0,0,0,0,0,1,0,0,0,NA,NA,NA,NA,NA,NA,NA,NA,NA,NA,NA,NA,NA,NA,NA,NA,NA,NA,NA,NA,NA,NA,NA,NA
1359,Thalictrum speciosissimum,Ranunculaceae,Thalictrum,speciosissimum,Early EU,perennial,Biotic,dry_indehiscent,1.874060654,NoInfo,1,0,0,0,NoInfo,NoInfo,NoInfo,NoInfo,NoInfo,NoInfo,NoInfo,NoInfo,NoInfo,NoInfo,0,NA,NA,NA,NA,NA,NA,NA,NA,NA,NA,NA,NA,NA,NA,NA,NA,NA,NA,NA,NA,NA,NA,NA,NA
1360,Thesium auriculatum,Santalaceae,Thesium,auriculatum,Asterids,perennial,Biotic,dry_indehiscent,3.659366667,NoInfo,1,0,0,0,NoInfo,NoInfo,NoInfo,NoInfo,NoInfo,NoInfo,NoInfo,NoInfo,NoInfo,NoInfo,0,NA,NA,NA,NA,NA,NA,NA,NA,NA,NA,NA,NA,NA,NA,NA,NA,NA,NA,NA,NA,NA,NA,NA,NA
1361,Thesium divaricatum,Santalaceae,Thesium,divaricatum,Asterids,perennial,Biotic,dry_indehiscent,3.659366667,NoInfo,1,0,0,0,NoInfo,NoInfo,NoInfo,NoInfo,NoInfo,NoInfo,NoInfo,NoInfo,NoInfo,NoInfo,0,NA,NA,NA,NA,NA,NA,NA,NA,NA,NA,NA,NA,NA,NA,NA,NA,NA,NA,NA,NA,NA,NA,NA,NA
1362,Thesium humifusum,Santalaceae,Thesium,humifusum,Asterids,perennial,Biotic,dry_indehiscent,2.815,NoInfo,1,0,0,0,NoInfo,NoInfo,NoInfo,NoInfo,NoInfo,NoInfo,NoInfo,NoInfo,NoInfo,NoInfo,0,NA,NA,NA,NA,NA,NA,NA,NA,NA,NA,NA,NA,NA,NA,NA,NA,NA,NA,NA,NA,NA,NA,NA,NA
1363,Thesium humile,Santalaceae,Thesium,humile,Asterids,annual,Biotic,dry_indehiscent,3.659366667,NoInfo,1,0,0,0,NoInfo,NoInfo,NoInfo,NoInfo,NoInfo,NoInfo,NoInfo,NoInfo,NoInfo,NoInfo,0,NA,NA,NA,NA,NA,NA,NA,NA,NA,NA,NA,NA,NA,NA,NA,NA,NA,NA,NA,NA,NA,NA,NA,NA
1364,Thesium parnassi,Santalaceae,Thesium,parnassi,Asterids,perennial,Biotic,dry_indehiscent,3.659366667,NoInfo,1,0,0,0,NoInfo,NoInfo,NoInfo,NoInfo,NoInfo,NoInfo,NoInfo,NoInfo,NoInfo,NoInfo,0,NA,NA,NA,NA,NA,NA,NA,NA,NA,NA,NA,NA,NA,NA,NA,NA,NA,NA,NA,NA,NA,NA,NA,NA
1365,Thinopyrum curvifolium,Poaceae,Thinopyrum,curvifolium,Commelinid-monocots,perennial,Abiotic,dry_indehiscent,7.050854214,NoInfo,1,0,0,1,0,0,0,1,0,0,0,0,0,0,0,NA,NA,NA,NA,NA,NA,NA,NA,NA,NA,NA,NA,NA,NA,NA,NA,NA,NA,NA,NA,NA,NA,NA,NA
1366,Thinopyrum elongatum,Poaceae,Thinopyrum,elongatum,Commelinid-monocots,perennial,Abiotic,dry_indehiscent,4.350354657,NoInfo,1,0,0,1,1,1,0,1,0,0,0,0,0,0,0,NA,NA,NA,NA,NA,NA,NA,NA,NA,NA,NA,NA,NA,NA,NA,NA,NA,NA,NA,NA,NA,NA,NA,NA
1367,Thinopyrum junceum,Poaceae,Thinopyrum,junceum,Commelinid-monocots,perennial,Abiotic,dry_indehiscent,15.44823226,NoInfo,4,0,0,1,0,1,0,1,0,0,0,0,0,0,1,1,-0.004303498,0.101842188,1.636924011,11.83248919,2.239447309,0.903736387,21.89967892,1.765299473,46.53947736,-22.87449897,69.41397633,20.13437944,NA,NA,NA,NA,NA,NA,NA,7,1,1,1
1368,Thliphthisa purpurea,Rubiaceae,Thliphthisa,purpurea,Lamiids,perennial,Biotic,dry_dehiscent,0.66,NoInfo,1,0,1,0,NoInfo,NoInfo,NoInfo,NoInfo,NoInfo,NoInfo,NoInfo,NoInfo,NoInfo,NoInfo,0,NA,NA,NA,NA,NA,NA,NA,NA,NA,NA,NA,NA,NA,NA,NA,NA,NA,NA,NA,NA,NA,NA,NA,NA
1369,Thliphthisa rigida,Rubiaceae,Thliphthisa,rigida,Lamiids,perennial,Biotic,dry_dehiscent,0.66,NoInfo,1,0,0,0,NoInfo,NoInfo,NoInfo,NoInfo,NoInfo,NoInfo,NoInfo,NoInfo,NoInfo,NoInfo,1,1,-0.383752007,9.515907289,-55.98894262,12.39851144,3.002600066,0.952691451,13.79452844,11.00249444,16.33514567,8.461877202,7.873268473,2.792034003,NA,NA,NA,NA,NA,NA,NA,3,1,0,0
1370,Thymbra capitata,Lamiaceae,Thymbra,capitata,Lamiids,perennial,Biotic,dry_dehiscent,1.185882353,PD,3,0,0,1,0,0,0,0,1,1,1,1,0,0,1,0,NA,NA,NA,NA,NA,NA,NA,NA,NA,NA,NA,NA,NA,NA,NA,NA,NA,NA,NA,NA,0,NA,0
1371,Thymelaea passerina,Thymelaeaceae,Thymelaea,passerina,Malvids,annual,Biotic,dry_indehiscent,1.336033333,NoInfo,1,0,0,0,NoInfo,NoInfo,NoInfo,NoInfo,NoInfo,NoInfo,NoInfo,NoInfo,NoInfo,NoInfo,0,NA,NA,NA,NA,NA,NA,NA,NA,NA,NA,NA,NA,NA,NA,NA,NA,NA,NA,NA,NA,NA,NA,NA,NA
1372,Thymus boissieri,Lamiaceae,Thymus,boissieri,Lamiids,perennial,Biotic,dry_dehiscent,0.441941118,ND,1,0,0,0,NoInfo,NoInfo,NoInfo,NoInfo,NoInfo,NoInfo,NoInfo,NoInfo,NoInfo,NoInfo,0,NA,NA,NA,NA,NA,NA,NA,NA,NA,NA,NA,NA,NA,NA,NA,NA,NA,NA,NA,NA,NA,NA,NA,NA
1373,Thymus catharinae,Lamiaceae,Thymus,catharinae,Lamiids,perennial,Biotic,dry_dehiscent,0.0888,ND,2,0,0,0,NoInfo,NoInfo,NoInfo,NoInfo,NoInfo,NoInfo,NoInfo,NoInfo,NoInfo,NoInfo,0,NA,NA,NA,NA,NA,NA,NA,NA,NA,NA,NA,NA,NA,NA,NA,NA,NA,NA,NA,NA,NA,NA,NA,NA
1374,Thymus cilicicus,Lamiaceae,Thymus,cilicicus,Lamiids,perennial,Biotic,dry_dehiscent,0.441941118,ND,1,0,0,0,NoInfo,NoInfo,NoInfo,NoInfo,NoInfo,NoInfo,NoInfo,NoInfo,NoInfo,NoInfo,0,NA,NA,NA,NA,NA,NA,NA,NA,NA,NA,NA,NA,NA,NA,NA,NA,NA,NA,NA,NA,NA,NA,NA,NA
1375,Thymus herba-barona,Lamiaceae,Thymus,herba-barona,Lamiids,perennial,Biotic,dry_dehiscent,0.441941118,ND,2,0,0,1,0,0,0,0,1,0,0,0,0,0,0,NA,NA,NA,NA,NA,NA,NA,NA,NA,NA,NA,NA,NA,NA,NA,NA,NA,NA,NA,NA,NA,NA,NA,NA
1376,Thymus leptophyllus,Lamiaceae,Thymus,leptophyllus,Lamiids,perennial,Biotic,dry_dehiscent,0.09,ND,2,0,0,0,NoInfo,NoInfo,NoInfo,NoInfo,NoInfo,NoInfo,NoInfo,NoInfo,NoInfo,NoInfo,0,NA,NA,NA,NA,NA,NA,NA,NA,NA,NA,NA,NA,NA,NA,NA,NA,NA,NA,NA,NA,NA,NA,NA,NA
1377,Thymus longicaulis,Lamiaceae,Thymus,longicaulis,Lamiids,perennial,Biotic,dry_dehiscent,0.3,ND,4,0,1,1,0,0,0,0,0,0,0,1,0,0,0,NA,NA,NA,NA,NA,NA,NA,NA,NA,NA,NA,NA,NA,NA,NA,NA,NA,NA,NA,NA,NA,NA,NA,NA
1378,Thymus mastigophorus,Lamiaceae,Thymus,mastigophorus,Lamiids,perennial,Biotic,dry_dehiscent,0.441941118,ND,1,0,0,0,NoInfo,NoInfo,NoInfo,NoInfo,NoInfo,NoInfo,NoInfo,NoInfo,NoInfo,NoInfo,0,NA,NA,NA,NA,NA,NA,NA,NA,NA,NA,NA,NA,NA,NA,NA,NA,NA,NA,NA,NA,NA,NA,NA,NA
1379,Thymus munbyanus,Lamiaceae,Thymus,munbyanus,Lamiids,perennial,Biotic,dry_dehiscent,0.441941118,ND,1,0,0,1,0,0,0,0,0,0,0,1,0,0,0,NA,NA,NA,NA,NA,NA,NA,NA,NA,NA,NA,NA,NA,NA,NA,NA,NA,NA,NA,NA,NA,NA,NA,NA
1380,Thymus praecox,Lamiaceae,Thymus,praecox,Lamiids,perennial,Biotic,dry_dehiscent,0.145554839,ND,3,0,1,1,0,0,0,0,0,0,0,1,0,0,1,1,-0.027728413,1.01168416,-6.765376425,18.24273442,2.462566304,0.921475557,22.54390555,13.9415633,32.20692887,4.278539981,27.92838888,8.602342245,1.907493957,1.10624329,2.2041963,2.340867834,0.644921938,2.839175514,4.36034286,10,1,1,1
1381,Thymus serpylloides,Lamiaceae,Thymus,serpylloides,Lamiids,perennial,Biotic,dry_dehiscent,0.441941118,ND,1,0,0,1,0,0,0,0,0,0,0,1,0,0,0,NA,NA,NA,NA,NA,NA,NA,NA,NA,NA,NA,NA,NA,NA,NA,NA,NA,NA,NA,NA,NA,NA,NA,NA
1382,Thymus serpyllum,Lamiaceae,Thymus,serpyllum,Lamiids,perennial,Biotic,dry_dehiscent,0.169626667,PD,2,0,1,1,0,1,0,0,0,0,1,1,0,0,0,NA,NA,NA,NA,NA,NA,NA,NA,NA,NA,NA,NA,NA,NA,NA,NA,NA,NA,NA,NA,NA,NA,NA,NA
1383,Thymus sipyleus,Lamiaceae,Thymus,sipyleus,Lamiids,perennial,Biotic,dry_dehiscent,0.441941118,ND,1,0,0,0,NoInfo,NoInfo,NoInfo,NoInfo,NoInfo,NoInfo,NoInfo,NoInfo,NoInfo,NoInfo,0,NA,NA,NA,NA,NA,NA,NA,NA,NA,NA,NA,NA,NA,NA,NA,NA,NA,NA,NA,NA,NA,NA,NA,NA
1384,Thymus vulgaris,Lamiaceae,Thymus,vulgaris,Lamiids,perennial,Biotic,dry_dehiscent,0.550838199,PD,10,0,1,1,0,1,0,0,1,0,1,1,1,0,1,1,0.055103812,-1.680343754,12.03047202,15.24707351,-0.779690349,0.314386627,NA,NA,NA,NA,NA,NA,NA,NA,NA,NA,NA,NA,NA,3,0,1,0
1385,Thymus zygis,Lamiaceae,Thymus,zygis,Lamiids,perennial,Biotic,dry_dehiscent,0.2,PD,1,0,0,1,0,0,0,0,1,0,1,1,0,0,0,NA,NA,NA,NA,NA,NA,NA,NA,NA,NA,NA,NA,NA,NA,NA,NA,NA,NA,NA,NA,NA,NA,NA,NA
1386,Tolpis barbata,Asteraceae,Tolpis,barbata,Campanulids,annual,Biotic,dry_indehiscent,0.095890742,NoInfo,1,0,0,0,NoInfo,NoInfo,NoInfo,NoInfo,NoInfo,NoInfo,NoInfo,NoInfo,NoInfo,NoInfo,1,1,-0.008215896,0.19497159,1.120683918,11.8655102,2.277402611,0.906988161,19.25342794,4.477592458,37.07618012,-13.34515973,50.42133985,14.77583548,NA,NA,NA,NA,NA,NA,NA,5,1,1,1
1387,Tolpis macrorhiza,Asteraceae,Tolpis,macrorhiza,Campanulids,perennial,Biotic,dry_indehiscent,0.165796914,NoInfo,1,0,0,0,NoInfo,NoInfo,NoInfo,NoInfo,NoInfo,NoInfo,NoInfo,NoInfo,NoInfo,NoInfo,0,NA,NA,NA,NA,NA,NA,NA,NA,NA,NA,NA,NA,NA,NA,NA,NA,NA,NA,NA,NA,NA,NA,NA,NA
1388,Tolpis virgata,Asteraceae,Tolpis,virgata,Campanulids,perennial,Biotic,dry_indehiscent,0.165796914,NoInfo,1,0,0,1,0,0,0,0,1,0,0,0,0,0,0,NA,NA,NA,NA,NA,NA,NA,NA,NA,NA,NA,NA,NA,NA,NA,NA,NA,NA,NA,NA,NA,NA,NA,NA
1389,Tordylium apulum,Apiaceae,Tordylium,apulum,Campanulids,annual,Biotic,dry_indehiscent,5.228273232,NoInfo,1,0,0,0,NoInfo,NoInfo,NoInfo,NoInfo,NoInfo,NoInfo,NoInfo,NoInfo,NoInfo,NoInfo,0,NA,NA,NA,NA,NA,NA,NA,NA,NA,NA,NA,NA,NA,NA,NA,NA,NA,NA,NA,NA,NA,NA,NA,NA
1390,Torilis leptophylla,Apiaceae,Torilis,leptophylla,Campanulids,annual,Biotic,dry_indehiscent,1.4745,NoInfo,1,0,0,1,0,0,0,0,0,0,0,1,0,0,1,0,NA,NA,NA,NA,NA,NA,NA,NA,NA,NA,NA,NA,NA,NA,NA,NA,NA,NA,NA,NA,0,NA,0
1391,Torminalis glaberrima,Rosaceae,Torminalis,glaberrima,Fabids,woody,Biotic,fleshy,55.079075,NoInfo,1,0,0,1,0,1,0,0,1,0,1,1,0,0,0,NA,NA,NA,NA,NA,NA,NA,NA,NA,NA,NA,NA,NA,NA,NA,NA,NA,NA,NA,NA,NA,NA,NA,NA
1392,Tournefortia sibirica,Boraginaceae,Tournefortia,sibirica,Lamiids,perennial,Biotic,fleshy,15.34833333,NoInfo,1,0,0,0,NoInfo,NoInfo,NoInfo,NoInfo,NoInfo,NoInfo,NoInfo,NoInfo,NoInfo,NoInfo,0,NA,NA,NA,NA,NA,NA,NA,NA,NA,NA,NA,NA,NA,NA,NA,NA,NA,NA,NA,NA,NA,NA,NA,NA
1393,Tragopogon olympicus,Asteraceae,Tragopogon,olympicus,Campanulids,perennial,Biotic,dry_indehiscent,10.55549581,ND,1,0,0,0,NoInfo,NoInfo,NoInfo,NoInfo,NoInfo,NoInfo,NoInfo,NoInfo,NoInfo,NoInfo,0,NA,NA,NA,NA,NA,NA,NA,NA,NA,NA,NA,NA,NA,NA,NA,NA,NA,NA,NA,NA,NA,NA,NA,NA
1394,Tragopogon pratensis,Asteraceae,Tragopogon,pratensis,Campanulids,perennial,Biotic,dry_indehiscent,8.562477027,ND,1,0,1,1,0,0,0,0,0,1,0,1,0,0,0,NA,NA,NA,NA,NA,NA,NA,NA,NA,NA,NA,NA,NA,NA,NA,NA,NA,NA,NA,NA,NA,NA,NA,NA
1395,Trichophorum cespitosum,Cyperaceae,Trichophorum,cespitosum,Commelinid-monocots,perennial,Abiotic,dry_indehiscent,0.441454545,NoInfo,1,0,0,0,NoInfo,NoInfo,NoInfo,NoInfo,NoInfo,NoInfo,NoInfo,NoInfo,NoInfo,NoInfo,0,NA,NA,NA,NA,NA,NA,NA,NA,NA,NA,NA,NA,NA,NA,NA,NA,NA,NA,NA,NA,NA,NA,NA,NA
1396,Trifolium alpestre,Fabaceae,Trifolium,alpestre,Fabids,perennial,Biotic,dry_dehiscent,1.37,PY(PD),1,0,1,1,0,0,0,1,0,0,0,1,0,0,0,NA,NA,NA,NA,NA,NA,NA,NA,NA,NA,NA,NA,NA,NA,NA,NA,NA,NA,NA,NA,NA,NA,NA,NA
1397,Trifolium angustifolium,Fabaceae,Trifolium,angustifolium,Fabids,annual,Biotic,dry_dehiscent,1.6685,PY(PD),1,0,0,1,0,0,0,1,0,0,0,0,0,0,1,1,-0.217062362,7.7103762,-63.01252989,17.76073968,5.458462387,0.99575797,21.21887896,14.30260041,23.98263029,11.53884908,12.44378121,6.916278543,0.324822156,0.769476851,0.240367402,0.973032237,0.514413944,0.580276908,0.975012627,4,1,0,0
1398,Trifolium arvense,Fabaceae,Trifolium,arvense,Fabids,perennial,Biotic,dry_dehiscent,0.364084943,PY(PD),2,0,0,1,1,0,0,1,0,0,0,1,0,0,1,1,-0.038858558,1.121018299,-4.948722976,14.42434242,3.136252922,0.958363618,19.01011038,9.838574452,26.93364674,1.91503809,25.01860865,9.171535928,2.522263709,4.779022513,1.142784898,2.224267395,1.335270585,7.16030381,2.318373437,8,1,0,0
1399,Trifolium campestre,Fabaceae,Trifolium,campestre,Fabids,annual,Biotic,dry_dehiscent,0.319024568,PY(PD),7,0,1,1,1,0,0,0,0,0,0,0,1,0,1,1,0.071441271,-2.809447763,31.79677413,19.66263849,4.176196263,0.984875455,NA,NA,NA,NA,NA,NA,NA,NA,NA,NA,NA,NA,NA,7,0,0,0
1400,Trifolium caudatum,Fabaceae,Trifolium,caudatum,Fabids,perennial,Biotic,dry_dehiscent,30.25917326,PY(PD),1,0,0,0,NoInfo,NoInfo,NoInfo,NoInfo,NoInfo,NoInfo,NoInfo,NoInfo,NoInfo,NoInfo,0,NA,NA,NA,NA,NA,NA,NA,NA,NA,NA,NA,NA,NA,NA,NA,NA,NA,NA,NA,NA,NA,NA,NA,NA
1401,Trifolium cherleri,Fabaceae,Trifolium,cherleri,Fabids,annual,Biotic,dry_dehiscent,2.953080875,PY(PD),2,0,0,1,1,0,0,1,0,0,0,0,0,0,1,1,-0.019604163,0.297516371,5.016125338,7.588091476,6.144916058,0.997860233,20.44876837,-5.272585414,29.12048837,-13.94430542,43.06479379,25.72135378,NA,NA,NA,NA,NA,NA,NA,5,1,0,0
1402,Trifolium dubium,Fabaceae,Trifolium,dubium,Fabids,annual,Biotic,dry_dehiscent,0.403816912,PY(PD),2,0,1,1,1,1,0,0,0,1,0,1,0,0,1,1,-0.043778728,1.469365871,-9.036036866,16.78173332,3.29321623,0.964195353,21.32639587,12.23707077,28.71829136,4.845175282,23.87311608,9.089325091,NA,NA,NA,NA,NA,NA,NA,9,1,1,1
1403,Trifolium fragiferum,Fabaceae,Trifolium,fragiferum,Fabids,perennial,Biotic,dry_dehiscent,1.296533221,PY(PD),1,0,1,1,1,1,0,0,0,1,0,1,0,0,1,1,-0.080702091,2.828417982,-20.06206971,17.52382094,4.720275423,0.991166011,22.42661869,12.62102318,27.2693539,7.778287971,19.49106593,9.805595506,NA,NA,NA,NA,NA,NA,NA,4,1,1,1
1404,Trifolium glomeratum,Fabaceae,Trifolium,glomeratum,Fabids,perennial,Biotic,dry_dehiscent,0.3808,PY(PD),2,0,0,1,1,0,0,1,0,0,0,0,0,0,1,1,-0.319558041,11.43696085,-95.22594182,17.89496648,7.10607368,0.999180563,21.510766,14.27916695,23.50311146,12.28682149,11.21628997,7.231599054,NA,NA,0.301089492,0.399703901,0.334973644,NA,0.22805002,4,1,0,0
1405,Trifolium heldreichianum,Fabaceae,Trifolium,heldreichianum,Fabids,perennial,Biotic,dry_dehiscent,30.25917326,PY(PD),1,0,0,1,0,0,0,1,0,0,0,0,0,0,0,NA,NA,NA,NA,NA,NA,NA,NA,NA,NA,NA,NA,NA,NA,NA,NA,NA,NA,NA,NA,NA,NA,NA,NA
1406,Trifolium hybridum,Fabaceae,Trifolium,hybridum,Fabids,perennial,Biotic,dry_dehiscent,0.811757554,PY(PD),1,0,1,1,1,1,0,0,0,1,0,1,1,0,0,NA,NA,NA,NA,NA,NA,NA,NA,NA,NA,NA,NA,NA,NA,NA,NA,NA,NA,NA,NA,NA,NA,NA,NA
1407,Trifolium incarnatum,Fabaceae,Trifolium,incarnatum,Fabids,annual,Biotic,dry_dehiscent,3.032624449,ND,1,0,1,1,1,1,0,1,1,1,0,0,1,0,0,NA,NA,NA,NA,NA,NA,NA,NA,NA,NA,NA,NA,NA,NA,NA,NA,NA,NA,NA,NA,NA,NA,NA,NA
1408,Trifolium infamia-ponertii,Fabaceae,Trifolium,infamia-ponertii,Fabids,annual,Biotic,dry_dehiscent,30.25917326,PY(PD),1,0,0,0,NoInfo,NoInfo,NoInfo,NoInfo,NoInfo,NoInfo,NoInfo,NoInfo,NoInfo,NoInfo,0,NA,NA,NA,NA,NA,NA,NA,NA,NA,NA,NA,NA,NA,NA,NA,NA,NA,NA,NA,NA,NA,NA,NA,NA
1409,Trifolium michelianum,Fabaceae,Trifolium,michelianum,Fabids,annual,Biotic,dry_dehiscent,30.25917326,PY(PD),1,0,1,1,1,0,0,0,0,0,0,0,0,0,0,NA,NA,NA,NA,NA,NA,NA,NA,NA,NA,NA,NA,NA,NA,NA,NA,NA,NA,NA,NA,NA,NA,NA,NA
1410,Trifolium nigrescens,Fabaceae,Trifolium,nigrescens,Fabids,annual,Biotic,dry_dehiscent,0.5,PY(PD),1,0,0,1,1,1,0,1,0,1,0,0,0,0,1,1,-0.144744786,5.289375999,-44.14237044,18.27138694,4.179747335,0.98492826,21.49304062,15.04973325,25.28700875,11.25576513,14.03124362,6.443307372,NA,NA,NA,NA,NA,NA,NA,4,1,0,0
1411,Trifolium pallidum,Fabaceae,Trifolium,pallidum,Fabids,perennial,Biotic,dry_dehiscent,0.8453,PY(PD),1,0,0,1,0,0,0,1,0,0,0,0,0,0,1,1,-0.074493351,2.559534504,-17.30190961,17.17961717,4.68400185,0.990842677,22.24209959,12.11713474,27.29911905,7.060115289,20.23900376,10.12496485,7.26460005,11.8113303,1.909581023,6.62957084,2.662168457,18.87366714,8.17599259,4,1,0,0
1412,Trifolium pannonicum,Fabaceae,Trifolium,pannonicum,Fabids,perennial,Biotic,dry_dehiscent,2.215,PY(PD),1,0,0,1,0,0,0,1,0,0,0,0,0,0,0,NA,NA,NA,NA,NA,NA,NA,NA,NA,NA,NA,NA,NA,NA,NA,NA,NA,NA,NA,NA,NA,NA,NA,NA
1413,Trifolium parnassi,Fabaceae,Trifolium,parnassi,Fabids,perennial,Biotic,dry_dehiscent,30.25917326,PY(PD),1,0,0,0,NoInfo,NoInfo,NoInfo,NoInfo,NoInfo,NoInfo,NoInfo,NoInfo,NoInfo,NoInfo,0,NA,NA,NA,NA,NA,NA,NA,NA,NA,NA,NA,NA,NA,NA,NA,NA,NA,NA,NA,NA,NA,NA,NA,NA
1414,Trifolium patens,Fabaceae,Trifolium,patens,Fabids,annual,Biotic,dry_dehiscent,0.589166667,PY(PD),1,0,0,0,NoInfo,NoInfo,NoInfo,NoInfo,NoInfo,NoInfo,NoInfo,NoInfo,NoInfo,NoInfo,0,NA,NA,NA,NA,NA,NA,NA,NA,NA,NA,NA,NA,NA,NA,NA,NA,NA,NA,NA,NA,NA,NA,NA,NA
1415,Trifolium pignantii,Fabaceae,Trifolium,pignantii,Fabids,perennial,Biotic,dry_dehiscent,30.25917326,PY(PD),1,0,0,0,NoInfo,NoInfo,NoInfo,NoInfo,NoInfo,NoInfo,NoInfo,NoInfo,NoInfo,NoInfo,0,NA,NA,NA,NA,NA,NA,NA,NA,NA,NA,NA,NA,NA,NA,NA,NA,NA,NA,NA,NA,NA,NA,NA,NA
1416,Trifolium pratense,Fabaceae,Trifolium,pratense,Fabids,perennial,Biotic,dry_dehiscent,1.585316838,PY(PD),4,0,1,1,1,1,0,1,1,1,0,1,1,0,1,1,-0.000528214,-0.002492246,1.850403603,-2.359123044,1.85334336,0.864519174,22.5679023,-27.28614839,92.94575145,-97.66399754,190.609749,49.8540507,295.6229957,647.5273966,9.950893856,359.7067665,177.7413526,941.807526,364.1538173,14,1,0,0
1417,Trifolium repens,Fabaceae,Trifolium,repens,Fabids,perennial,Biotic,dry_dehiscent,0.571033357,PY(PD),3,0,1,1,1,1,0,1,1,1,0,1,1,1,1,1,-0.010047035,0.328628816,-0.189571247,16.35451691,2.497711518,0.923981233,23.59091767,9.11811615,39.62826399,-6.919230177,46.54749417,14.47280152,6.389946733,5.908580444,2.276363736,2.508680431,1.348598294,12.00877241,3.959261204,16,1,1,1
1418,Trifolium resupinatum,Fabaceae,Trifolium,resupinatum,Fabids,annual,Biotic,dry_dehiscent,1.009090909,PY(PD),1,0,0,1,1,1,0,0,0,1,0,0,0,0,1,1,-0.026576563,0.508472795,4.135071113,9.566188016,6.567144291,0.998596167,21.28605844,-2.153682406,28.48426552,-9.351889491,37.83615501,23.43974084,NA,0.299572014,NA,NA,NA,NA,NA,4,1,0,0
1419,Trifolium scabrum,Fabaceae,Trifolium,scabrum,Fabids,annual,Biotic,dry_dehiscent,0.684939091,PY(PD),3,0,0,1,0,0,0,1,0,0,0,0,0,0,1,1,0.09047031,-4.253625791,53.0858264,23.50840725,3.087842727,0.956388475,NA,NA,NA,NA,NA,NA,NA,NA,NA,NA,NA,NA,NA,6,0,0,0
1420,Trifolium squamosum,Fabaceae,Trifolium,squamosum,Fabids,annual,Biotic,dry_dehiscent,1.484285714,PY(PD),1,0,1,1,1,0,0,1,0,0,0,0,0,0,1,0,NA,NA,NA,NA,NA,NA,NA,NA,NA,NA,NA,NA,NA,NA,NA,NA,NA,NA,NA,NA,0,NA,0
1421,Trifolium stellatum,Fabaceae,Trifolium,stellatum,Fabids,annual,Biotic,dry_dehiscent,3.351858018,PY(PD),2,0,0,1,0,0,0,1,0,0,0,1,0,0,1,1,-0.000175371,-0.667836146,15.65709162,-1904.069005,651.4601444,1,18.94137351,-3827.079383,27.65263641,-3835.790646,3863.443283,3846.020757,NA,NA,NA,NA,NA,NA,NA,5,1,0,0
1422,Trifolium striatum,Fabaceae,Trifolium,striatum,Fabids,perennial,Biotic,dry_dehiscent,1.822163636,PY(PD),1,0,0,1,1,0,0,1,0,0,0,0,0,0,1,1,0.652163368,-25.87592909,258.7656802,19.83853309,2.095442453,0.89045942,NA,NA,NA,NA,NA,NA,NA,NA,NA,NA,NA,NA,NA,3,0,0,0
1423,Trifolium subterraneum,Fabaceae,Trifolium,subterraneum,Fabids,annual,Biotic,dry_dehiscent,6.530998613,PY(PD),1,0,1,1,1,1,0,1,0,0,0,0,1,0,1,0,NA,NA,NA,NA,NA,NA,NA,NA,NA,NA,NA,NA,NA,NA,NA,NA,NA,NA,NA,NA,0,NA,0
1424,Trifolium suffocatum,Fabaceae,Trifolium,suffocatum,Fabids,annual,Biotic,dry_dehiscent,0.20653,PY(PD),1,0,0,1,0,0,0,1,0,0,0,0,0,0,1,1,-0.026640764,0.665891933,0.622474191,12.49761315,4.78350408,0.991702789,21.14860648,3.84661983,29.52933739,-4.534111078,34.06344846,17.30198665,NA,NA,NA,NA,NA,NA,NA,4,1,0,0
1425,Trifolium tomentosum,Fabaceae,Trifolium,tomentosum,Fabids,annual,Biotic,dry_dehiscent,0.60135,PY(PD),1,0,0,1,1,1,0,0,0,0,0,0,0,0,1,1,0.255271234,-9.575561134,91.08474751,18.75566038,1.286761232,0.78359849,NA,NA,NA,NA,NA,NA,NA,NA,NA,NA,0.675702984,NA,NA,4,0,0,0
1426,Trifolium uniflorum,Fabaceae,Trifolium,uniflorum,Fabids,perennial,Biotic,dry_dehiscent,30.25917326,PY(PD),1,0,0,1,0,1,0,1,0,0,0,0,0,0,0,NA,NA,NA,NA,NA,NA,NA,NA,NA,NA,NA,NA,NA,NA,NA,NA,NA,NA,NA,NA,NA,NA,NA,NA
1427,Trigonella lycica,Fabaceae,Trigonella,lycica,Fabids,perennial,Biotic,dry_dehiscent,3.977465265,NoInfo,1,0,0,0,NoInfo,NoInfo,NoInfo,NoInfo,NoInfo,NoInfo,NoInfo,NoInfo,NoInfo,NoInfo,0,NA,NA,NA,NA,NA,NA,NA,NA,NA,NA,NA,NA,NA,NA,NA,NA,NA,NA,NA,NA,NA,NA,NA,NA
1428,Trinia glauca,Apiaceae,Trinia,glauca,Campanulids,perennial,Biotic,dry_indehiscent,1.641584615,M(P)D,1,0,1,0,NoInfo,NoInfo,NoInfo,NoInfo,NoInfo,NoInfo,NoInfo,NoInfo,NoInfo,NoInfo,0,NA,NA,NA,NA,NA,NA,NA,NA,NA,NA,NA,NA,NA,NA,NA,NA,NA,NA,NA,NA,NA,NA,NA,NA
1429,Tripidium ravennae,Poaceae,Tripidium,ravennae,Commelinid-monocots,perennial,Abiotic,dry_indehiscent,1.4272,NoInfo,1,0,0,0,NoInfo,NoInfo,NoInfo,NoInfo,NoInfo,NoInfo,NoInfo,NoInfo,NoInfo,NoInfo,0,NA,NA,NA,NA,NA,NA,NA,NA,NA,NA,NA,NA,NA,NA,NA,NA,NA,NA,NA,NA,NA,NA,NA,NA
1430,Tripleurospermum elongatum,Asteraceae,Tripleurospermum,elongatum,Campanulids,perennial,Biotic,dry_indehiscent,0.4656,NoInfo,1,0,0,0,NoInfo,NoInfo,NoInfo,NoInfo,NoInfo,NoInfo,NoInfo,NoInfo,NoInfo,NoInfo,0,NA,NA,NA,NA,NA,NA,NA,NA,NA,NA,NA,NA,NA,NA,NA,NA,NA,NA,NA,NA,NA,NA,NA,NA
1431,Tripolium pannonicum,Asteraceae,Tripolium,pannonicum,Campanulids,perennial,Biotic,dry_indehiscent,1.10625,PD,1,0,0,0,NoInfo,NoInfo,NoInfo,NoInfo,NoInfo,NoInfo,NoInfo,NoInfo,NoInfo,NoInfo,1,1,-0.049354666,1.73985284,-14.39558324,17.62602176,0.937758767,0.718646717,19.49003243,15.76201109,26.49502303,8.757020489,17.73800254,3.728021343,NA,NA,NA,NA,NA,NA,NA,7,1,1,1
1432,Trisetum flavescens,Poaceae,Trisetum,flavescens,Commelinid-monocots,perennial,Biotic,dry_indehiscent,0.3442125,PD,1,0,1,1,1,1,0,0,0,0,0,1,1,0,1,1,0.00042802,0.117834439,0.706190223,-137.6505578,-7.403797885,0.000608565,NA,NA,-239.7219599,-35.57915567,-204.1428043,NA,3398.678885,133.0601002,NA,NA,1633.125579,3531.154155,NA,11,0,0,0
1433,Trisetum gracile,Poaceae,Trisetum,gracile,Commelinid-monocots,perennial,Abiotic,dry_indehiscent,0.77210625,PD,2,0,0,0,NoInfo,NoInfo,NoInfo,NoInfo,NoInfo,NoInfo,NoInfo,NoInfo,NoInfo,NoInfo,0,NA,NA,NA,NA,NA,NA,NA,NA,NA,NA,NA,NA,NA,NA,NA,NA,NA,NA,NA,NA,NA,NA,NA,NA
1434,Trisetum laconicum,Poaceae,Trisetum,laconicum,Commelinid-monocots,perennial,Abiotic,dry_indehiscent,0.77210625,PD,1,0,0,0,NoInfo,NoInfo,NoInfo,NoInfo,NoInfo,NoInfo,NoInfo,NoInfo,NoInfo,NoInfo,0,NA,NA,NA,NA,NA,NA,NA,NA,NA,NA,NA,NA,NA,NA,NA,NA,NA,NA,NA,NA,NA,NA,NA,NA
1435,Trocdaris verticillata,Apiaceae,Trocdaris,verticillata,Campanulids,perennial,Biotic,dry_indehiscent,0.899666667,NoInfo,1,0,1,0,NoInfo,NoInfo,NoInfo,NoInfo,NoInfo,NoInfo,NoInfo,NoInfo,NoInfo,NoInfo,1,1,-0.046196983,1.222907995,-5.5244955,13.23579931,2.568586896,0.928812318,16.69721082,9.774387797,24.15996322,2.311635398,21.84832782,6.922823024,NA,NA,NA,NA,NA,NA,NA,7,1,1,1
1436,Tuberaria guttata,Cistaceae,Tuberaria,guttata,Malvids,annual,Biotic,dry_dehiscent,0.4429,PY(PD),3,0,0,0,NoInfo,NoInfo,NoInfo,NoInfo,NoInfo,NoInfo,NoInfo,NoInfo,NoInfo,NoInfo,0,NA,NA,NA,NA,NA,NA,NA,NA,NA,NA,NA,NA,NA,NA,NA,NA,NA,NA,NA,NA,NA,NA,NA,NA
1437,Turnera cuneiformis,Passifloraceae,Turnera,cuneiformis,Fabids,perennial,Biotic,fleshy,1.1828,NoInfo,1,0,0,0,NoInfo,NoInfo,NoInfo,NoInfo,NoInfo,NoInfo,NoInfo,NoInfo,NoInfo,NoInfo,0,NA,NA,NA,NA,NA,NA,NA,NA,NA,NA,NA,NA,NA,NA,NA,NA,NA,NA,NA,NA,NA,NA,NA,NA
1438,Turritis laxa,Brassicaceae,Turritis,laxa,Malvids,perennial,Biotic,dry_dehiscent,0.087004391,NoInfo,1,0,0,0,NoInfo,NoInfo,NoInfo,NoInfo,NoInfo,NoInfo,NoInfo,NoInfo,NoInfo,NoInfo,0,NA,NA,NA,NA,NA,NA,NA,NA,NA,NA,NA,NA,NA,NA,NA,NA,NA,NA,NA,NA,NA,NA,NA,NA
1439,Typha angustifolia,Typhaceae,Typha,angustifolia,Commelinid-monocots,perennial,Abiotic,dry_indehiscent,0.106714286,PD,1,0,0,1,1,1,1,1,1,0,1,1,0,0,0,NA,NA,NA,NA,NA,NA,NA,NA,NA,NA,NA,NA,NA,NA,NA,NA,NA,NA,NA,NA,NA,NA,NA,NA
1440,Ulmus minor,Ulmaceae,Ulmus,minor,Fabids,woody,Biotic,dry_indehiscent,5.973466667,ND,2,0,0,1,0,1,0,1,0,0,1,1,1,1,1,1,-0.018484963,0.958356119,-9.465163113,25.92258651,2.956371595,0.950563765,32.18505947,19.66011355,43.78937683,8.055796195,35.73358063,12.52494592,NA,NA,NA,NA,NA,NA,NA,3,1,0,0
1441,Urospermum picroides,Asteraceae,Urospermum,picroides,Campanulids,annual,Biotic,dry_indehiscent,1.8,NoInfo,1,0,0,0,NoInfo,NoInfo,NoInfo,NoInfo,NoInfo,NoInfo,NoInfo,NoInfo,NoInfo,NoInfo,1,0,NA,NA,NA,NA,NA,NA,NA,NA,NA,NA,NA,NA,NA,NA,NA,NA,NA,NA,NA,NA,0,NA,0
1442,Urtica dioica,Urticaceae,Urtica,dioica,Fabids,perennial,Biotic,dry_indehiscent,0.134518519,PD,1,0,1,1,1,0,0,1,1,0,1,1,1,1,1,1,-0.006737913,0.305039434,-2.438031103,22.63604638,1.014412288,0.733882753,27.81134599,17.46074677,46.87544745,-1.6033547,48.47880215,10.35059922,19.02253077,6.240606351,13.17124122,6.375605643,7.068320251,24.53077831,15.11341392,18,1,1,1
1443,Vaccinium myrtillus,Ericaceae,Vaccinium,myrtillus,Asterids,perennial,Biotic,fleshy,0.27637,M(P)D,2,0,1,1,1,0,0,1,1,1,1,1,0,0,1,1,-0.003394005,0.283673324,-5.116052741,41.79035391,0.811351553,0.692397437,48.61213222,34.96857561,75.05588454,8.524823293,66.53106124,13.6435566,180.8020421,4.082025202,259.8936668,82.67820663,89.11347442,183.4318331,342.0467255,7,1,0,0
1444,Vaccinium vitis-idaea,Ericaceae,Vaccinium,vitis-idaea,Asterids,perennial,Biotic,dry_dehiscent,0.285030769,M(P)D,1,0,1,1,0,0,0,1,1,0,0,1,0,0,0,NA,NA,NA,NA,NA,NA,NA,NA,NA,NA,NA,NA,NA,NA,NA,NA,NA,NA,NA,NA,NA,NA,NA,NA
1445,Valantia hispida,Rubiaceae,Valantia,hispida,Lamiids,annual,Biotic,dry_dehiscent,0.295,NoInfo,2,0,0,0,NoInfo,NoInfo,NoInfo,NoInfo,NoInfo,NoInfo,NoInfo,NoInfo,NoInfo,NoInfo,0,NA,NA,NA,NA,NA,NA,NA,NA,NA,NA,NA,NA,NA,NA,NA,NA,NA,NA,NA,NA,NA,NA,NA,NA
1446,Valeriana calcitrapae,Caprifoliaceae,Valeriana,calcitrapae,Campanulids,annual,Biotic,fleshy,1.379983403,PD,1,0,0,0,NoInfo,NoInfo,NoInfo,NoInfo,NoInfo,NoInfo,NoInfo,NoInfo,NoInfo,NoInfo,0,NA,NA,NA,NA,NA,NA,NA,NA,NA,NA,NA,NA,NA,NA,NA,NA,NA,NA,NA,NA,NA,NA,NA,NA
1447,Valeriana montana,Caprifoliaceae,Valeriana,montana,Campanulids,perennial,Biotic,dry_indehiscent,1.379983403,PD,1,0,1,0,NoInfo,NoInfo,NoInfo,NoInfo,NoInfo,NoInfo,NoInfo,NoInfo,NoInfo,NoInfo,0,NA,NA,NA,NA,NA,NA,NA,NA,NA,NA,NA,NA,NA,NA,NA,NA,NA,NA,NA,NA,NA,NA,NA,NA
1448,Valeriana tuberosa,Caprifoliaceae,Valeriana,tuberosa,Campanulids,perennial,Biotic,fleshy,1.379983403,PD,1,0,0,1,0,0,0,0,0,0,0,1,0,0,0,NA,NA,NA,NA,NA,NA,NA,NA,NA,NA,NA,NA,NA,NA,NA,NA,NA,NA,NA,NA,NA,NA,NA,NA
1449,Veratrum lobelianum,Melanthiaceae,Veratrum,lobelianum,Monocots,perennial,NoInfo,dry_dehiscent,1.951,NoInfo,1,0,1,1,0,0,0,0,0,0,0,1,1,0,0,NA,NA,NA,NA,NA,NA,NA,NA,NA,NA,NA,NA,NA,NA,NA,NA,NA,NA,NA,NA,NA,NA,NA,NA
1450,Verbascum epixanthinum,Scrophulariaceae,Verbascum,epixanthinum,Lamiids,perennial,Biotic,dry_dehiscent,0.842492196,NoInfo,1,0,0,0,NoInfo,NoInfo,NoInfo,NoInfo,NoInfo,NoInfo,NoInfo,NoInfo,NoInfo,NoInfo,0,NA,NA,NA,NA,NA,NA,NA,NA,NA,NA,NA,NA,NA,NA,NA,NA,NA,NA,NA,NA,NA,NA,NA,NA
1451,Verbascum glomerulosum,Scrophulariaceae,Verbascum,glomerulosum,Lamiids,perennial,Biotic,dry_dehiscent,0.842492196,NoInfo,1,0,0,0,NoInfo,NoInfo,NoInfo,NoInfo,NoInfo,NoInfo,NoInfo,NoInfo,NoInfo,NoInfo,0,NA,NA,NA,NA,NA,NA,NA,NA,NA,NA,NA,NA,NA,NA,NA,NA,NA,NA,NA,NA,NA,NA,NA,NA
1452,Verbascum lasianthum,Scrophulariaceae,Verbascum,lasianthum,Lamiids,perennial,Biotic,dry_dehiscent,0.842492196,NoInfo,1,0,0,0,NoInfo,NoInfo,NoInfo,NoInfo,NoInfo,NoInfo,NoInfo,NoInfo,NoInfo,NoInfo,0,NA,NA,NA,NA,NA,NA,NA,NA,NA,NA,NA,NA,NA,NA,NA,NA,NA,NA,NA,NA,NA,NA,NA,NA
1453,Verbascum myriocarpum,Scrophulariaceae,Verbascum,myriocarpum,Lamiids,perennial,Biotic,dry_dehiscent,0.842492196,NoInfo,1,0,0,0,NoInfo,NoInfo,NoInfo,NoInfo,NoInfo,NoInfo,NoInfo,NoInfo,NoInfo,NoInfo,0,NA,NA,NA,NA,NA,NA,NA,NA,NA,NA,NA,NA,NA,NA,NA,NA,NA,NA,NA,NA,NA,NA,NA,NA
1454,Verbascum nicolai,Scrophulariaceae,Verbascum,nicolai,Lamiids,perennial,Biotic,dry_dehiscent,0.842492196,NoInfo,1,0,0,0,NoInfo,NoInfo,NoInfo,NoInfo,NoInfo,NoInfo,NoInfo,NoInfo,NoInfo,NoInfo,0,NA,NA,NA,NA,NA,NA,NA,NA,NA,NA,NA,NA,NA,NA,NA,NA,NA,NA,NA,NA,NA,NA,NA,NA
1455,Verbascum orgyale,Scrophulariaceae,Verbascum,orgyale,Lamiids,perennial,Biotic,dry_dehiscent,0.842492196,NoInfo,1,0,0,0,NoInfo,NoInfo,NoInfo,NoInfo,NoInfo,NoInfo,NoInfo,NoInfo,NoInfo,NoInfo,0,NA,NA,NA,NA,NA,NA,NA,NA,NA,NA,NA,NA,NA,NA,NA,NA,NA,NA,NA,NA,NA,NA,NA,NA
1456,Verbascum spinosum,Scrophulariaceae,Verbascum,spinosum,Lamiids,perennial,Biotic,dry_dehiscent,0.842492196,NoInfo,1,0,0,0,NoInfo,NoInfo,NoInfo,NoInfo,NoInfo,NoInfo,NoInfo,NoInfo,NoInfo,NoInfo,1,1,-0.010998125,0.506097713,-3.848566774,23.00836432,1.973673513,0.878005138,28.71905049,17.29767816,44.15493324,1.861795405,42.29313784,11.42137233,29.25621192,5.72181159,22.75665853,3.180738139,12.02588255,34.62430827,21.85126542,4,1,0,0
1457,Verbena officinalis,Verbenaceae,Verbena,officinalis,Lamiids,perennial,Biotic,dry_dehiscent,0.357561538,PD,2,0,0,1,0,1,1,0,1,0,1,1,1,1,1,1,0.011295817,-0.485692062,4.547300812,21.49875707,-0.673587014,0.337694114,NA,NA,NA,NA,NA,NA,NA,NA,NA,NA,4.486433532,NA,NA,6,0,1,0
1458,Veronica arvensis,Plantaginaceae,Veronica,arvensis,Lamiids,annual,Biotic,dry_dehiscent,0.1181,PD,1,0,1,0,NoInfo,NoInfo,NoInfo,NoInfo,NoInfo,NoInfo,NoInfo,NoInfo,NoInfo,NoInfo,0,NA,NA,NA,NA,NA,NA,NA,NA,NA,NA,NA,NA,NA,NA,NA,NA,NA,NA,NA,NA,NA,NA,NA,NA
1459,Veronica chamaedrys,Plantaginaceae,Veronica,chamaedrys,Lamiids,perennial,Biotic,dry_dehiscent,0.22512963,PD,3,0,1,1,0,0,0,0,0,0,0,1,0,0,0,NA,NA,NA,NA,NA,NA,NA,NA,NA,NA,NA,NA,NA,NA,NA,NA,NA,NA,NA,NA,NA,NA,NA,NA
1460,Veronica cuneifolia,Plantaginaceae,Veronica,cuneifolia,Lamiids,perennial,Biotic,fleshy,0.452419031,PD,1,0,0,0,NoInfo,NoInfo,NoInfo,NoInfo,NoInfo,NoInfo,NoInfo,NoInfo,NoInfo,NoInfo,0,NA,NA,NA,NA,NA,NA,NA,NA,NA,NA,NA,NA,NA,NA,NA,NA,NA,NA,NA,NA,NA,NA,NA,NA
1461,Veronica dichrus,Plantaginaceae,Veronica,dichrus,Lamiids,perennial,Biotic,fleshy,0.452419031,PD,1,0,0,0,NoInfo,NoInfo,NoInfo,NoInfo,NoInfo,NoInfo,NoInfo,NoInfo,NoInfo,NoInfo,0,NA,NA,NA,NA,NA,NA,NA,NA,NA,NA,NA,NA,NA,NA,NA,NA,NA,NA,NA,NA,NA,NA,NA,NA
1462,Veronica macrostachya,Plantaginaceae,Veronica,macrostachya,Lamiids,perennial,Biotic,fleshy,0.452419031,PD,1,0,0,0,NoInfo,NoInfo,NoInfo,NoInfo,NoInfo,NoInfo,NoInfo,NoInfo,NoInfo,NoInfo,0,NA,NA,NA,NA,NA,NA,NA,NA,NA,NA,NA,NA,NA,NA,NA,NA,NA,NA,NA,NA,NA,NA,NA,NA
1463,Veronica officinalis,Plantaginaceae,Veronica,officinalis,Lamiids,perennial,Biotic,dry_dehiscent,0.1439,PD,2,0,1,1,0,0,0,0,1,0,0,1,0,0,1,1,-0.029128151,1.004700585,-7.701232326,17.24621288,0.96240776,0.72360362,19.69246167,14.79996409,28.82749734,5.664928422,23.16256892,4.892497582,1.391426558,1.766531382,3.383180491,3.363782466,0.672566701,2.881669327,6.611543054,12,1,1,1
1464,Veronica orientalis,Plantaginaceae,Veronica,orientalis,Lamiids,perennial,Biotic,fleshy,0.7216,PD,1,0,0,0,NoInfo,NoInfo,NoInfo,NoInfo,NoInfo,NoInfo,NoInfo,NoInfo,NoInfo,NoInfo,0,NA,NA,NA,NA,NA,NA,NA,NA,NA,NA,NA,NA,NA,NA,NA,NA,NA,NA,NA,NA,NA,NA,NA,NA
1465,Veronica pectinata,Plantaginaceae,Veronica,pectinata,Lamiids,perennial,Biotic,fleshy,0.452419031,PD,1,0,0,0,NoInfo,NoInfo,NoInfo,NoInfo,NoInfo,NoInfo,NoInfo,NoInfo,NoInfo,NoInfo,0,NA,NA,NA,NA,NA,NA,NA,NA,NA,NA,NA,NA,NA,NA,NA,NA,NA,NA,NA,NA,NA,NA,NA,NA
1466,Veronica repens,Plantaginaceae,Veronica,repens,Lamiids,perennial,Biotic,fleshy,0.452419031,PD,1,0,0,0,NoInfo,NoInfo,NoInfo,NoInfo,NoInfo,NoInfo,NoInfo,NoInfo,NoInfo,NoInfo,0,NA,NA,NA,NA,NA,NA,NA,NA,NA,NA,NA,NA,NA,NA,NA,NA,NA,NA,NA,NA,NA,NA,NA,NA
1467,Veronica syriaca,Plantaginaceae,Veronica,syriaca,Lamiids,annual,Biotic,fleshy,0.1048,PD,1,0,0,1,0,0,0,0,0,0,0,1,0,0,0,NA,NA,NA,NA,NA,NA,NA,NA,NA,NA,NA,NA,NA,NA,NA,NA,NA,NA,NA,NA,NA,NA,NA,NA
1468,Veronica thymifolia,Plantaginaceae,Veronica,thymifolia,Lamiids,perennial,Biotic,fleshy,0.452419031,PD,1,0,0,0,NoInfo,NoInfo,NoInfo,NoInfo,NoInfo,NoInfo,NoInfo,NoInfo,NoInfo,NoInfo,0,NA,NA,NA,NA,NA,NA,NA,NA,NA,NA,NA,NA,NA,NA,NA,NA,NA,NA,NA,NA,NA,NA,NA,NA
1469,Veronica verna,Plantaginaceae,Veronica,verna,Lamiids,annual,Biotic,dry_dehiscent,0.116135714,PD,1,0,1,0,NoInfo,NoInfo,NoInfo,NoInfo,NoInfo,NoInfo,NoInfo,NoInfo,NoInfo,NoInfo,0,NA,NA,NA,NA,NA,NA,NA,NA,NA,NA,NA,NA,NA,NA,NA,NA,NA,NA,NA,NA,NA,NA,NA,NA
1470,Viburnum lantana,Viburnaceae,Viburnum,lantana,Asterids,woody,Biotic,fleshy,43.68347242,M(P)D,5,0,0,1,0,1,0,0,0,0,1,1,1,0,1,1,-0.036148218,1.007409782,-7.790734432,13.93443196,-0.771892903,0.316069776,15.36653668,12.50232724,21.68691899,6.181944922,15.50497407,2.864209435,3.007863457,2.071382383,10.00684275,10.59520049,1.301716434,4.460703129,20.44535369,7,1,1,1
1471,Viburnum tinus,Viburnaceae,Viburnum,tinus,Asterids,woody,Biotic,fleshy,48.43498182,M(P)D,2,0,0,1,0,1,0,0,0,0,1,0,0,0,0,NA,NA,NA,NA,NA,NA,NA,NA,NA,NA,NA,NA,NA,NA,NA,NA,NA,NA,NA,NA,NA,NA,NA,NA
1472,Vicia anatolica,Fabaceae,Vicia,anatolica,Fabids,annual,Biotic,dry_dehiscent,46.38297126,PY(PD),1,0,0,1,0,0,0,1,0,0,0,0,0,0,0,NA,NA,NA,NA,NA,NA,NA,NA,NA,NA,NA,NA,NA,NA,NA,NA,NA,NA,NA,NA,NA,NA,NA,NA
1473,Vicia capreolata,Fabaceae,Vicia,capreolata,Fabids,perennial,Biotic,dry_dehiscent,46.38297126,PY(PD),1,0,0,0,NoInfo,NoInfo,NoInfo,NoInfo,NoInfo,NoInfo,NoInfo,NoInfo,NoInfo,NoInfo,0,NA,NA,NA,NA,NA,NA,NA,NA,NA,NA,NA,NA,NA,NA,NA,NA,NA,NA,NA,NA,NA,NA,NA,NA
1474,Vicia monantha,Fabaceae,Vicia,monantha,Fabids,perennial,Biotic,dry_dehiscent,29.69909091,PY(PD),1,0,0,1,1,1,0,1,1,0,0,0,0,0,0,NA,NA,NA,NA,NA,NA,NA,NA,NA,NA,NA,NA,NA,NA,NA,NA,NA,NA,NA,NA,NA,NA,NA,NA
1475,Vicia peregrina,Fabaceae,Vicia,peregrina,Fabids,annual,Biotic,dry_dehiscent,59.1,PY(PD),1,0,0,0,NoInfo,NoInfo,NoInfo,NoInfo,NoInfo,NoInfo,NoInfo,NoInfo,NoInfo,NoInfo,1,0,NA,NA,NA,NA,NA,NA,NA,NA,NA,NA,NA,NA,NA,NA,NA,NA,NA,NA,NA,NA,0,NA,0
1476,Vicia sativa,Fabaceae,Vicia,sativa,Fabids,annual,Biotic,dry_dehiscent,24.59112632,PY(PD),2,0,1,1,1,1,0,1,0,0,0,1,1,0,1,1,0.234214843,-8.158917198,73.01550195,17.41759213,1.961155973,0.876658001,NA,NA,NA,NA,NA,NA,NA,NA,NA,NA,NA,NA,NA,6,0,1,0
1477,Vicia tenuifolia,Fabaceae,Vicia,tenuifolia,Fabids,perennial,Biotic,dry_dehiscent,28.62684,PY(PD),1,0,0,1,1,0,0,0,0,0,0,1,0,0,1,0,NA,NA,NA,NA,NA,NA,NA,NA,NA,NA,NA,NA,NA,NA,NA,NA,NA,NA,NA,NA,0,NA,0
1478,Vinca difformis,Apocynaceae,Vinca,difformis,Lamiids,perennial,Biotic,dry_dehiscent,12.7694,NoInfo,1,0,0,1,0,0,0,0,0,0,0,1,0,0,0,NA,NA,NA,NA,NA,NA,NA,NA,NA,NA,NA,NA,NA,NA,NA,NA,NA,NA,NA,NA,NA,NA,NA,NA
1479,Vinca herbacea,Apocynaceae,Vinca,herbacea,Lamiids,perennial,Biotic,dry_dehiscent,12.7694,NoInfo,1,0,0,1,0,0,0,0,0,0,0,1,0,0,0,NA,NA,NA,NA,NA,NA,NA,NA,NA,NA,NA,NA,NA,NA,NA,NA,NA,NA,NA,NA,NA,NA,NA,NA
1480,Vincetoxicum hirundinaria,Apocynaceae,Vincetoxicum,hirundinaria,Lamiids,perennial,Biotic,dry_dehiscent,7.312222222,NoInfo,2,0,1,1,0,1,0,0,0,0,0,1,1,0,0,NA,NA,NA,NA,NA,NA,NA,NA,NA,NA,NA,NA,NA,NA,NA,NA,NA,NA,NA,NA,NA,NA,NA,NA
1481,Viola alba,Violaceae,Viola,alba,Fabids,perennial,Biotic,dry_dehiscent,2.00612,NoInfo,4,0,0,1,0,0,0,0,1,0,0,0,0,0,0,NA,NA,NA,NA,NA,NA,NA,NA,NA,NA,NA,NA,NA,NA,NA,NA,NA,NA,NA,NA,NA,NA,NA,NA
1482,Viola heldreichiana,Violaceae,Viola,heldreichiana,Fabids,annual,NoInfo,fleshy,1.484023121,NoInfo,1,0,0,0,NoInfo,NoInfo,NoInfo,NoInfo,NoInfo,NoInfo,NoInfo,NoInfo,NoInfo,NoInfo,0,NA,NA,NA,NA,NA,NA,NA,NA,NA,NA,NA,NA,NA,NA,NA,NA,NA,NA,NA,NA,NA,NA,NA,NA
1483,Viola hirta,Violaceae,Viola,hirta,Fabids,perennial,Biotic,dry_dehiscent,3.318825,NoInfo,2,0,1,1,0,0,0,0,0,0,0,1,0,0,0,NA,NA,NA,NA,NA,NA,NA,NA,NA,NA,NA,NA,NA,NA,NA,NA,NA,NA,NA,NA,NA,NA,NA,NA
1484,Viola paradoxa,Violaceae,Viola,paradoxa,Fabids,perennial,NoInfo,fleshy,1.484023121,NoInfo,1,1,0,0,NoInfo,NoInfo,NoInfo,NoInfo,NoInfo,NoInfo,NoInfo,NoInfo,NoInfo,NoInfo,0,NA,NA,NA,NA,NA,NA,NA,NA,NA,NA,NA,NA,NA,NA,NA,NA,NA,NA,NA,NA,NA,NA,NA,NA
1485,Viola parvula,Violaceae,Viola,parvula,Fabids,annual,NoInfo,fleshy,1.484023121,NoInfo,1,0,0,0,NoInfo,NoInfo,NoInfo,NoInfo,NoInfo,NoInfo,NoInfo,NoInfo,NoInfo,NoInfo,0,NA,NA,NA,NA,NA,NA,NA,NA,NA,NA,NA,NA,NA,NA,NA,NA,NA,NA,NA,NA,NA,NA,NA,NA
1486,Viola reichenbachiana,Violaceae,Viola,reichenbachiana,Fabids,perennial,Biotic,dry_dehiscent,1.160742857,NoInfo,3,0,1,0,NoInfo,NoInfo,NoInfo,NoInfo,NoInfo,NoInfo,NoInfo,NoInfo,NoInfo,NoInfo,0,NA,NA,NA,NA,NA,NA,NA,NA,NA,NA,NA,NA,NA,NA,NA,NA,NA,NA,NA,NA,NA,NA,NA,NA
1487,Viola sieheana,Violaceae,Viola,sieheana,Fabids,perennial,NoInfo,fleshy,1.484023121,NoInfo,1,0,0,0,NoInfo,NoInfo,NoInfo,NoInfo,NoInfo,NoInfo,NoInfo,NoInfo,NoInfo,NoInfo,0,NA,NA,NA,NA,NA,NA,NA,NA,NA,NA,NA,NA,NA,NA,NA,NA,NA,NA,NA,NA,NA,NA,NA,NA
1488,Viola willkommii,Violaceae,Viola,willkommii,Fabids,perennial,NoInfo,fleshy,1.484023121,NoInfo,1,0,0,0,NoInfo,NoInfo,NoInfo,NoInfo,NoInfo,NoInfo,NoInfo,NoInfo,NoInfo,NoInfo,0,NA,NA,NA,NA,NA,NA,NA,NA,NA,NA,NA,NA,NA,NA,NA,NA,NA,NA,NA,NA,NA,NA,NA,NA
1489,Viscaria asterias,Caryophyllaceae,Viscaria,asterias,Caryophyllales,perennial,Biotic,dry_dehiscent,0.0918,NoInfo,1,0,0,0,NoInfo,NoInfo,NoInfo,NoInfo,NoInfo,NoInfo,NoInfo,NoInfo,NoInfo,NoInfo,1,1,0.590347262,-13.51174356,-0.058865253,11.4438945,-77.37234917,2.49813384209023e-34,NA,NA,0.215591185,22.67219781,-22.45660663,NA,NA,NA,NA,NA,NA,NA,NA,4,0,0,0
1490,Vitex agnus-castus,Lamiaceae,Vitex,agnus-castus,Lamiids,woody,Biotic,fleshy,9.320467462,PD,1,0,0,1,0,1,0,0,1,1,1,1,0,0,1,0,NA,NA,NA,NA,NA,NA,NA,NA,NA,NA,NA,NA,NA,NA,NA,NA,NA,NA,NA,NA,0,NA,0
1491,Vitis vinifera,Vitaceae,Vitis,vinifera,Rosids,perennial,Biotic,fleshy,34.30857143,M(P)D,1,0,0,1,1,0,1,1,1,0,1,1,0,1,1,1,-0.00571771,0.230230136,-3.153364778,20.13307251,-0.835744768,0.302431741,23.69982811,16.5663169,39.33725148,0.928893541,38.40835793,7.133511207,12.6464527,7.063401659,6.711115269,6.022502535,3.786312173,19.03428954,10.26033968,7,1,1,1
1492,Willemetia stipitata,Asteraceae,Willemetia,stipitata,Campanulids,perennial,Biotic,dry_indehiscent,13.45116707,NoInfo,1,0,0,0,NoInfo,NoInfo,NoInfo,NoInfo,NoInfo,NoInfo,NoInfo,NoInfo,NoInfo,NoInfo,0,NA,NA,NA,NA,NA,NA,NA,NA,NA,NA,NA,NA,NA,NA,NA,NA,NA,NA,NA,NA,NA,NA,NA,NA
1493,Xanthium orientale,Asteraceae,Xanthium,orientale,Campanulids,annual,Biotic,dry_indehiscent,148.8448182,NoInfo,1,0,0,0,NoInfo,NoInfo,NoInfo,NoInfo,NoInfo,NoInfo,NoInfo,NoInfo,NoInfo,NoInfo,1,1,-0.005798233,0.343786863,-2.686692488,29.64582887,2.409230764,0.917528493,38.87224911,20.41940864,60.03213763,-0.740479891,60.77261752,18.45284047,36.84876127,8.215803528,36.35913556,22.76194624,16.6343637,41.75946654,50.72846979,5,1,0,0
1494,Zilla spinosa,Brassicaceae,Zilla,spinosa,Malvids,perennial,Biotic,dry_dehiscent,74.09,NoInfo,1,0,0,1,1,0,0,0,0,0,1,1,0,0,0,NA,NA,NA,NA,NA,NA,NA,NA,NA,NA,NA,NA,NA,NA,NA,NA,NA,NA,NA,NA,NA,NA,NA,NA
1495,Ziziphora capitata,Lamiaceae,Ziziphora,capitata,Lamiids,annual,Biotic,dry_dehiscent,0.5,NoInfo,1,0,0,1,0,0,0,0,0,0,0,1,0,0,0,NA,NA,NA,NA,NA,NA,NA,NA,NA,NA,NA,NA,NA,NA,NA,NA,NA,NA,NA,NA,NA,NA,NA,NA
