"","accepted_binomial","pf1","a","b","c","Topt","Logit.Max","Model.Max","Topt.upp","Topt.low","Tmax","Tmin","Tbreadth","Toptbreadth","SEmax","SEmin","SEopt.upp","SEopt.low","SEopt","SEbreadth","SEoptbreadth","Family","clade5","Tmean_count","Af1","Af7"
"1","Acer opalus",0,NA,NA,NA,NA,NA,NA,NA,NA,NA,NA,NA,NA,NA,NA,NA,NA,NA,NA,NA,NA,NA,NA,0,NA
"2","Acer pseudoplatanus",1,0.0113928148430803,-0.590539742105745,5.04505253172375,25.9172008954583,-2.6075160347296,0.0686562647997154,NA,NA,NA,NA,NA,NA,NA,NA,NA,NA,1.50985362736892,NA,NA,"Sapindaceae","Rosids",9,0,1
"3","Acer sempervirens",0,NA,NA,NA,NA,NA,NA,NA,NA,NA,NA,NA,NA,NA,NA,NA,NA,NA,NA,NA,NA,NA,NA,0,NA
"4","Achillea maritima",1,-0.00776626791486686,0.232945959396025,-2.2641556690474,14.9972909735769,-0.517376501956795,0.373465899623313,18.2200515269983,11.7745304201555,32.6753383642261,-2.68075641707228,35.3560947812983,6.44552110684285,12.4634976800858,19.4148726734814,14.8773230491018,16.4679279109195,5.59080238635207,30.651652898417,29.3262083515784,"Asteraceae","Asterids",6,1,1
"5","Achillea millefolium",1,-0.0243799159896259,0.909186125482,-6.15516656826686,18.6462112065701,2.32127169264342,0.910623495686885,23.004205489837,14.2882169233033,33.3426596020345,3.94976281110576,29.3928967909287,8.7159885665337,1.97080160751285,1.19308458241163,2.92579606276952,2.93135902978591,0.686244951107969,2.95487581164462,5.69408185690769,"Asteraceae","Asterids",13,1,1
"6","Achnatherum bromoides",1,-0.229669142349781,7.78012159767784,-63.9323168274173,16.9376728586135,1.95626038343284,0.87612766994993,18.1793436880474,15.6960020291796,21.5569892162782,12.3183565009488,9.2386327153294,2.48334165886778,NA,NA,NA,NA,NA,NA,NA,"Poaceae","Monocots",5,1,1
"7","Achnatherum calamagrostis",0,NA,NA,NA,NA,NA,NA,NA,NA,NA,NA,NA,NA,NA,NA,NA,NA,NA,NA,NA,NA,NA,NA,0,NA
"8","Achnatherum parviflorum",1,-0.00151554694584903,-0.00766634920600576,3.58191900788907,-2.52923514741768,3.59161400782117,0.973185032425139,24.2411764545378,-29.2996467493731,63.1416825602693,-68.2001528551046,131.341835415374,53.5408232039109,NA,NA,NA,NA,NA,NA,NA,"Poaceae","Monocots",3,1,0
"9","Adenocarpus complicatus",0,NA,NA,NA,NA,NA,NA,NA,NA,NA,NA,NA,NA,NA,NA,NA,NA,NA,NA,NA,NA,NA,NA,0,NA
"10","Aegilops biuncialis",0,NA,NA,NA,NA,NA,NA,NA,NA,NA,NA,NA,NA,NA,NA,NA,NA,NA,NA,NA,NA,NA,NA,0,NA
"11","Aegilops geniculata",1,0.33365246902453,-8.03619145796967,73.6210356796639,12.0427573658669,25.2320837426734,0.999999999988989,NA,NA,NA,NA,NA,NA,NA,NA,NA,NA,NA,NA,NA,"Poaceae","Monocots",6,0,0
"12","Aethionema saxatile",1,0.0141679340778144,-0.594488180258201,9.85162657354109,20.9800588072015,3.61542808253947,0.973799529259424,NA,NA,NA,NA,NA,NA,NA,NA,NA,NA,5.90832282903918,NA,NA,"Brassicaceae","Rosids",3,0,0
"13","Agrostis capillaris",1,-0.0520402577203799,1.79906290166547,-12.4403375426914,17.2852996936728,3.10833316883674,0.957235174368135,21.2117981515029,13.3588012358427,28.0699841652968,6.50061522204878,21.569368943248,7.8529969156603,NA,NA,NA,NA,NA,NA,NA,"Poaceae","Monocots",14,1,1
"14","Agrostis castellana",1,-0.00168015873013678,0.0673296974315395,1.38709438475892,20.0367073133793,2.06162710522599,0.887117211336549,35.1291178313685,4.94429679539016,74.6216844504865,-34.5482698237278,109.169954274214,30.1848210359784,NA,NA,NA,NA,NA,NA,NA,"Poaceae","Monocots",5,1,1
"15","Aira cupaniana",0,NA,NA,NA,NA,NA,NA,NA,NA,NA,NA,NA,NA,NA,NA,NA,NA,NA,NA,NA,NA,NA,NA,0,NA
"16","Aira elegans",1,0.00700702718442954,-0.162807004777761,3.74408853098781,11.6174092445037,2.79839072980026,0.94258880019766,NA,NA,NA,NA,NA,NA,NA,NA,NA,NA,NA,NA,NA,"Poaceae","Monocots",3,0,0
"17","Allium rubrovittatum",0,NA,NA,NA,NA,NA,NA,NA,NA,NA,NA,NA,NA,NA,NA,NA,NA,NA,NA,NA,NA,NA,NA,0,NA
"18","Allium sphaerocephalon",1,-0.0237788655334652,0.662151430019263,-2.60171462572286,13.9231080870402,2.00788833935038,0.881622818321732,17.8561919454042,9.99002422867629,28.3545293784181,-0.508313204337565,28.8628425827556,7.8661677167279,2.13796464525297,2.9455662261982,2.26353235498172,2.40811346693825,0.90866507927411,4.81578836011025,4.30609910223024,"Amaryllidaceae","Monocots",8,1,1
"19","Allium subhirsutum",1,-0.0531612364086675,1.82166347482298,-11.9654293722342,17.1333813685151,3.64019814738407,0.974424150326969,21.7186862497345,12.5480764872957,28.2626951371936,6.00406759983655,22.258627537357,9.1706097624388,3.73472693159361,1.81140178317301,2.24239354871823,1.01064954311645,1.32828886538373,5.23462683557257,2.245457061059,"Amaryllidaceae","Monocots",4,1,0
"20","Alopecurus pratensis",1,-1.05741714905253,40.6298806343422,-372.259499601274,19.2118506261921,18.0280992522231,0.999999985192015,22.988704659594,15.4349965927901,23.6653595066294,14.7583417457547,8.90701776087471,7.55370806680393,NA,NA,NA,NA,NA,NA,NA,"Poaceae","Monocots",4,1,0
"21","Anacyclus clavatus",1,-0.00664871054128252,0.108145591503012,1.74313301597109,8.13282446509927,2.18289757215525,0.898703159781812,16.0659435510802,0.19970537911837,35.9029088530673,-19.6372599228688,55.5401687759361,15.8662381719618,NA,NA,NA,NA,NA,NA,NA,"Asteraceae","Asterids",3,1,0
"22","Anagyris foetida",0,NA,NA,NA,NA,NA,NA,NA,NA,NA,NA,NA,NA,NA,NA,NA,NA,NA,NA,NA,NA,NA,NA,0,NA
"23","Anchusa crispa",0,NA,NA,NA,NA,NA,NA,NA,NA,NA,NA,NA,NA,NA,NA,NA,NA,NA,NA,NA,NA,NA,NA,0,NA
"24","Antennaria dioica",1,-0.241573256295046,7.15477577299248,-45.3045563900852,14.8087083038985,7.67193731093744,0.999534502074261,19.2368009608653,10.3806156469316,21.4379480415055,8.17946856629144,13.2584794752141,8.85618531393369,NA,NA,NA,NA,NA,NA,NA,"Asteraceae","Asterids",3,1,1
"25","Anthemis cretica",0,NA,NA,NA,NA,NA,NA,NA,NA,NA,NA,NA,NA,NA,NA,NA,NA,NA,NA,NA,NA,NA,NA,0,NA
"26","Anthemis maritima",1,-0.42055301849232,14.8323839812494,-128.118211857819,17.6343806001244,2.66174030845119,0.934730921459851,18.820155824269,16.4486053759797,21.2854754385939,13.9832857616548,7.30218967693913,2.37155044828928,NA,NA,NA,NA,NA,NA,NA,"Asteraceae","Asterids",3,1,1
"27","Anthoxanthum odoratum",1,-0.0119768938335546,0.538773384799529,-3.46256012328006,22.4922000765381,2.59653926013226,0.930638519943198,29.3583112019461,15.6260889511301,44.0012447886647,0.983155364411412,43.0180894242533,13.732222250816,NA,NA,NA,NA,NA,NA,NA,"Poaceae","Monocots",15,1,1
"28","Anthyllis circinnata",1,0.998495407209694,0.054617310362447,0.00304361816906136,-0.0273498055013972,0.00229673176135017,0.500574182687938,NA,NA,NA,NA,NA,NA,NA,NA,NA,NA,NA,NA,NA,"Fabaceae","Rosids",4,0,0
"29","Anthyllis hermanniae",0,NA,NA,NA,NA,NA,NA,NA,NA,NA,NA,NA,NA,NA,NA,NA,NA,NA,NA,NA,NA,NA,NA,0,NA
"30","Anthyllis lotoides",0,NA,NA,NA,NA,NA,NA,NA,NA,NA,NA,NA,NA,NA,NA,NA,NA,NA,NA,NA,NA,NA,NA,0,NA
"31","Anthyllis vulneraria",1,-0.00410328858661206,0.0392890882777779,4.73768899886709,4.78751219277725,4.83173749345357,0.992090403710779,27.0586562808526,-17.4836318952981,48.3203544197337,-38.7453300341792,87.0656844539129,44.5422881761507,13.2061058911807,32.3889038576691,4.30656468007117,22.8834595789311,10.2076087539002,45.0566703821978,25.8382920758633,"Fabaceae","Rosids",15,1,1
"32","Arabis alpina",1,-0.00608016174294721,0.304048261469166,-4.35562022042665,25.0033037214719,-0.55451470667712,0.364817598241884,28.6216983913314,21.3849090516124,44.8292764207773,5.17733102216647,39.6519453986108,7.23678933971896,NA,NA,NA,NA,NA,NA,NA,"Brassicaceae","Rosids",3,1,0
"33","Arbutus andrachne",1,-0.0306156763347277,0.653609974882466,-1.53820694597512,10.6744330541062,1.95025101421433,0.875474009777751,14.0677396206916,7.2811264875207,23.3186129584718,-1.96974685025949,25.2883598087313,6.78661313317093,NA,NA,NA,NA,NA,NA,NA,"Ericaceae","Asterids",5,1,1
"34","Arbutus unedo",1,-0.0178848121297861,0.384764932826796,-0.799084491576611,10.7567507568613,1.27032574962255,0.78079850577608,14.2255224611645,7.28797905255809,26.1080266627021,-4.59452514897957,30.7025518116817,6.93754340860638,1.41821671795547,7.78714468034619,3.07852889997453,7.51244656565459,3.4656488569132,8.78971181926743,9.15344193087454,"Ericaceae","Asterids",8,1,1
"35","Arenaria grandiflora",1,-0.00909405410930526,0.162525465695305,0.264362876898407,8.93580925194874,0.990511156917098,0.729188873587675,13.3550041618093,4.51661434208814,29.7371270784584,-11.865508574561,41.6026356530194,8.83838981972121,NA,NA,NA,NA,NA,NA,NA,"Caryophyllaceae","Caryophyllales",7,1,1
"36","Argyrolobium zanonii",0,NA,NA,NA,NA,NA,NA,NA,NA,NA,NA,NA,NA,NA,NA,NA,NA,NA,NA,NA,NA,NA,NA,0,NA
"37","Armeria caespitosa",1,-0.00814581698010121,0.254517796670835,-0.44071263186532,15.62260711802,1.54740313910096,0.824538347924429,21.2975293937707,9.94768484226931,39.1051388268892,-7.85992459084916,46.9650634177383,11.3498445515014,NA,NA,NA,NA,NA,NA,NA,"Plumbaginaceae","Caryophyllales",3,1,0
"38","Armeria canescens",0,NA,NA,NA,NA,NA,NA,NA,NA,NA,NA,NA,NA,NA,NA,NA,NA,NA,NA,NA,NA,NA,NA,0,NA
"39","Arrhenatherum elatius",1,-0.0113687787502383,0.487824927858466,-2.85206374538401,21.4545879806237,2.38097767155642,0.915365206955183,27.9765207923719,14.9326551688754,43.0977090362677,-0.188533075020334,43.286242111288,13.0438656234965,4.94299640225287,1.62812664593436,3.68864647887999,2.05009642545487,1.87797778035942,6.32936153507428,4.63797522907771,"Poaceae","Monocots",13,1,1
"40","Artemisia arborescens",0,NA,NA,NA,NA,NA,NA,NA,NA,NA,NA,NA,NA,NA,NA,NA,NA,NA,NA,NA,NA,NA,NA,0,NA
"41","Artemisia herba-alba",1,-0.0137696870896898,0.319312884754567,-0.582701801178793,11.5947763618265,1.26847894291066,0.780482256835259,15.5454775968507,7.64407512680243,29.0863733875639,-5.89682066391079,34.9831940514747,7.90140247004822,2.70427136005864,3.25812398519185,1.48360396990344,1.46697637536664,0.772927125737944,5.78508821165466,2.51327186830003,"Asteraceae","Asterids",4,1,1
"42","Arthrocaulon macrostachyum",0,NA,NA,NA,NA,NA,NA,NA,NA,NA,NA,NA,NA,NA,NA,NA,NA,NA,NA,NA,NA,NA,NA,0,NA
"43","Asparagus acutifolius",0,NA,NA,NA,NA,NA,NA,NA,NA,NA,NA,NA,NA,NA,NA,NA,NA,NA,NA,NA,NA,NA,NA,0,NA
"44","Asparagus albus",0,NA,NA,NA,NA,NA,NA,NA,NA,NA,NA,NA,NA,NA,NA,NA,NA,NA,NA,NA,NA,NA,NA,0,NA
"45","Asparagus aphyllus",0,NA,NA,NA,NA,NA,NA,NA,NA,NA,NA,NA,NA,NA,NA,NA,NA,NA,NA,NA,NA,NA,NA,0,NA
"46","Asphodelus fistulosus",0,NA,NA,NA,NA,NA,NA,NA,NA,NA,NA,NA,NA,NA,NA,NA,NA,NA,NA,NA,NA,NA,NA,0,NA
"47","Astragalus monspessulanus",1,0.106528484549144,-1.76450503502471,-7.19217398456545,8.28184613013389,-14.498853582526,5.04925932142833e-07,NA,NA,-2.13271801277435,18.6964102730421,-20.8291282858165,NA,NA,NA,NA,NA,NA,NA,NA,"Fabaceae","Rosids",3,0,0
"48","Atractylis cancellata",0,NA,NA,NA,NA,NA,NA,NA,NA,NA,NA,NA,NA,NA,NA,NA,NA,NA,NA,NA,NA,NA,NA,0,NA
"49","Atriplex halimus",0,NA,NA,NA,NA,NA,NA,NA,NA,NA,NA,NA,NA,NA,NA,NA,NA,NA,NA,NA,NA,NA,NA,0,NA
"50","Atriplex prostrata",1,-0.0167266280808472,0.768945691003558,-6.52231837899517,22.9856755135256,2.31504969147058,0.91011580184108,28.2351224393467,17.7362285877045,40.7180772446253,5.25327378242586,35.4648034621995,10.4988938516421,6.05869776003728,6.60040535893423,2.45235359939116,2.35144766554338,1.6536708472644,12.2314279548664,3.48542386462637,"Amaranthaceae","Caryophyllales",8,1,0
"51","Avena barbata",1,-0.0461160161140617,2.58640952383046,-32.2954765947828,28.0424215031208,3.96911642868706,0.98146010426227,33.4432730227617,22.6415699834799,40.2864641262628,15.7983788799788,24.488085246284,10.8017030392819,NA,NA,NA,NA,NA,NA,NA,"Poaceae","Monocots",3,1,0
"52","Avena sterilis",1,0.901606909020888,-33.126736730718,300.5911501305,18.3709421474445,-3.69353187632242,0.0242797824629614,NA,NA,17.4594367932614,19.2824475016276,-1.82301070836625,NA,0.512109927302406,0.425882743547529,NA,NA,0.113867694990453,0.914003265824121,NA,"Poaceae","Monocots",3,0,0
"53","Avenella flexuosa",1,-0.437996513801457,16.103720428118,-142.299312204814,18.3833888178136,5.72116481691651,0.996734803569991,20.929856232112,15.8369214035151,22.8313817388657,13.9353958967614,8.89598584210426,5.09293482859686,NA,NA,NA,NA,NA,NA,NA,"Poaceae","Monocots",4,1,0
"54","Bellis annua",0,NA,NA,NA,NA,NA,NA,NA,NA,NA,NA,NA,NA,NA,NA,NA,NA,NA,NA,NA,NA,NA,NA,0,NA
"55","Bellis perennis",1,-0.0316907418765487,1.12684633880096,-5.52013094284919,17.7787939327926,4.49685348288289,0.988978813929872,25.2175780529373,10.340009812648,33.1022943265963,2.45529353898898,30.6470007876073,14.8775682402893,1.92766480405017,1.18451646294532,1.43583838054831,0.934962903463635,0.540053029621896,3.01186198161691,2.169088719394,"Asteraceae","Asterids",11,1,1
"56","Bituminaria bituminosa",1,-0.000250178910855463,0.0184703475633143,0.346792101159331,36.914277666644,0.687701870435134,0.665455501547822,61.0807984586212,12.7477568746668,157.405661437429,-83.5771061041412,240.98276754157,48.3330415839544,1558.94490578356,821.497254172226,749.127953667143,48.1399456480736,371.594513143646,2378.65592025584,758.083347575442,"Fabaceae","Rosids",10,1,0
"57","Bolboschoenus maritimus",1,-0.0455338540301245,2.18740710816745,-26.3893320347192,24.0195691179611,-0.119043922845428,0.470274115920427,25.4618990162329,22.5772392196893,31.8967784181279,16.1423598177943,15.7544186003335,2.88465979654366,NA,NA,NA,NA,NA,NA,NA,"Cyperaceae","Monocots",7,1,1
"58","Bombycilaena discolor",0,NA,NA,NA,NA,NA,NA,NA,NA,NA,NA,NA,NA,NA,NA,NA,NA,NA,NA,NA,NA,NA,NA,0,NA
"59","Brachypodium distachyon",0,NA,NA,NA,NA,NA,NA,NA,NA,NA,NA,NA,NA,NA,NA,NA,NA,NA,NA,NA,NA,NA,NA,0,NA
"60","Brachypodium phoenicoides",0,NA,NA,NA,NA,NA,NA,NA,NA,NA,NA,NA,NA,NA,NA,NA,NA,NA,NA,NA,NA,NA,NA,0,NA
"61","Brachypodium pinnatum",1,0.00748571469536339,-0.076416892039795,1.24501633361083,5.10418144089349,1.04999349255068,0.740773649571311,NA,NA,NA,NA,NA,NA,NA,NA,NA,NA,NA,NA,NA,"Poaceae","Monocots",5,0,0
"62","Brachypodium retusum",0,NA,NA,NA,NA,NA,NA,NA,NA,NA,NA,NA,NA,NA,NA,NA,NA,NA,NA,NA,NA,NA,NA,0,NA
"63","Brachypodium sylvaticum",1,-0.204807323097156,7.99195611804792,-74.8928291746547,19.5109139585227,3.07235491510626,0.955737899290425,21.4667963628152,17.5550315542301,24.9310455034982,14.0907824135472,10.840263089951,3.9117648085851,NA,NA,NA,NA,NA,NA,NA,"Poaceae","Monocots",5,1,1
"64","Brassica repanda",0,NA,NA,NA,NA,NA,NA,NA,NA,NA,NA,NA,NA,NA,NA,NA,NA,NA,NA,NA,NA,NA,NA,0,NA
"65","Briza maxima",1,0.107194134950807,-3.78676201571457,34.7741130376025,17.6631026382758,1.3311299624571,0.791027482401034,NA,NA,NA,NA,NA,NA,NA,NA,NA,NA,NA,NA,NA,"Poaceae","Monocots",4,0,0
"66","Briza media",1,-0.0270717623059518,0.970677711390491,-6.62837160669885,17.9278633659007,2.07271708436812,0.888223006138212,21.703153652378,14.1525730794235,31.5413867316092,4.31434000019227,27.2270467314169,7.55058057295456,NA,NA,NA,NA,NA,NA,NA,"Poaceae","Monocots",11,1,NA
"67","Bromus diandrus",1,0.025893246331182,-0.842447402873607,9.85236082538221,16.2677053332453,3.00001777102941,0.952574929651725,NA,NA,NA,NA,NA,NA,NA,NA,NA,NA,6.87824817574944,NA,NA,"Poaceae","Monocots",6,0,0
"68","Bromus erectus",1,-0.13284845009936,4.73629429047591,-39.0114776289401,17.8259297979522,3.20294713329265,0.96094503254096,20.3604718016435,15.291387794261,24.628405510167,11.0234540857375,13.6049514244295,5.06908400738253,1.5525841276097,1.4801500221293,0.622435708293521,0.70934189784078,0.338812475449259,2.95694902704625,1.149786373158,"Poaceae","Monocots",5,1,1
"69","Bromus fasciculatus",1,-4.38456133152614,179.271530696728,-1828.86946589485,20.4434967539077,3.59901203846539,0.973377416534189,20.9423001610054,19.9446933468101,21.6651286213405,19.2218648864749,2.44326373486564,0.997606814195265,NA,NA,NA,NA,NA,NA,NA,"Poaceae","Monocots",3,1,0
"70","Bromus hordeaceus",1,-0.0149138389272152,0.453781115002941,0.958354291245279,15.2134241632068,4.41013658114162,0.987992416115036,25.8373179073743,4.58953041903938,37.4201270998137,-6.99327877340003,44.4134058732137,21.2477874883349,5.70295564189021,9.69768518758953,1.740898650942,5.99198705526672,2.69379870600067,14.9703505713166,6.98878158857954,"Poaceae","Monocots",8,1,0
"71","Bromus intermedius",1,0.101170405782118,-4.62057820290166,55.6800923489041,22.8356215791633,2.92320468970792,0.948981679018304,NA,NA,NA,NA,NA,NA,NA,NA,NA,NA,NA,NA,NA,"Poaceae","Monocots",4,0,0
"72","Bromus madritensis",1,0.323462835659357,-12.8719746551107,131.391305606659,19.8971461881735,3.33352488505807,0.965561174531665,NA,NA,NA,NA,NA,NA,NA,NA,NA,NA,NA,NA,NA,"Poaceae","Monocots",3,0,0
"73","Bromus rubens",0,NA,NA,NA,NA,NA,NA,NA,NA,NA,NA,NA,NA,NA,NA,NA,NA,NA,NA,NA,NA,NA,NA,0,NA
"74","Bromus squarrosus",1,NA,NA,NA,NA,NA,NA,NA,NA,NA,NA,NA,NA,NA,NA,NA,NA,NA,NA,NA,"Poaceae","Monocots",5,0,NA
"75","Bromus sterilis",1,0.0775439431799447,-2.90891289493576,30.1396694950253,18.756544841842,2.85909191758783,0.94578675719346,NA,NA,NA,NA,NA,NA,NA,NA,NA,NA,1.0458256655279,NA,NA,"Poaceae","Monocots",6,0,0
"76","Bromus tectorum",1,-0.162073728916994,2.79867360122273,16.4561268524902,8.6339520288821,28.537933661218,0.999999999999596,21.2002826934609,-3.93237863569673,22.5712124630973,-5.30330840533309,27.8745208684304,25.1326613291577,NA,NA,NA,NA,NA,NA,NA,"Poaceae","Monocots",5,1,0
"77","Buphthalmum salicifolium",1,-0.011285126796691,0.426399056963955,-1.9618991471388,18.8920809063919,2.06588359414732,0.887542755426696,24.7246756640528,13.059486148731,39.9628128508474,-2.17865103806356,42.1414638889109,11.6651895153218,NA,NA,NA,NA,NA,NA,NA,"Asteraceae","Asterids",6,1,1
"78","Cakile maritima",1,0.00499337482130012,-0.128149678323349,1.06595715365268,12.8319706520632,0.243750697994407,0.560637741776934,NA,NA,NA,NA,NA,NA,NA,NA,NA,NA,4.97255753902519,NA,NA,"Brassicaceae","Rosids",8,0,1
"79","Calamagrostis arenaria",1,0.0117207597029087,-0.310868277093762,0.685453852300276,13.2614388902033,-1.37582647749058,0.201680122236094,NA,NA,NA,NA,NA,NA,NA,NA,NA,NA,3.22772541143779,NA,NA,"Poaceae","Monocots",6,0,1
"80","Calendula arvensis",1,-0.00631157443499691,0.225816166102939,-1.30356397653043,17.8890519654506,0.716254588496716,0.671781719342551,22.7433351435072,13.034768787394,41.9721766352231,-6.19407270432187,48.166249339545,9.7085663561132,NA,NA,NA,NA,NA,NA,NA,"Asteraceae","Asterids",7,1,1
"81","Calicotome villosa",1,0.0224295839129271,-0.64294948903821,3.42575091543017,14.3326218518849,-1.18182503269348,0.234724209186394,NA,NA,NA,NA,NA,NA,NA,NA,NA,NA,85.0990409617091,NA,NA,"Fabaceae","Rosids",4,0,0
"82","Calluna vulgaris",1,-0.0291526885101771,1.05711654928534,-8.67791385508705,18.1306871391348,0.905210857260137,0.71201915717915,20.530199656436,15.7311746218337,29.6220438958598,6.63933038240984,22.98271351345,4.79902503460232,1.54357126059688,3.18649577094029,3.86947162575566,4.30985457189118,1.30538554440574,4.27277537337832,7.76396731758873,"Ericaceae","Asterids",9,1,1
"83","Calystegia soldanella",1,-0.025363365855686,0.938779283103854,-5.76313863105876,18.5065990146059,2.92366724675234,0.949004069276242,23.7939376811756,13.2192603480361,33.7171708099781,3.29602721923363,30.4211435907445,10.5746773331395,4.0622770540332,2.49503665570376,5.10903179497542,5.66599184545934,1.61848934495492,5.91409963689568,10.2923907772117,"Convolvulaceae","Asterids",8,1,1
"84","Campanula rotundifolia",1,0.0239478488881842,-0.916967774429183,9.69010584977463,19.1450968876293,0.912387407634373,0.713488451662656,NA,NA,NA,NA,NA,NA,NA,NA,NA,NA,2.86140309047963,NA,NA,"Campanulaceae","Asterids",5,0,1
"85","Campanula spatulata",1,-0.0159874519912473,0.329918063101215,0.783988801306447,10.3180313936779,2.48604126751632,0.923157448985811,16.0305835733885,4.6054792139672,28.7482078144616,-8.11214502710585,36.8603528415674,11.4251043594213,NA,NA,NA,NA,NA,NA,NA,"Campanulaceae","Asterids",3,1,0
"86","Carex echinata",1,-0.0144483444876137,0.590402858382531,-5.02700216345444,20.4315054533989,1.00440744691805,0.731924252304481,23.9538504452539,16.9091604615438,36.963531394194,3.89947951260377,33.0640518815902,7.04468998371008,NA,NA,NA,NA,NA,NA,NA,"Cyperaceae","Monocots",9,1,1
"87","Carex leersii",1,0.00445222463636198,-0.251981650706406,4.40784698306719,28.2983981365669,0.842508445667577,0.698993260494701,NA,NA,NA,NA,NA,NA,NA,NA,NA,NA,120.05441873926,NA,NA,"Cyperaceae","Monocots",5,0,0
"88","Carex lepidocarpa",1,-0.0147180909668755,0.660987922390508,-7.96420788022404,22.4549475838316,-0.542983304811739,0.367493862840994,24.7853396968153,20.1245554708479,35.2284956351424,9.68139953252075,25.5470961026217,4.66078422596737,7.26880722861659,3.21246010011533,6.41687543856423,7.46731001965508,3.35642533402805,9.01379790940655,12.1988382461515,"Cyperaceae","Monocots",6,1,1
"89","Carlina vulgaris",1,-0.00814829798271311,0.330648116486623,-2.30169737155661,20.2893976869834,1.05262819336794,0.741279264992734,25.0565469822692,15.5222483916976,42.4375382986598,-1.85874292469295,44.2962812233528,9.53429859057159,35.5322027298625,21.5248796191929,9.13232957309791,10.38412696391,7.93950691941585,56.5647652379092,11.4156030053063,"Asteraceae","Asterids",5,1,1
"90","Carpinus betulus",1,-0.0694916050842669,2.04344108384112,-12.9764722217123,14.7027909440515,2.04567130938865,0.885509497358086,17.0357835630384,12.3697983250645,23.1767995489234,6.22878233917956,16.9480172097438,4.66598523797387,NA,NA,NA,NA,NA,NA,NA,"Betulaceae","Rosids",3,1,0
"91","Carpinus orientalis",0,NA,NA,NA,NA,NA,NA,NA,NA,NA,NA,NA,NA,NA,NA,NA,NA,NA,NA,NA,NA,NA,NA,0,NA
"92","Catapodium marinum",1,-0.0671482560845697,2.28817144033953,-11.9705873646521,17.0382045176103,7.52257912127786,0.999459556095794,25.3049920656357,8.77141696958488,29.5233646980064,4.5530443372141,24.9703203607923,16.5335750960508,NA,NA,NA,NA,NA,NA,NA,"Poaceae","Monocots",4,1,0
"93","Catapodium rigidum",1,-0.147507908596276,5.26989866622201,-43.963404553388,17.8631054984501,3.10497336704454,0.957097426055618,20.1927363868601,15.53347461004,24.2670703765646,11.4591406203355,12.8079297562292,4.65926177682014,NA,NA,NA,NA,NA,NA,NA,"Poaceae","Monocots",4,1,1
"94","Centaurea calcitrapa",1,-0.0322899329934563,1.05505408226975,-5.03031123113161,16.3371983844556,3.58800269305366,0.973090630612375,22.1306913895762,10.5437053793349,30.5606237559357,2.11377301297545,28.4468507429602,11.5869860102412,3.2379188907149,4.62183412214777,1.65952947367487,2.20946073183254,1.30294706498725,7.54322574064705,2.91218567099964,"Asteraceae","Asterids",4,1,0
"95","Centaurea jacea",1,-0.0256886023897859,0.862783781478805,-5.50564075656842,16.7931242110287,1.73877684824889,0.850531635816861,20.22002303015,13.3662253919074,30.2952406227703,3.29100779928712,27.0042328234831,6.85379763824263,3.10996230599459,2.9514127929954,11.0529731904123,11.1100543965727,0.480034075849272,5.98695875907145,22.1422970630793,"Asteraceae","Asterids",8,1,1
"96","Centaurea scabiosa",1,-0.012139560267653,0.382617429024818,-3.80079546903357,15.7591140283862,-0.785939622408536,0.313041175453923,18.2251075000913,13.2931205566811,29.0935448928831,2.42468316388929,26.6688617289938,4.93198694341026,6.46202590697119,9.29038881788846,25.0248407967646,25.3288430857528,3.06458244894318,14.7841653154429,49.9801884308846,"Asteraceae","Asterids",6,1,1
"97","Centaurea sphaerocephala",1,-0.0184853153105104,0.778600185448393,-4.38255033346897,21.059964960557,3.81609597844419,0.978460584705931,29.2386151428585,12.8813147782555,40.1838929610742,1.93603696003975,38.2478560010345,16.357300364603,NA,NA,NA,NA,NA,NA,NA,"Asteraceae","Asterids",5,1,0
"98","Centaurea spinosa",0,NA,NA,NA,NA,NA,NA,NA,NA,NA,NA,NA,NA,NA,NA,NA,NA,NA,NA,NA,NA,NA,NA,0,NA
"99","Centaurium pulchellum",0,NA,NA,NA,NA,NA,NA,NA,NA,NA,NA,NA,NA,NA,NA,NA,NA,NA,NA,NA,NA,NA,NA,0,NA
"100","Cerastium arvense",1,-0.0174672035205047,0.41159746088547,0.28287873451819,11.7820079328181,2.7076010091584,0.937473674986554,17.6950119057144,5.86900395992192,29.7703411001448,-6.20632523450851,35.9766663346533,11.8260079457924,NA,NA,NA,NA,NA,NA,NA,"Caryophyllaceae","Caryophyllales",8,1,0
"101","Chamaecytisus spinescens",0,NA,NA,NA,NA,NA,NA,NA,NA,NA,NA,NA,NA,NA,NA,NA,NA,NA,NA,NA,NA,NA,NA,0,NA
"102","Chamaeleon gummifer",0,NA,NA,NA,NA,NA,NA,NA,NA,NA,NA,NA,NA,NA,NA,NA,NA,NA,NA,NA,NA,NA,NA,0,NA
"103","Chrysopogon gryllus",1,-0.0266162395869025,1.37828680863055,-16.6189420236649,25.8918395314714,1.22424841503809,0.772810327281396,28.6897888962596,23.0938901666831,38.4067087605051,13.3769703024376,25.0297384580675,5.59589872957651,NA,NA,NA,NA,NA,NA,NA,"Poaceae","Monocots",5,1,0
"104","Cichorium intybus",0,NA,NA,NA,NA,NA,NA,NA,NA,NA,NA,NA,NA,NA,NA,NA,NA,NA,NA,NA,NA,NA,NA,0,NA
"105","Cistus albidus",1,0.22301098673387,-8.32652124175974,76.9007916489574,18.6684103857542,-0.820666164477828,0.305622269963412,NA,NA,NA,NA,NA,NA,NA,NA,NA,NA,NA,NA,NA,"Cistaceae","Rosids",7,0,1
"106","Cistus clusii",1,-0.196703475176938,6.99909723710185,-59.57501026393,17.7909852146893,2.68540746679598,0.936160060834068,19.5393334663785,16.0426369630002,23.1408432598291,12.4411271695496,10.6997160902795,3.49669650337836,NA,NA,NA,NA,NA,NA,NA,"Cistaceae","Rosids",4,1,0
"107","Cistus creticus",1,-0.00141363580485061,0.0974344246158952,-1.44758077503609,34.4623503032281,0.231328861317142,0.557575689840115,43.3793105310262,25.5453900754301,81.8598688280312,-12.9351682215749,94.7950370496062,17.8339204555961,288.643466345296,77.9990957001611,227.07677857605,19.3814147001172,107.19001390199,364.470880683912,240.666177281463,"Cistaceae","Rosids",8,1,0
"108","Cistus monspeliensis",1,0.0412502406026446,-1.74424412361694,17.8446116415721,21.1422296953234,-0.593993311541567,0.355719128679898,NA,NA,NA,NA,NA,NA,NA,NA,NA,NA,2.31223529110876,NA,NA,"Cistaceae","Rosids",7,0,0
"109","Cistus salviifolius",1,-0.0370830228731019,1.12244504723107,-7.50445853023672,15.1342172275448,0.989205055151661,0.728930877265779,17.321701301245,12.9467331538445,25.4335707147175,4.83486374037202,20.5987069743455,4.37496814740045,1.56426040977914,2.37796015575221,1.59187145815635,2.33244002498024,0.776810061426083,3.71341820668824,3.67898449748221,"Cistaceae","Rosids",14,1,1
"110","Clematis vitalba",1,-0.0252678225027638,0.759555096783694,-6.06372349660622,15.0300861243705,-0.355634236174481,0.412016803553986,16.8720551820831,13.1881170666578,25.1520722824068,4.90809996633412,20.2439723160727,3.68393811542534,2.90853961152896,2.89638796616039,4.58773397449017,4.81877713789979,1.22993048898093,5.25798590848284,9.08212068957329,"Ranunculaceae","EarlyEU",12,1,1
"111","Cleonia lusitanica",1,-0.0132522111916478,0.326141990630244,-0.813788016292902,12.3051914097096,1.19283179443152,0.767247145800492,16.2273198806017,8.38306293881742,29.9742250853764,-5.36384226595725,35.3380673513336,7.84425694178428,2.75932471043489,5.52141837692847,2.96838288753772,3.86387951835897,2.06851490553557,7.68666714797178,5.51059961720591,"Lamiaceae","Asterids",5,1,1
"112","Clinopodium vulgare",1,-0.0350464409525254,1.36014074479239,-9.77485510824764,19.4048340976316,3.42179764281505,0.968378864044275,24.6928162127606,14.1168519825026,32.8826471417989,5.92702105346422,26.9556260883347,10.575964230258,NA,NA,NA,NA,NA,NA,NA,"Lamiaceae","Asterids",10,1,1
"113","Coleostephus myconis",0,NA,NA,NA,NA,NA,NA,NA,NA,NA,NA,NA,NA,NA,NA,NA,NA,NA,NA,NA,NA,NA,NA,0,NA
"114","Coris monspeliensis",0,NA,NA,NA,NA,NA,NA,NA,NA,NA,NA,NA,NA,NA,NA,NA,NA,NA,NA,NA,NA,NA,NA,0,NA
"115","Cornus sanguinea",0,NA,NA,NA,NA,NA,NA,NA,NA,NA,NA,NA,NA,NA,NA,NA,NA,NA,NA,NA,NA,NA,NA,0,NA
"116","Coronilla minima",1,0.978382000147181,-35.9129388313109,324.552329863325,18.3532295289102,-5.00687485105561,0.00664730118226259,NA,NA,16.9013318872858,19.8051271705346,-2.90379528324878,NA,0.318353874559865,0.156914601286312,NA,NA,0.123029930094291,0.437489780785396,NA,"Fabaceae","Rosids",4,0,0
"117","Coronilla repanda",0,NA,NA,NA,NA,NA,NA,NA,NA,NA,NA,NA,NA,NA,NA,NA,NA,NA,NA,NA,NA,NA,NA,0,NA
"118","Coronilla varia",1,-0.0527625451797581,1.98403975835347,-17.0117073182598,18.8015926031809,1.63984630427793,0.837514022931932,21.1076786458481,16.4955065605137,28.1228167084161,9.48036849794564,18.6424482104704,4.6121720853344,1.94557176055841,1.93815616221844,2.19313323385736,2.16009577091708,0.739228569396591,3.59131759358686,4.09461337988297,"Fabaceae","Rosids",5,1,1
"119","Crassula tillaea",1,-0.0593827220426139,1.37336394024899,-6.10440315260742,11.5636661052978,1.83615787044031,0.862493671553969,13.8997899423179,9.22754226827767,20.5361153399022,2.59121687069339,17.9448984692088,4.67224767404024,0.988550203415718,4.16916531739737,2.26525143301884,3.2095253639057,1.95899252179528,4.62252475332748,3.93881040809229,"Crassulaceae","Rosids",3,1,0
"120","Crataegus monogyna",1,0.0117951681211863,-0.33268993865241,1.58993348496274,14.1028061335911,-0.755997368742891,0.319515910885502,NA,NA,NA,NA,NA,NA,NA,NA,NA,NA,7.76678984314966,NA,NA,"Rosaceae","Rosids",5,0,1
"121","Crepis neglecta",0,NA,NA,NA,NA,NA,NA,NA,NA,NA,NA,NA,NA,NA,NA,NA,NA,NA,NA,NA,NA,NA,NA,0,NA
"122","Crithmum maritimum",1,-0.0296214926985218,0.804795025844828,-4.15727260247817,13.5846466961638,1.30915544198783,0.787371796444814,16.3171096218033,10.8521837705243,25.5678952903107,1.6013981020169,23.9664971882938,5.46492585127908,2.11441904225882,4.44662016720911,3.2161122133445,3.36038904372654,1.78856764436912,5.97415271996442,5.52044270997406,"Apiaceae","Asterids",8,1,1
"123","Crucianella latifolia",0,NA,NA,NA,NA,NA,NA,NA,NA,NA,NA,NA,NA,NA,NA,NA,NA,NA,NA,NA,NA,NA,NA,0,NA
"124","Crucianella maritima",1,-0.0141651201824647,0.410053687220094,-1.72312073086973,14.4740631190588,1.24445074464348,0.776337780519954,18.3365605746794,10.6115656634381,31.6705341277071,-2.72240788958953,34.3929420172966,7.72499491124128,3.54278931785961,5.88600828086001,7.71891259446761,8.13684620934066,1.922569741299,8.92232041710851,15.3881336785963,"Rubiaceae","Asterids",5,1,1
"125","Cynodon dactylon",0,NA,NA,NA,NA,NA,NA,NA,NA,NA,NA,NA,NA,NA,NA,NA,NA,NA,NA,NA,NA,NA,NA,0,NA
"126","Cynosurus cristatus",1,-0.00312241200504809,0.14958891084525,1.82618329006881,23.9540634937679,3.61781442424416,0.973860345605456,42.7498815678952,5.1582454196406,69.797946376495,-21.8898193889592,91.6877657654541,37.5916361482546,62.241529346853,28.6542965204509,38.4515378100368,6.34003798756281,17.8684360578625,90.0723561389314,41.9560443162266,"Poaceae","Monocots",14,1,1
"127","Cynosurus echinatus",1,-0.0337932778330056,1.13495873278137,-6.21243908767643,16.7926701042428,3.31705470308703,0.965009275566126,22.0045567219024,11.5807834865831,30.4047288245913,3.1806113838942,27.2241174406971,10.4237732353194,2.5363008316126,1.02050129148166,0.959050816521872,1.42385681881872,1.03624794212357,3.26393173925063,1.26453715964156,"Poaceae","Monocots",7,1,1
"128","Cyperus capitatus",1,-0.800660398083264,31.2386974830169,-315.305173128605,19.5080820518915,-10.6016362821485,2.48746546828462e-05,19.7611932664734,19.2549708373096,NA,NA,NA,0.50622242916382,NA,NA,1279.45624048754,3991.78117491543,1356.16758835905,NA,5271.23214520141,"Cyperaceae","Monocots",5,1,1
"129","Cytisus scoparius",1,-0.0655167236860147,2.38612652820551,-18.1346232679225,18.2100568676243,3.59112661806221,0.973172310604775,22.2810543445584,14.1390593906903,28.1977571966694,8.22235653857922,19.9754006580902,8.14199495386811,NA,NA,NA,NA,NA,NA,NA,"Fabaceae","Rosids",4,1,0
"130","Cytisus striatus",0,NA,NA,NA,NA,NA,NA,NA,NA,NA,NA,NA,NA,NA,NA,NA,NA,NA,NA,NA,NA,NA,NA,0,NA
"131","Dactylis glomerata",1,-0.0332046914587256,1.28256220925894,-9.62299514605622,19.3129668265884,2.76204555417074,0.940590043508268,23.684004411859,14.9419292413178,32.422420636973,6.20351301620383,26.2189076207692,8.74207517054117,1.08368899862378,0.731811336352255,0.808019813570784,0.597057646312197,0.411162200167836,1.65639425745091,1.15867609145016,"Poaceae","Monocots",27,1,1
"132","Dasypyrum villosum",0,NA,NA,NA,NA,NA,NA,NA,NA,NA,NA,NA,NA,NA,NA,NA,NA,NA,NA,NA,NA,NA,NA,0,NA
"133","Daucus carota",1,-0.0149927528741998,0.481430518972339,-1.80212272957865,16.0554410191342,2.06266692150714,0.887221296907144,21.1097234271116,11.0011586111568,34.3302437299416,-2.21936169167317,36.5496054216148,10.1085648159548,4.19688695248769,2.6260976160864,2.58760747626567,2.60097429113499,1.55344207798693,6.27437394516064,4.15557821128432,"Apiaceae","Asterids",6,1,1
"134","Dianthus nudiflorus",0,NA,NA,NA,NA,NA,NA,NA,NA,NA,NA,NA,NA,NA,NA,NA,NA,NA,NA,NA,NA,NA,NA,0,NA
"135","Dianthus sylvestris",1,0.0999224246618457,-4.82087441623473,55.7619065052236,24.1230856464371,-2.3852767115503,0.0843023330916525,NA,NA,NA,NA,NA,NA,NA,NA,NA,NA,NA,NA,NA,"Caryophyllaceae","Caryophyllales",6,0,1
"136","Digitalis laevigata",0,NA,NA,NA,NA,NA,NA,NA,NA,NA,NA,NA,NA,NA,NA,NA,NA,NA,NA,NA,NA,NA,NA,0,NA
"137","Digitalis purpurea",1,0.00555092134458069,-0.230557541691305,5.37594256902183,20.7675021297497,2.98189044996981,0.951749259847425,NA,NA,NA,NA,NA,NA,NA,NA,NA,NA,5.27456455962421,NA,NA,"Plantaginaceae","Asterids",8,0,1
"138","Dioscorea communis",0,NA,NA,NA,NA,NA,NA,NA,NA,NA,NA,NA,NA,NA,NA,NA,NA,NA,NA,NA,NA,NA,NA,0,NA
"139","Dittrichia viscosa",0,NA,NA,NA,NA,NA,NA,NA,NA,NA,NA,NA,NA,NA,NA,NA,NA,NA,NA,NA,NA,NA,NA,0,NA
"140","Drimia maritima",1,-0.0182449533975557,0.49500006932621,-2.28842318804834,13.5653969221025,1.0690130203908,0.744409174289156,16.7689529843668,10.3618408598382,28.3969850764028,-1.26619123219783,29.6631763086006,6.40711212452861,3.85007901701943,19.8316406156881,4.79678002617344,16.8767247043104,8.70249269288366,22.6561391153796,17.6842402847954,"Asparagaceae","Monocots",4,1,0
"141","Echinophora spinosa",1,-0.0159192751806024,0.635825056858629,-8.4593291689854,19.9702891508962,-2.11052405155947,0.108078139253606,21.8680587190363,18.0725195827562,27.2079666729067,12.7326116288858,14.4753550440209,3.79553913628008,3.11868787815227,1.82358972808133,5.39940018165077,5.93431472044844,1.97871026796007,3.2314408330144,10.6338163303564,"Apiaceae","Asterids",5,1,1
"142","Echinops ritro",0,NA,NA,NA,NA,NA,NA,NA,NA,NA,NA,NA,NA,NA,NA,NA,NA,NA,NA,NA,NA,NA,NA,0,NA
"143","Echium plantagineum",1,-0.00806987268352844,0.302458453020512,-3.45244987591203,18.7399767556349,-0.618417686337189,0.350141409449517,21.8464685379306,15.6334849733392,35.7174674659818,1.76248604528797,33.9549814206939,6.21298356459146,5.40486918008975,3.59379171525063,8.04405421529861,8.16504260336311,1.86821019285964,8.38421506130164,15.7730346023832,"Boraginaceae","Asterids",6,1,1
"144","Elymus repens",1,0.104072126076803,-4.06519448645076,40.5453546927978,19.5306593595039,0.847390320296242,0.70001941622184,NA,NA,NA,NA,NA,NA,NA,NA,NA,NA,NA,NA,NA,"Poaceae","Monocots",6,0,0
"145","Erica arborea",1,0.063191321429057,-1.84155291923636,14.2880038272413,14.5712486904061,0.871141045873152,0.704983070427865,NA,NA,NA,NA,NA,NA,NA,NA,NA,NA,NA,NA,NA,"Ericaceae","Asterids",3,0,0
"146","Erica multiflora",0,NA,NA,NA,NA,NA,NA,NA,NA,NA,NA,NA,NA,NA,NA,NA,NA,NA,NA,NA,NA,NA,NA,0,NA
"147","Eriophorum angustifolium",0,NA,NA,NA,NA,NA,NA,NA,NA,NA,NA,NA,NA,NA,NA,NA,NA,NA,NA,NA,NA,NA,NA,0,NA
"148","Eriophorum latifolium",1,-0.0085004784729929,0.44879887444798,-5.24565162555227,26.3984477976076,0.678145203817735,0.663324600470753,30.5321079674133,22.2647876278018,47.0421486622131,5.75474693300203,41.2874017292111,8.26732033961155,NA,NA,NA,NA,NA,NA,NA,"Cyperaceae","Monocots",3,1,0
"149","Eryngium campestre",1,-0.0347673083271724,0.968890394175841,-6.37115066718111,13.9339287508001,0.379074192709303,0.593649790081125,15.8055996167459,12.0622578848543,23.711098775844,4.15675872575626,19.5543400500877,3.74334173189159,NA,NA,NA,NA,NA,NA,NA,"Apiaceae","Asterids",4,1,1
"150","Eryngium maritimum",1,-0.01407921351036,0.49377647235166,-8.23921158269813,17.5356553826079,-3.90986455509887,0.0196493788911077,19.4629170894699,15.6083936757459,NA,NA,NA,3.85452341372401,NA,NA,NA,NA,NA,NA,NA,"Apiaceae","Asterids",7,1,1
"151","Euphorbia amygdaloides",1,-0.0251566726214615,0.875864420801642,-7.93596605826046,17.4081929272003,-0.312357650567677,0.422539367671346,19.2702635249185,15.5461223294822,27.6369544439374,7.17943141046325,20.4575230334742,3.72414119543626,2.06516333552079,2.13595975097835,7.30282000832994,7.33679851854718,1.00186713562518,3.69316886840752,14.5018838128657,"Euphorbiaceae","Rosids",13,1,1
"152","Euphorbia dendroides",1,-0.0319601955874962,1.16710116593512,-8.76385983770347,18.2586674530823,1.89099619875354,0.868869074784182,21.508033749851,15.0093011563136,30.5588928170791,5.95844208908547,24.6004507279937,6.49873259353737,0.721058771212576,0.597728106566582,1.31978831045921,1.20405397943986,0.4073212619921,1.0443978360573,2.39155428493193,"Euphorbiaceae","Rosids",12,1,1
"153","Euphorbia paralias",1,-0.0122047029625649,0.46583055362422,-5.42505814006612,19.0840594422104,-0.980089152384911,0.272874094235179,21.4769515387764,16.6911673456445,31.7706758697982,6.39744301462269,25.3732328551755,4.78578419313185,NA,NA,NA,NA,NA,NA,NA,"Euphorbiaceae","Rosids",5,1,1
"154","Euphorbia peplis",1,-0.0707691891498426,3.22758055410295,-35.7783716201623,22.8035716734655,1.0218106285228,0.735325137870312,24.4044401794999,21.2027031674311,30.2898834738775,15.3172598730535,14.972623600824,3.20173701206879,0.0952682113327769,0.0287005241224156,0.153772858097987,0.0293535626210152,0.0622294842975677,0.0656465496970793,0.183099459826003,"Euphorbiaceae","Rosids",6,1,1
"155","Euphorbia terracina",1,-0.0193498787662659,1.07677031555583,-10.3935030405799,27.8236966898483,4.58636229174899,0.989912927080861,37.5417255294182,18.1056678502783,47.5516244719079,8.09576890778868,39.4558555641192,19.4360576791399,2.64949177063922,2.56691049966242,5.09769178587972,5.079004633119,0.323772227521332,5.17671309719475,10.1560910488673,"Euphorbiaceae","Rosids",7,1,1
"156","Fagus sylvatica",1,0.0043208465137434,-0.231264842995447,2.35110519472949,26.7615202553317,-0.74339419535488,0.32226237302739,NA,NA,NA,NA,NA,NA,NA,NA,NA,NA,64.6315474854996,NA,NA,"Fagaceae","Rosids",8,0,0
"157","Festuca ambigua",1,0.0694564487322628,-2.31921978792093,21.8479005010021,16.6954964603858,2.48763762095682,0.923270614276201,NA,NA,NA,NA,NA,NA,NA,NA,NA,NA,0.877509958954922,NA,NA,"Poaceae","Monocots",4,0,0
"158","Festuca bromoides",1,0.00145477655785038,-0.0152573230826816,3.03400622335344,5.24387164487522,2.99400250140846,0.952302443249528,NA,NA,NA,NA,NA,NA,NA,NA,NA,NA,NA,NA,NA,"Poaceae","Monocots",7,0,0
"159","Festuca drymeja",1,0.0719054632532607,-3.20020350035991,34.7562083774824,22.252853646797,-0.850621689255874,0.299302460280303,NA,NA,NA,NA,NA,NA,NA,NA,NA,NA,NA,NA,NA,"Poaceae","Monocots",3,0,0
"160","Festuca eskia",1,0.00151518780210802,-0.0978035286021972,1.1691823377066,32.2743914866945,-0.40909234773712,0.399129779093141,NA,NA,NA,NA,NA,NA,NA,NA,NA,NA,NA,NA,NA,"Poaceae","Monocots",4,0,0
"161","Festuca fasciculata",1,-0.0122631970146782,0.354393041865835,0.608117797953156,14.4494556126616,3.16851106189141,0.959631944842358,22.6989265612329,6.19998466409035,36.7761059316771,-7.87719470635387,44.653300638031,16.4989418971425,3.24150470999185,3.56443573506995,2.81300712492048,3.10278449690172,0.759196921287565,6.64225789378249,5.72494904579631,"Poaceae","Monocots",8,1,1
"162","Festuca heterophylla",0,NA,NA,NA,NA,NA,NA,NA,NA,NA,NA,NA,NA,NA,NA,NA,NA,NA,NA,NA,NA,NA,NA,0,NA
"163","Festuca hystrix",1,0.0248753697523486,-0.748809673338869,6.43804497782609,15.0512269926796,0.802792793957301,0.690571569656329,NA,NA,NA,NA,NA,NA,NA,NA,NA,NA,NA,NA,NA,"Poaceae","Monocots",3,0,0
"164","Festuca indigesta",0,NA,NA,NA,NA,NA,NA,NA,NA,NA,NA,NA,NA,NA,NA,NA,NA,NA,NA,NA,NA,NA,NA,0,NA
"165","Festuca myuros",0,NA,NA,NA,NA,NA,NA,NA,NA,NA,NA,NA,NA,NA,NA,NA,NA,NA,NA,NA,NA,NA,NA,0,NA
"166","Festuca ovina",1,-0.0378688626636955,1.33027004169602,-9.0760598741762,17.5641668131129,2.60648258524164,0.931277624307052,21.4392078091183,13.6891258171075,29.6713026321941,5.4570309940318,24.2142716381623,7.7500819920108,6.73277679250316,6.62698247311936,3.24461020634725,3.87236307233319,1.55561191157417,12.992869059437,6.43161477643698,"Poaceae","Monocots",7,1,0
"167","Festuca rothmaleri",1,-0.0187586592703532,0.648095442655366,-1.72649962141485,17.2745672629077,3.87128453705217,0.979593506494929,25.5192878164155,9.02984670939979,36.3359799828049,-1.78684545698956,38.1228254397945,16.4894411070157,6.05251721736678,6.22011521485076,1.37352084872176,1.26411869126044,0.962613713797201,12.1218437235066,1.80626978244456,"Poaceae","Monocots",3,1,0
"168","Festuca rubra",1,-0.0227476830287224,0.839231061774754,-4.43638070484523,18.4465174038845,3.30406448860901,0.964567983681302,24.7729355291343,12.1200992786347,35.020215500701,1.87281930706804,33.1473961936329,12.6528362504997,NA,NA,NA,NA,NA,NA,NA,"Poaceae","Monocots",14,1,1
"169","Festuca valesiaca",0,NA,NA,NA,NA,NA,NA,NA,NA,NA,NA,NA,NA,NA,NA,NA,NA,NA,NA,NA,NA,NA,NA,0,NA
"170","Festuca varia",1,-0.0224761091288933,0.552298882405845,-1.51027727764214,12.2863543516048,1.88259261097462,0.867908635380232,16.1491094627458,8.42359924046381,26.9411411462796,-2.36843244306999,29.3095735893496,7.72551022228198,1.96903919151102,3.93104571413308,2.60703405423867,3.11339909892392,1.30278983024382,5.64547837844357,5.11768655264601,"Poaceae","Monocots",8,1,1
"171","Ficus carica",1,-0.0326843630084043,1.3354758768725,-11.7444539487276,20.4298899221182,1.89735863034717,0.869592282542305,23.6506047748772,17.2091750693591,32.6010872389108,8.2586926053256,24.3423946335852,6.44142970551812,NA,NA,NA,NA,NA,NA,NA,"Moraceae","Rosids",4,1,1
"172","Foeniculum vulgare",0,NA,NA,NA,NA,NA,NA,NA,NA,NA,NA,NA,NA,NA,NA,NA,NA,NA,NA,NA,NA,NA,NA,0,NA
"173","Fragaria vesca",1,0.0121081008044035,-0.477112160691675,6.85889947645728,19.702188163075,2.15882269403796,0.896490350947198,NA,NA,NA,NA,NA,NA,NA,NA,NA,NA,4.06312962836335,NA,NA,"Rosaceae","Rosids",4,0,1
"174","Fraxinus ornus",1,0.00107858749502205,-0.0970529629599191,0.45009021719795,44.9907695981283,-1.73315353047475,0.150184652945619,NA,NA,NA,NA,NA,NA,NA,NA,NA,NA,177.785800791332,NA,NA,"Oleaceae","Asterids",7,0,0
"175","Fumana ericoides",1,1.30474485657797,-50.5117266707027,487.680040981776,19.3569364983675,-1.19610181206684,0.232169408236007,NA,NA,NA,NA,NA,NA,NA,NA,NA,NA,0.259124854690425,NA,NA,"Cistaceae","Rosids",4,0,1
"176","Fumana procumbens",1,-0.0645983568281246,2.60597219156056,-23.6235286985126,20.1705764629138,2.65845197653706,0.93453001651231,23.192601364631,17.1485515611967,29.4836996940859,10.8574532317417,18.6262464623442,6.04404980343429,0.582281159625884,0.261099247536625,0.623311773747051,0.451746977129555,0.23162516687337,0.774498198914912,0.985182686387827,"Cistaceae","Rosids",4,1,1
"177","Fumana thymifolia",0,NA,NA,NA,NA,NA,NA,NA,NA,NA,NA,NA,NA,NA,NA,NA,NA,NA,NA,NA,NA,NA,NA,0,NA
"178","Galactites tomentosus",0,NA,NA,NA,NA,NA,NA,NA,NA,NA,NA,NA,NA,NA,NA,NA,NA,NA,NA,NA,NA,NA,NA,0,NA
"179","Galium aparine",1,-0.0863916585103104,2.55889538314427,-17.5395931520667,14.8098521736267,1.4088380240045,0.803582604823892,16.4675730297606,13.1521313174928,21.9084446682475,7.71125967900592,14.1971849892415,3.31544171226786,0.895770124749799,0.980093537459398,1.93946925544536,1.68935497802705,0.585537937269218,1.46784066342434,3.44376302397238,"Rubiaceae","Asterids",5,1,1
"180","Galium corsicum",0,NA,NA,NA,NA,NA,NA,NA,NA,NA,NA,NA,NA,NA,NA,NA,NA,NA,NA,NA,NA,NA,NA,0,NA
"181","Genista cinerea",0,NA,NA,NA,NA,NA,NA,NA,NA,NA,NA,NA,NA,NA,NA,NA,NA,NA,NA,NA,NA,NA,NA,0,NA
"182","Genista florida",0,NA,NA,NA,NA,NA,NA,NA,NA,NA,NA,NA,NA,NA,NA,NA,NA,NA,NA,NA,NA,NA,NA,0,NA
"183","Genista scorpius",1,3.96988705354174,-147.855752726187,1371.86761195808,18.6221611260045,-4.82921337878429,0.00792942772625632,NA,NA,17.9331271907237,19.3111950612853,-1.3780678705616,NA,585.974746821979,295.582336119324,NA,NA,161.050106663698,870.472340317958,NA,"Fabaceae","Rosids",4,0,0
"184","Gentiana acaulis",1,-0.175162624025561,5.09436906218138,-34.5914609506811,14.5418267467778,2.44925519251223,0.920506967421119,16.2449405672766,12.838712926279,20.0909252950538,8.99272819850187,11.0981970965519,3.4062276409976,NA,NA,NA,NA,NA,NA,NA,"Gentianaceae","Asterids",3,1,1
"185","Geranium molle",0,NA,NA,NA,NA,NA,NA,NA,NA,NA,NA,NA,NA,NA,NA,NA,NA,NA,NA,NA,NA,NA,NA,0,NA
"186","Geranium robertianum",1,-0.0135927264330725,0.49938091000441,-3.46040984402033,18.369416631139,1.12625815273384,0.755147693544981,22.1541484075048,14.5846848547732,35.6747953248974,1.06403793738068,34.6107573875167,7.5694635527316,NA,NA,NA,NA,NA,NA,NA,"Geraniaceae","Rosids",20,1,NA
"187","Geum urbanum",1,-0.0728406212804609,2.84690186915701,-24.7104180684677,19.5419933212505,3.10665058819335,0.95716624323992,22.8590110546727,16.2249755878284,28.6564328941293,10.4275537483718,18.2288791457575,6.63403546684437,NA,NA,NA,NA,NA,NA,NA,"Rosaceae","Rosids",8,1,1
"188","Glaucium flavum",1,-0.010657343587415,0.168011735514274,-0.0232657097351297,7.8824396593854,0.638905473894811,0.654505999593984,11.5299933394266,4.23488597934422,26.2190811898641,-10.4542018710933,36.6732830609574,7.29510736008235,2.47005957852371,16.653679834622,9.04177775788715,17.1252257225751,7.72242860441753,18.1203995129743,22.6165998316068,"Papaveraceae","EarlyEU",11,1,0
"189","Glebionis coronaria",1,-0.0021846055501451,0.0289154209296109,-2.20330262363095,6.61799585002665,-2.10762155577398,0.10835825032431,11.7417100241685,1.49428167588478,26.1897089431724,-12.9537172431191,39.1434261862914,10.2474283482837,NA,NA,NA,NA,NA,NA,NA,"Asteraceae","Asterids",6,1,1
"190","Globularia cordifolia",1,-0.0403759492656659,1.49248017532237,-9.63101718133143,18.4822920880713,4.16121008665056,0.98465059417424,24.5533191112842,12.4112650648584,31.7483077091204,5.21627646702225,26.5320312420982,12.1420540464258,NA,NA,NA,NA,NA,NA,NA,"Plantaginaceae","Asterids",7,1,1
"191","Gypsophila struthium",0,NA,NA,NA,NA,NA,NA,NA,NA,NA,NA,NA,NA,NA,NA,NA,NA,NA,NA,NA,NA,NA,NA,0,NA
"192","Hedypnois rhagadioloides",0,NA,NA,NA,NA,NA,NA,NA,NA,NA,NA,NA,NA,NA,NA,NA,NA,NA,NA,NA,NA,NA,NA,0,NA
"193","Helianthemum apenninum",1,-0.0402553267528579,1.50477730340822,-11.8755339585081,18.6904122359582,2.18692010349851,0.899068767249212,21.9192217061658,15.4616027657506,29.9806873673244,7.40013710459201,22.5805502627324,6.45761894041519,NA,NA,NA,NA,NA,NA,NA,"Cistaceae","Rosids",5,1,1
"194","Helianthemum hirtum",0,NA,NA,NA,NA,NA,NA,NA,NA,NA,NA,NA,NA,NA,NA,NA,NA,NA,NA,NA,NA,NA,NA,0,NA
"195","Helianthemum nummularium",1,-0.018497246866294,0.645762160151708,-1.61642986087209,17.4556290679243,4.01966250598278,0.982357811523244,26.0996746171727,8.81158351867592,36.8590810084111,-1.94782287256238,38.8069038809734,17.2880910984968,5.91780514814979,6.17213835365133,3.67349067364403,3.76223573419633,1.75619750674668,11.5712791222644,6.55446291981377,"Cistaceae","Rosids",12,1,1
"196","Helianthemum oelandicum",1,-0.0554570315595228,1.29222163213631,-3.76021164718365,11.6506563351606,3.7674034252566,0.977410100235558,16.3080460043396,6.99326666598164,22.6519198008064,0.649392869514851,22.0025269312915,9.31477933835793,NA,NA,NA,NA,NA,NA,NA,"Cistaceae","Rosids",3,1,0
"197","Helianthemum squamatum",1,0.0197909029744817,-0.642935388701682,4.00533086887703,16.2432050101675,-1.21633479460955,0.228582101741414,NA,NA,NA,NA,NA,NA,NA,NA,NA,NA,NA,NA,NA,"Cistaceae","Rosids",4,0,1
"198","Helianthemum syriacum",0,NA,NA,NA,NA,NA,NA,NA,NA,NA,NA,NA,NA,NA,NA,NA,NA,NA,NA,NA,NA,NA,NA,0,NA
"199","Helianthemum violaceum",0,NA,NA,NA,NA,NA,NA,NA,NA,NA,NA,NA,NA,NA,NA,NA,NA,NA,NA,NA,NA,NA,NA,0,NA
"200","Helichrysum italicum",1,-0.0106722714408775,0.340161571016606,-4.60604368455868,15.9366997410552,-1.89551727419004,0.130616672235576,18.2835003841986,13.5898990979118,25.8505671170436,6.02283236506688,19.8277347519767,4.69360128628687,9.49066041039567,9.8529094371925,39.2363174582067,39.3212053395708,1.41165636911431,19.1398491109019,78.5068181705124,"Asteraceae","Asterids",6,1,1
"201","Helichrysum litoreum",1,-0.0246826107173822,0.752415077751272,-3.2994154057682,15.2418049769225,2.43466653262224,0.919432888390698,19.7549688172504,10.7286411365946,30.0042904977214,0.479319456123622,29.5249710415978,9.02632768065582,NA,NA,NA,NA,NA,NA,NA,"Asteraceae","Asterids",3,1,0
"202","Helichrysum stoechas",1,-0.018671043317123,0.657334325674423,-4.62745176526751,17.603042168286,1.15809016148685,0.760985514047177,20.8678721947891,14.3382121417829,32.4262276868421,2.77985664972994,29.6463710371121,6.52966005300616,NA,NA,NA,NA,NA,NA,NA,"Asteraceae","Asterids",7,1,1
"203","Helictochloa marginata",1,-0.0125812638436432,0.299919775456066,-0.79770156676185,11.9193023524263,0.989715675804481,0.72903175933924,15.6754650214153,8.16313968343736,29.6026131133987,-5.76400840854607,35.3666215219448,7.51232533797797,NA,NA,NA,NA,NA,NA,NA,"Poaceae","Monocots",4,1,1
"204","Helleborus foetidus",0,NA,NA,NA,NA,NA,NA,NA,NA,NA,NA,NA,NA,NA,NA,NA,NA,NA,NA,NA,NA,NA,NA,0,NA
"205","Hippocrepis ciliata",0,NA,NA,NA,NA,NA,NA,NA,NA,NA,NA,NA,NA,NA,NA,NA,NA,NA,NA,NA,NA,NA,NA,0,NA
"206","Hippocrepis comosa",1,0.00185581907658492,-0.0894482462212757,4.41724967395125,24.0993983060781,3.33942521721792,0.965756839003023,NA,NA,NA,NA,NA,NA,NA,NA,NA,NA,NA,NA,NA,"Fabaceae","Rosids",10,0,1
"207","Hippocrepis emerus",1,-0.0453896622269094,1.07036012175436,-4.97954965424747,11.790791881238,1.33064706254367,0.790947646376103,14.0150268293076,9.56655693316846,21.4957564569683,2.08582730550776,19.4099291514606,4.44846989613916,1.98122329651666,2.22749887605866,3.04956057207087,3.79358182824632,1.17799641058035,3.49618246286504,6.46772474424346,"Fabaceae","Rosids",6,1,1
"208","Holcus lanatus",1,-0.0108433586249326,0.40995380336327,-1.56465759045314,18.9034512987814,2.31011328786076,0.909711160827351,25.4115490607257,12.3953535368372,40.9167916028154,-3.10988900525256,44.026680608068,13.0161955238886,8.96324353205759,5.9565752393882,4.42852273274355,2.96837561476974,2.25135341310762,14.5384551322375,6.04745946714209,"Poaceae","Monocots",19,1,1
"209","Hordeum marinum",1,-0.00120632762628209,0.309962730883609,-0.50006832822845,128.473693269761,19.4109600780707,0.999999996285271,245.307436585133,11.6399499543891,264.605176508223,-7.65778996870038,272.262966476923,233.667486630744,NA,NA,NA,6.4639919921927,NA,NA,NA,"Poaceae","Monocots",3,1,0
"210","Hordeum murinum",1,-0.425214822414755,15.5486548770594,-135.758769826503,18.2832935935301,6.38154122437251,0.998310347354013,21.140128085711,15.4264591013491,22.9664972815801,13.60008990548,9.36640737610017,5.71366898436189,1.23723153728327,1.02781358873426,0.27193364199694,0.342512930707092,0.219101987503514,2.23209824522983,0.436466840649804,"Poaceae","Monocots",4,1,1
"211","Hypericum barbatum",0,NA,NA,NA,NA,NA,NA,NA,NA,NA,NA,NA,NA,NA,NA,NA,NA,NA,NA,NA,NA,NA,NA,0,NA
"212","Hypericum empetrifolium",0,NA,NA,NA,NA,NA,NA,NA,NA,NA,NA,NA,NA,NA,NA,NA,NA,NA,NA,NA,NA,NA,NA,0,NA
"213","Hypericum perforatum",1,-0.018271721601597,0.652743773593622,-5.17490070215023,17.8621311069169,0.65479672942624,0.658090579140953,20.6614167521156,15.0628454617181,31.8972278230715,3.82703439076218,28.0701934323093,5.59857129039749,18.5105316728795,19.5308127884866,3.34085636686252,3.69752430654422,2.31414114480425,37.7725279142245,5.31460417817152,"Hypericaceae","Rosids",5,1,1
"214","Hypericum trichocaulon",1,-0.88386351359491,26.4249346250207,-197.856128666173,14.9485379917672,-0.349059080130019,0.413610610280696,15.2603827529534,14.636693230581,16.6621317248665,13.2349442586679,3.42718746619861,0.623689522372421,NA,NA,NA,NA,NA,NA,NA,"Hypericaceae","Rosids",5,1,1
"215","Hypochaeris radicata",1,-0.00828467340948881,0.290830291615841,-1.03616924294719,17.5523087779622,1.51620229726583,0.819978568650012,23.1162490736278,11.9883684822966,40.756207061326,-5.65158950540157,46.4077965667276,11.1278805913313,9.17901449858149,7.868183268138,26.9637771641794,26.9699386989342,1.7700811475175,16.726998569294,53.8174042080477,"Asteraceae","Asterids",13,1,1
"216","Hypochaeris robertia",1,0.00618244500276678,-0.193382832357951,3.05005421343492,15.63967267573,1.53783211384296,0.823149357347821,NA,NA,NA,NA,NA,NA,NA,NA,NA,NA,7.82862785836286,NA,NA,"Asteraceae","Asterids",3,0,0
"217","Isatis tinctoria",1,0.368646618427721,-13.5612426093045,124.535790224249,18.3932822538062,-0.182091288391874,0.454602546482128,NA,NA,NA,NA,NA,NA,NA,NA,NA,NA,0.268503549414039,NA,NA,"Brassicaceae","Rosids",4,0,0
"218","Jacobaea maritima",0,NA,NA,NA,NA,NA,NA,NA,NA,NA,NA,NA,NA,NA,NA,NA,NA,NA,NA,NA,NA,NA,NA,0,NA
"219","Jasione crispa",1,-0.0380005160840996,1.38573229107566,-14.3552374480077,18.2330719931391,-1.72215913480763,0.151593262456525,19.4915882644412,16.9745557218371,23.9044758957421,12.5616680905362,11.342807805206,2.51703254260415,2.17771394883761,1.95031646250865,8.37749239444247,8.48483781537651,0.859398569410186,3.76006397410619,16.7748454401211,"Campanulaceae","Asterids",4,1,1
"220","Jasione laevis",0,NA,NA,NA,NA,NA,NA,NA,NA,NA,NA,NA,NA,NA,NA,NA,NA,NA,NA,NA,NA,NA,NA,0,NA
"221","Jasione montana",1,-0.256195344892691,9.4921201177694,-85.3802045729568,18.5251611846133,2.5413230097377,0.926988419652404,19.9807724433183,17.0695499259083,23.1525166583975,13.8978057108291,9.25471094756837,2.91122251741002,NA,NA,NA,NA,NA,NA,NA,"Campanulaceae","Asterids",5,1,1
"222","Juncus acutus",1,0.459435213692615,-20.4211059780141,229.360831371205,22.2241410425244,2.44006162134289,0.919831631988889,NA,NA,NA,NA,NA,NA,NA,NA,NA,NA,NA,NA,NA,"Juncaceae","Monocots",5,0,0
"223","Juncus articulatus",1,0.0685408236524894,-2.87385875626902,29.8231030577048,20.964577044185,-0.301513597249059,0.425187513517587,NA,NA,NA,NA,NA,NA,NA,NA,NA,NA,NA,NA,NA,"Juncaceae","Monocots",7,0,1
"224","Juncus bufonius",1,-0.0690321495606911,2.00966769907845,-12.2516225038755,14.5560272414204,2.37476638311872,0.914882764474218,17.1967838740605,11.9152706087802,23.3340697661513,5.77798471668941,17.5560850494619,5.28151326528032,0.682441047364791,1.88658295748228,1.62328090560745,1.98232994245829,0.824558917053991,2.30873394881456,3.22641537434046,"Juncaceae","Monocots",5,1,1
"225","Juncus inflexus",1,-0.0376304615465137,1.60249045714526,-16.3826761216771,21.292463489512,0.67780865385134,0.663249436293475,23.2569161408568,19.3280108381672,31.1035994952687,11.4813274837554,19.6222720115133,3.92890530268958,NA,NA,NA,NA,NA,NA,NA,"Juncaceae","Monocots",9,1,1
"226","Juncus littoralis",0,NA,NA,NA,NA,NA,NA,NA,NA,NA,NA,NA,NA,NA,NA,NA,NA,NA,NA,NA,NA,NA,NA,0,NA
"227","Juncus maritimus",1,0.0194193451435932,-0.551392716830523,8.48674929909528,14.1969956441203,4.57268929957397,0.989775479262315,NA,NA,NA,NA,NA,NA,NA,NA,NA,NA,NA,NA,NA,"Juncaceae","Monocots",3,0,0
"228","Jurinea humilis",1,-0.019137718526777,0.567821279853727,-3.44627649311223,14.8351351039897,0.765576207662976,0.682563162637086,17.6663992523016,12.0038709556778,28.7584537461543,0.911816461825205,27.8466372843291,5.66252829662382,NA,NA,NA,NA,NA,NA,NA,"Asteraceae","Asterids",7,1,1
"229","Koeleria splendens",1,0.0450778609001271,-1.69002917817271,16.7060506895102,18.7456674343652,0.865688225310628,0.703847716010984,NA,NA,NA,NA,NA,NA,NA,NA,NA,NA,NA,NA,NA,"Poaceae","Monocots",3,0,0
"230","Koeleria vallesiana",1,-0.0251961293545598,0.799443797594817,-5.01366146314366,15.8644168384962,1.32769335885363,0.790458833327655,18.8466248270275,12.882208849965,28.8857494966722,2.84308418032027,26.0426653163519,5.96441597706253,2.46712298180497,7.17199493274707,2.68923336015709,3.57098230576258,2.61904373167363,9.36006698542934,3.53980523662323,"Poaceae","Monocots",5,1,1
"231","Lagoecia cuminoides",0,NA,NA,NA,NA,NA,NA,NA,NA,NA,NA,NA,NA,NA,NA,NA,NA,NA,NA,NA,NA,NA,NA,0,NA
"232","Lagurus ovatus",1,-0.0244405123902487,0.734800968260803,-2.50368499401769,15.0324378746244,3.01923995877949,0.953435794336514,20.5950834021474,9.46979234710141,30.6531911903702,-0.588315441121477,31.2415066314917,11.125291055046,13.8851199417826,21.5814207665101,1.38026743083032,8.8626871545201,4.47289419663774,35.172168346868,8.99319707232885,"Poaceae","Monocots",6,1,0
"233","Lapsana communis",1,-0.0629232387613128,1.97555669750988,-14.4530748590038,15.6981485409848,1.05321638531998,0.74139205497386,17.4139739921339,13.9823230898357,23.6688609817239,7.7274361002458,15.9414248814781,3.43165090229817,1.67221239116481,1.94877549944489,2.54018054397867,2.20867156591898,1.00577520290349,3.02352533009095,4.31452888843171,"Asteraceae","Asterids",5,1,1
"234","Lathyrus pratensis",1,-0.0305448921972879,0.904140584921296,-3.30660976425607,14.800192763515,3.38411770682013,0.967204470366601,20.3986826259164,9.20170290111372,29.1942438226384,0.406141704391708,28.7881021182467,11.1969797248026,NA,NA,NA,NA,NA,NA,NA,"Fabaceae","Rosids",9,1,1
"235","Launaea fragilis",1,-0.0168223974423976,0.752793881926925,-4.93216689800969,22.3747502252459,3.48962064159442,0.970390997922728,30.1674906742626,14.5820097762292,41.9315863132699,2.81791413722189,39.113672176048,15.5854808980334,NA,NA,NA,NA,NA,NA,NA,"Asteraceae","Asterids",4,1,0
"236","Lavandula angustifolia",1,0.259052241757575,-10.1481657739623,91.9157807411407,19.5871027888249,-7.47080232517631,0.000569147099557233,NA,NA,15.4070570956787,23.7671484819711,-8.3600913862924,NA,NA,NA,NA,NA,NA,NA,NA,"Lamiaceae","Asterids",3,0,1
"237","Lavandula latifolia",0,NA,NA,NA,NA,NA,NA,NA,NA,NA,NA,NA,NA,NA,NA,NA,NA,NA,NA,NA,NA,NA,NA,0,NA
"238","Lavandula pedunculata",1,-0.0538562473523429,1.74999829879929,-9.55494294145231,16.2469387010043,4.66111460227463,0.990632659851115,22.1707329001783,10.3231445018304,28.1305207942601,4.36335660774864,23.7671641865114,11.8475883983479,NA,NA,NA,NA,NA,NA,NA,"Lamiaceae","Asterids",5,1,0
"239","Lavandula stoechas",1,-0.0125613295410917,0.370367724863098,-2.49886680559028,14.74237753462,0.231183607694753,0.55753985764487,17.7336168430688,11.7511382261712,30.6423596740086,-1.1576046047686,31.7999642787772,5.98247861689759,2.34654505557658,3.29339490643373,6.26529942484695,6.61278707346464,1.15524471426086,5.23135603986561,12.6738904099975,"Lamiaceae","Asterids",7,1,1
"240","Leontodon hispidus",1,-0.0149943914474756,0.686181428888694,-5.78846990466366,22.881269683146,2.06188125832067,0.887142659790786,27.9338127388584,17.8287266274335,41.1536401156117,4.60889925068027,36.5447408649314,10.1050861114248,5.84032113264521,1.78833139752809,6.79388372474936,5.79098005152082,2.75617653840201,6.65048297466156,11.3577539857888,"Asteraceae","Asterids",9,1,0
"241","Leontodon saxatilis",1,-0.00488362976400817,0.261451755587297,0.342680255764732,26.7681794302026,3.84197400871585,0.978999276391361,42.7957843274406,10.7405745329645,64.0458509044174,-10.5094920440123,74.5553429484297,32.055209794476,56.8289959395495,17.7877707724991,39.2184144128876,2.0195441567396,20.0428138306274,74.0609316178769,38.4378411246946,"Asteraceae","Asterids",4,1,0
"242","Leontodon tuberosus",0,NA,NA,NA,NA,NA,NA,NA,NA,NA,NA,NA,NA,NA,NA,NA,NA,NA,NA,NA,NA,NA,NA,0,NA
"243","Leucanthemum vulgare",1,0.0529233149453041,-2.29959403717778,25.7301936285285,21.7257180465207,0.75002779193607,0.679184754868973,NA,NA,NA,NA,NA,NA,NA,NA,NA,NA,2.37413657172992,NA,NA,"Asteraceae","Asterids",7,0,0
"244","Leucojum aestivum",1,0.017776403474024,-0.830233516160907,8.46636044922537,23.3521228682196,-1.22749709012638,0.226619793701114,NA,NA,NA,NA,NA,NA,NA,NA,NA,NA,10.8678312797205,NA,NA,"Amaryllidaceae","Monocots",3,0,1
"245","Lilium martagon",1,-0.0460781280460276,1.36658265417303,-8.55813438290792,14.8289732257346,1.57437441183469,0.828406321381194,17.2385023787191,12.4194440727501,24.7319278681493,4.92601858331994,19.8059092848293,4.81905830596901,NA,NA,NA,NA,NA,NA,NA,"Liliaceae","Monocots",4,1,0
"246","Limbarda crithmoides",1,-3.17961043937282e-05,-0.0680407544242322,1.55316939538713,-1069.95425574294,37.9534167754707,1,-20.6468016156891,-2119.26170987018,64.1769814978781,-2204.08549298375,2268.26247448163,2098.61490825449,191.354052073007,416540.47398096,127.085404960295,416474.751923013,208176.090799715,416728.76915172,416597.324952364,"Asteraceae","Asterids",6,1,0
"247","Limonium dufourii",0,NA,NA,NA,NA,NA,NA,NA,NA,NA,NA,NA,NA,NA,NA,NA,NA,NA,NA,NA,NA,NA,NA,0,NA
"248","Linum suffruticosum",0,NA,NA,NA,NA,NA,NA,NA,NA,NA,NA,NA,NA,NA,NA,NA,NA,NA,NA,NA,NA,NA,NA,0,NA
"249","Lolium arundinaceum",1,-0.026950742895393,1.01931143218538,-6.05046182903331,18.9106370117839,3.5874524189764,0.973076217793499,25.251052149711,12.5702218738569,34.4786830485427,3.34259097502516,31.1360920735175,12.6808302758541,4.50699484728209,2.39301570530121,2.31322497773575,1.22934136402863,1.47894128112679,6.58255149515804,2.23058528682064,"Poaceae","Monocots",9,1,0
"250","Lolium perenne",1,-0.0126095544497629,0.33590232524719,1.59632439672513,13.3193574200199,3.83332596081669,0.978820736708025,23.2697784997944,3.36893634024549,36.5036250147133,-9.86491017467347,46.3685351893868,19.9008421595489,2.32039107716109,NA,1.06546622575242,NA,NA,NA,NA,"Poaceae","Monocots",12,1,1
"251","Lolium pratense",1,-0.0228834551980726,0.919047550832793,-5.41105955260913,20.0810485758768,3.81665970329784,0.97847246226761,27.4330062142922,12.7290909374614,37.2699387825104,2.89215836924327,34.3777804132671,14.7039152768308,4.88579496866976,1.56768448336009,3.5905228635213,1.11990828562291,2.05748040821789,5.97698516893689,3.3703405588383,"Poaceae","Monocots",10,1,0
"252","Lolium rigidum",1,-0.0368210227178912,1.30281970282527,-8.59519189028873,17.6912481873057,2.92906146270815,0.949264492838769,22.0875604802512,13.2949358943603,30.3211675967993,5.06132877781212,25.2598388189872,8.79262458589092,2.80359399399011,5.14535957778596,1.12371318203164,2.58100364538992,1.54809567834114,7.6865680260119,2.50244307603213,"Poaceae","Monocots",7,1,0
"253","Lonicera xylosteum",1,-0.0769863505493165,2.1598836244688,-13.1062231388812,14.0277049701506,2.04288198807279,0.885226404963659,16.2419520445712,11.81345789573,22.0764244814365,5.97898545886471,16.0974390225718,4.42849414884123,NA,NA,NA,NA,NA,NA,NA,"Caprifoliaceae","Asterids",6,1,1
"254","Lotus corniculatus",1,-0.00340558659391841,0.11874453539113,1.11879468147722,17.4337859450087,2.15387808755146,0.896030613829729,28.4007487786155,6.46682311140204,56.1254543105964,-21.2578824205789,77.3833367311752,21.9339256672134,24.1760154146975,21.7445065400215,8.61858355239872,7.63430726817648,3.75410253933151,45.36775758728,14.4482565150941,"Fabaceae","Rosids",15,1,1
"255","Lotus creticus",1,-0.0126693492700918,0.61843576037397,-6.30578820526873,24.4067689346089,1.24122114690459,0.775776501033664,28.4863027866812,20.3272350825365,42.5830414722191,6.23049639699859,36.3525450752205,8.15906770414476,NA,NA,0.340973420671046,NA,0.289839676740706,NA,NA,"Fabaceae","Rosids",3,1,1
"256","Lotus cytisoides",0,NA,NA,NA,NA,NA,NA,NA,NA,NA,NA,NA,NA,NA,NA,NA,NA,NA,NA,NA,NA,NA,NA,0,NA
"257","Lotus dorycnium",1,-0.0216857073712265,0.762430106278511,-4.35373085100714,17.5790923769943,2.34768378362862,0.912749946179047,22.2445330459479,12.9136517080407,33.2007875271085,1.95739722688006,31.2433903002284,9.3308813379072,25.5341091276088,34.7468521130149,6.08515063432104,14.0687674010142,7.55417721322139,59.0796627269801,15.545294316205,"Fabaceae","Rosids",7,1,1
"258","Lotus maritimus",1,-0.0433836365584763,1.39746085406261,-8.00374373521528,16.1058519400395,3.24990506855154,0.962669701278212,20.6085712012249,11.6031326788542,28.0549378918338,4.15676598824526,23.8981719035886,9.00543852237078,NA,NA,NA,NA,NA,NA,NA,"Fabaceae","Rosids",4,1,0
"259","Lotus rectus",1,-0.00974923855659493,0.443910416791371,-0.91962005810808,22.7664147417485,4.13350427031932,0.984226182261752,35.0335893890297,10.4992400944673,49.7107944079974,-4.17796492450036,53.8887593324978,24.5343492945624,3.60031543019355,0.33201037960875,3.31140058337563,2.40650693355113,1.68890386243527,3.83867413984572,4.70145869528013,"Fabaceae","Rosids",8,1,0
"260","Luzula spicata",1,-0.00135114082525072,0.0821337387592122,-1.26508647759343,30.3942184353624,-0.0168910792131824,0.495777330593203,38.966427070727,21.8220097999978,76.9422903423271,-16.1538534716023,93.0961438139294,17.1444172707292,202.74963855031,52.5925777276935,170.490781133696,66.6476766273391,77.4642693052289,252.475619125249,207.401028027414,"Juncaceae","Monocots",9,1,0
"261","Luzula sylvatica",1,-0.0283648057906182,0.861662410912363,-3.90692431696885,15.1889354940932,2.6369430715475,0.933201658909781,19.7149653020655,10.6629056861209,29.2164578174934,1.16141317069297,28.0550446468005,9.0520596159446,0.664596257732689,0.859306896759085,0.871759176654421,0.879260911938507,0.347381810658278,1.37021770814537,1.60730555190461,"Juncaceae","Monocots",11,1,1
"262","Lygeum spartum",1,-0.000620302040365465,-0.315327881241398,8.57395482577664,-254.172855094605,48.647848758806,1,17.266426008497,-525.612136197707,34.2241779657259,-542.569888154936,576.794066120662,542.878562206204,NA,NA,NA,NA,NA,NA,NA,"Poaceae","Monocots",4,1,0
"263","Lysimachia arvensis",1,-0.00394336904075375,0.00757762808079585,-2.01044503649356,0.960806356504164,-2.00680471987994,0.118490319342459,4.79566315283423,-2.8740504398259,16.3807583757751,-14.4591456627668,30.8399040385419,7.66971359266013,NA,NA,NA,NA,NA,NA,NA,"Primulaceae","Asterids",7,1,0
"264","Macrochloa tenacissima",0,NA,NA,NA,NA,NA,NA,NA,NA,NA,NA,NA,NA,NA,NA,NA,NA,NA,NA,NA,NA,NA,NA,0,NA
"265","Malva sylvestris",1,0.0258898729379058,-1.12206361243954,12.1738326346867,21.6699327789421,0.0163111070557633,0.504077686357885,NA,NA,NA,NA,NA,NA,NA,NA,NA,NA,1.97330645663435,NA,NA,"Malvaceae","Rosids",4,0,1
"266","Marcus-kochia ramosissima",0,NA,NA,NA,NA,NA,NA,NA,NA,NA,NA,NA,NA,NA,NA,NA,NA,NA,NA,NA,NA,NA,NA,0,NA
"267","Matthiola sinuata",1,-0.0128647186999842,0.462633468424781,-1.57236348950424,17.9807067380863,2.5868748719806,0.930012076901667,24.5829219325823,11.3784915435902,38.7161824566573,-2.75476898048483,41.4709514371422,13.2044303889921,NA,NA,NA,NA,NA,NA,NA,"Brassicaceae","Rosids",4,1,0
"268","Matthiola tricuspidata",1,-0.0717240444407827,2.49017270840323,-19.2095450106916,17.3593996812267,2.40440664953563,0.917162715929957,19.9781249767862,14.7406743856673,25.9951016654744,8.7236976969791,17.2714039684953,5.23745059111886,NA,NA,NA,NA,NA,NA,NA,"Brassicaceae","Rosids",4,1,1
"269","Medicago arabica",1,0.998678235527523,0.0512258241947188,0.00271729819985144,-0.0256468111411581,0.00206040868051538,0.500515101987899,NA,NA,NA,NA,NA,NA,NA,NA,NA,NA,NA,NA,NA,"Fabaceae","Rosids",4,0,0
"270","Medicago coronata",1,-0.369482812749272,13.4231100427579,-115.848028461107,18.1647286146794,6.06554708472993,0.997683889205899,21.0921961896843,15.2372610396744,23.1028861334621,13.2265710958966,9.87631503756551,5.8549351500099,NA,NA,NA,NA,NA,NA,NA,"Fabaceae","Rosids",3,1,0
"271","Medicago littoralis",1,0.998459695266306,0.0544614418884204,0.00363076351944203,-0.0272727292581873,0.00288810743962533,0.500722026358028,NA,NA,NA,NA,NA,NA,NA,NA,NA,NA,NA,NA,NA,"Fabaceae","Rosids",5,0,0
"272","Medicago lupulina",1,-0.00850228984289448,0.291941815567921,-0.165586864417109,17.1684229167923,2.34050341396602,0.912176422332913,24.5999282120934,9.73691762149124,42.1001391895549,-7.76329335597017,49.863432545525,14.8630105906022,9.13192759977912,7.54389929155397,4.28397775305703,3.84921339060788,2.03872012363466,16.2474464900605,7.05069494874041,"Fabaceae","Rosids",14,1,1
"273","Medicago marina",1,0.0100654305507168,-0.367457576276003,4.10879337865584,18.2534455145505,0.755109954924427,0.680291111831648,NA,NA,NA,NA,NA,NA,NA,NA,NA,NA,1.75035045858381,NA,NA,"Fabaceae","Rosids",8,0,0
"274","Medicago minima",1,0.11409866023425,-4.96966443951514,57.0413355427572,21.7779263547538,2.92684245695735,0.949157515777136,NA,NA,NA,NA,NA,NA,NA,NA,NA,NA,5.44603426018396,NA,NA,"Fabaceae","Rosids",7,0,0
"275","Medicago polymorpha",1,0.105864715202942,-3.96505234957491,40.2808300438752,18.7269778319147,3.15410631744,0.959070217589384,NA,NA,NA,NA,NA,NA,NA,NA,NA,NA,1.41705432386445,NA,NA,"Fabaceae","Rosids",5,0,0
"276","Melica ciliata",1,-0.0455202400016253,1.76616694464702,-13.1457901457853,19.3997982500088,3.98585105520809,0.981762169532067,24.8604211686046,13.939175331413,31.7386127051095,7.06098379490807,24.6776289102014,10.9212458371916,NA,NA,NA,NA,NA,NA,NA,"Poaceae","Monocots",5,1,0
"277","Melica uniflora",1,-0.0333605042792194,0.966591472036676,-10.6992540247706,14.4870632641901,-3.69771812175963,0.0241808064124258,15.7419187468402,13.2322077815401,NA,NA,NA,2.5097109653,NA,NA,10.7102070010654,11.4221617120338,2.20133202769488,NA,21.7017320409783,"Poaceae","Monocots",6,1,1
"278","Melissa officinalis",0,NA,NA,NA,NA,NA,NA,NA,NA,NA,NA,NA,NA,NA,NA,NA,NA,NA,NA,NA,NA,NA,NA,0,NA
"279","Mentha suaveolens",0,NA,NA,NA,NA,NA,NA,NA,NA,NA,NA,NA,NA,NA,NA,NA,NA,NA,NA,NA,NA,NA,NA,0,NA
"280","Micranthes stellaris",1,-0.0414667430590049,1.48277602785461,-11.3742416460028,17.8790992307341,1.88110822348035,0.867738367439103,20.7214004774304,15.0367979840378,28.6666616393223,7.09153682214584,21.5751248171765,5.68460249339264,5.21463791418821,1.25336575063056,2.03359231333697,2.81043529976559,2.05136950838468,6.3792069352047,2.6899109840926,"Saxifragaceae","Rosids",3,1,0
"281","Micromeria nervosa",0,NA,NA,NA,NA,NA,NA,NA,NA,NA,NA,NA,NA,NA,NA,NA,NA,NA,NA,NA,NA,NA,NA,0,NA
"282","Minuartia recurva",1,-0.0670166509235176,1.95095523778952,-11.48320410778,14.555750033048,2.715604275685,0.937941161461835,17.5829918704234,11.5285081956726,23.7458135861224,5.3656864799736,18.3801271061488,6.05448367475081,1.3632061949066,2.07740351629569,1.6784052873008,1.52263175927328,0.870241406289169,3.05263698755981,2.69102641099887,"Caryophyllaceae","Caryophyllales",4,1,1
"283","Musschia aurea",0,NA,NA,NA,NA,NA,NA,NA,NA,NA,NA,NA,NA,NA,NA,NA,NA,NA,NA,NA,NA,NA,NA,0,NA
"284","Myrtus communis",1,0.00395024679043431,-0.197892241901689,3.18037143176705,25.0480859045179,0.701960494271476,0.668622295571087,NA,NA,NA,NA,NA,NA,NA,NA,NA,NA,NA,NA,NA,"Myrtaceae","Rosids",6,0,0
"285","Nardus stricta",1,-0.0214782132335115,0.771776406051219,-5.86097996076366,17.9664946441414,1.07207837213328,0.744991963767551,20.9221694185081,15.0108198697746,31.6414447004659,4.29154458781683,27.349900112649,5.91134954873343,5.45880124905661,2.45758769585521,5.95916127380841,6.56902235989442,2.02932272491186,7.42993228984403,11.868222816274,"Poaceae","Monocots",8,1,1
"286","Neottia nidus-avis",0,NA,NA,NA,NA,NA,NA,NA,NA,NA,NA,NA,NA,NA,NA,NA,NA,NA,NA,NA,NA,NA,NA,0,NA
"287","Oloptum miliaceum",1,-0.0332959935624665,1.11589396975205,-8.40069923146397,16.7571808250522,0.948919284896281,0.720897785557946,19.0349987355003,14.4793629146041,27.5706785961979,5.94368305390656,21.6269955422914,4.5556358208962,NA,NA,NA,NA,NA,NA,NA,"Poaceae","Monocots",6,1,1
"288","Onobrychis caput-galli",1,0.998536597316855,0.0538662393633435,0.00296267092838901,-0.0269725914443628,0.00223621489489315,0.500559053490754,NA,NA,NA,NA,NA,NA,NA,NA,NA,NA,NA,NA,NA,"Fabaceae","Rosids",4,0,0
"289","Onobrychis montana",0,NA,NA,NA,NA,NA,NA,NA,NA,NA,NA,NA,NA,NA,NA,NA,NA,NA,NA,NA,NA,NA,NA,0,NA
"290","Ononis minutissima",0,NA,NA,NA,NA,NA,NA,NA,NA,NA,NA,NA,NA,NA,NA,NA,NA,NA,NA,NA,NA,NA,NA,0,NA
"291","Ononis natrix",0,NA,NA,NA,NA,NA,NA,NA,NA,NA,NA,NA,NA,NA,NA,NA,NA,NA,NA,NA,NA,NA,NA,0,NA
"292","Ononis ornithopodioides",0,NA,NA,NA,NA,NA,NA,NA,NA,NA,NA,NA,NA,NA,NA,NA,NA,NA,NA,NA,NA,NA,NA,0,NA
"293","Ononis reclinata",1,0.119096782697325,-4.53182457744409,44.7976109453248,19.0258060495277,1.68680321485769,0.843803288759839,NA,NA,NA,NA,NA,NA,NA,NA,NA,NA,NA,NA,NA,"Fabaceae","Rosids",4,0,0
"294","Ononis variegata",1,0.031833550697413,-1.21268717309076,16.0313698113167,19.0473124505918,4.48215406597431,0.988817437387364,NA,NA,NA,NA,NA,NA,NA,NA,NA,NA,NA,NA,NA,"Fabaceae","Rosids",4,0,0
"295","Origanum vulgare",1,-0.00948720694649753,0.371321868418386,-2.87354625976004,19.5696093967609,0.759765702951591,0.681302863202671,23.5834350490562,15.5557837444656,39.3292163296717,-0.189997536149958,39.5192138658217,8.02765130459052,3.31308260707168,2.26104205996777,3.02919496221292,2.53575495496303,1.12804869949039,5.20458256181614,5.11098573151439,"Lamiaceae","Asterids",22,1,NA
"296","Ornithopus compressus",0,NA,NA,NA,NA,NA,NA,NA,NA,NA,NA,NA,NA,NA,NA,NA,NA,NA,NA,NA,NA,NA,NA,0,NA
"297","Ornithopus perpusillus",1,-0.0157153095780752,0.484911883384165,-1.21924475892981,15.4280092598582,2.52136775460328,0.92562626901046,21.2633550204724,9.592663499244,34.0774436718388,-3.22142515212243,37.2988688239613,11.6706915212284,9.00390462940913,11.2405616895393,16.5924251084998,15.8803419329406,2.7511066013284,19.6103722865267,32.0111435542231,"Fabaceae","Rosids",5,1,1
"298","Ornithopus pinnatus",1,0.149511582127924,-4.54094421296274,36.7625821297391,15.1859279004802,2.28335642066161,0.907489212582763,NA,NA,NA,NA,NA,NA,NA,NA,NA,NA,NA,NA,NA,"Fabaceae","Rosids",6,0,0
"299","Ostrya carpinifolia",0,NA,NA,NA,NA,NA,NA,NA,NA,NA,NA,NA,NA,NA,NA,NA,NA,NA,NA,NA,NA,NA,NA,0,NA
"300","Oxalis acetosella",0,NA,NA,NA,NA,NA,NA,NA,NA,NA,NA,NA,NA,NA,NA,NA,NA,NA,NA,NA,NA,NA,NA,0,NA
"301","Pallenis spinosa",1,-0.0611939699415846,1.85449616021048,-11.3055746218334,15.1526054117813,2.74464965483312,0.939610470261861,18.3529439954093,11.9522668281534,24.7946033785527,5.51060744501001,19.2839959335427,6.40067716725598,NA,NA,NA,NA,NA,NA,NA,"Asteraceae","Asterids",3,1,0
"302","Pancratium maritimum",1,-0.0133008355986776,0.487530066318947,-2.36281572758322,18.3270465491438,2.10467738218405,0.891356965053287,23.7768597585369,12.8772333397508,37.810602678456,-1.15650958016834,38.9671122586244,10.8996264187862,3.28355217040499,4.37725102199842,4.39633301070523,4.60592192854217,1.15815105653827,7.38368656239363,8.70168179300081,"Amaryllidaceae","Monocots",7,1,1
"303","Papaver rhoeas",1,-0.177513986832164,5.59734332518407,-41.4940500522366,15.7659219565506,2.62958896219899,0.932741767721781,17.5704360336877,13.9614078794134,21.3695368601502,10.1623070529509,11.2072298071992,3.60902815427434,NA,NA,NA,NA,NA,NA,NA,"Papaveraceae","EarlyEU",5,1,0
"304","Parapholis incurva",1,-0.0550016637905462,1.71708307137966,-9.99801772502163,15.6093739083834,3.40327812143862,0.96780682776018,19.8063504880551,11.4123973287117,26.3522574583873,4.86649035837958,21.4857671000077,8.39395315934337,NA,NA,NA,NA,NA,NA,NA,"Poaceae","Monocots",4,1,0
"305","Parnassia palustris",1,-0.00111383520150499,0.120357484566637,-2.20663173966542,54.0284076154233,1.04472987820123,0.739761607709398,66.8878474364048,41.1689677944418,113.873802969723,-5.81698773887653,119.6907907086,25.718879641963,845.282251414026,43.5907706175157,1049.44654387271,247.684485557961,401.629758291019,887.456268611348,1296.20424883017,"Celastraceae","Rosids",8,1,0
"306","Periploca angustifolia",1,-0.0279336560068913,1.22614790989823,-11.701552026408,21.9475014225803,1.75388947198462,0.852442706802608,25.2520937421006,18.6429091030601,34.916540438119,8.97846240704165,25.9380780310773,6.6091846390405,3.83881160060286,1.42365621047911,4.68257043048816,3.83151127519985,1.53145370361768,4.91377057215948,7.98952358977887,"Apocynaceae","Asterids",5,1,0
"307","Petrorhagia prolifera",1,-0.0937023250437233,3.21525584206691,-21.8195876203959,17.1567559319719,5.76209225019852,0.99686533146859,22.6994243590595,11.6140875048842,26.7960981166406,7.51741374730322,19.2786843693373,11.0853368541753,1.03757771292899,1.38626634873933,0.698625367651339,1.75026464769947,1.20152091491588,0.471162142056056,1.15256125507664,"Caryophyllaceae","Caryophyllales",6,1,1
"308","Petrorhagia saxifraga",1,-0.0131913207838692,0.488497177671893,-1.31629444310088,18.5158554505491,3.20617712178611,0.9610660726503,26.5675410614758,10.4641698396224,40.1089640814717,-3.07725318037347,43.1862172618452,16.1033712218534,NA,NA,NA,NA,NA,NA,NA,"Caryophyllaceae","Caryophyllales",5,1,0
"309","Petrosedum rupestre",1,-0.0392455507336801,1.3205298621175,-7.76812839110598,16.8239435736117,3.34013155266102,0.965780190233491,21.6955416585203,11.9523454887031,29.4783735910054,4.16951355621801,25.3088600347874,9.74319616981712,0.975587845446383,0.867413014658412,1.67575176136647,1.84372941269404,0.353120098557795,1.70574873540658,3.4519833443819,"Crassulaceae","Rosids",11,1,1
"310","Petrosedum sediforme",0,NA,NA,NA,NA,NA,NA,NA,NA,NA,NA,NA,NA,NA,NA,NA,NA,NA,NA,NA,NA,NA,NA,0,NA
"311","Phagnalon saxatile",0,NA,NA,NA,NA,NA,NA,NA,NA,NA,NA,NA,NA,NA,NA,NA,NA,NA,NA,NA,NA,NA,NA,0,NA
"312","Phillyrea angustifolia",1,-0.0205558796890272,0.75983938317264,-7.65562655440951,18.4822881498534,-0.633841340707718,0.346640036443159,20.4236784531809,16.5408978465259,29.0844426570912,7.88013364261562,21.2043090144755,3.88278060665493,3.03095367547508,2.75327206941407,6.21276779799322,7.77685969630099,1.86336753480484,4.43236057458377,13.5745168096844,"Oleaceae","Asterids",7,1,1
"313","Phillyrea latifolia",1,-0.0564927436002809,1.6110209581756,-11.3550364250455,14.2586539040705,0.130458712369476,0.532568499624186,15.6329501903998,12.8843576177412,21.6363201022827,6.8809877058583,14.7553323964244,2.74859257265868,0.932935735929939,1.7019182023215,1.15520210642834,1.83645456297347,0.711218940608792,2.34743685402058,2.71859982549872,"Oleaceae","Asterids",5,1,1
"314","Phleum alpinum",1,-0.0291539639860238,1.04151797091413,-5.58687991293044,17.862373216442,3.71511144111934,0.97622622908583,24.1904832555058,11.5342631773782,32.9761724603842,2.74857397249979,30.2275984878844,12.6562200781276,1.0940346485594,0.607884632471821,1.14479920183092,1.08042921533446,0.408609102480673,1.57003996215623,2.07073402666824,"Poaceae","Monocots",12,1,1
"315","Phleum hirsutum",1,0.388482513088982,-16.4014455042258,175.83674128622,21.1096316457223,2.72250476042169,0.938341609950081,NA,NA,NA,NA,NA,NA,NA,NA,NA,NA,NA,NA,NA,"Poaceae","Monocots",3,0,0
"316","Phleum montanum",1,0.00891579217032849,-0.268760898836999,4.72366355141662,15.0721828022993,2.69825685272587,0.936923706417907,NA,NA,NA,NA,NA,NA,NA,NA,NA,NA,2.85214709623151,NA,NA,"Poaceae","Monocots",7,0,0
"317","Phleum pratense",1,-0.00898949013012941,0.291837522538412,0.743751378172298,16.2321510071123,3.11232674586481,0.95739835722925,25.6918698335951,6.77243218062945,42.1890530285819,-9.72475101435741,51.9138040429393,18.9194376529656,5.23639820591545,5.01929883524805,2.26608024537921,2.35903264507518,1.07532053857812,10.0300148002943,4.09573587470003,"Poaceae","Monocots",11,1,1
"318","Phragmites australis",1,-0.0344924776011311,1.31936420540535,-13.2423700335059,19.1253904787935,-0.625692227445731,0.348487952697702,20.6261478177484,17.6246331398387,27.3244580164297,10.9263229411574,16.3981350752723,3.00151467790971,NA,NA,NA,NA,NA,NA,NA,"Poaceae","Monocots",9,1,1
"319","Phyteuma hemisphaericum",1,-0.0198525745354462,0.45789957387491,-1.50578804847016,11.5324985446433,1.13457503618243,0.756682217264714,14.6731528505033,8.39184423878327,25.8665573278043,-2.80156023851775,28.668117566322,6.28130861172001,NA,NA,NA,NA,NA,NA,NA,"Campanulaceae","Asterids",3,1,1
"320","Phyteuma orbiculare",0,NA,NA,NA,NA,NA,NA,NA,NA,NA,NA,NA,NA,NA,NA,NA,NA,NA,NA,NA,NA,NA,NA,0,NA
"321","Pilosella officinarum",1,-0.00700042025169852,0.203686099398065,-0.748098418542863,14.5481336887342,0.733527883747067,0.675578964454486,19.1823780973833,9.91388928008513,37.4695711464913,-8.37330376902286,45.8428749155142,9.26848881729819,NA,NA,NA,NA,NA,NA,NA,"Asteraceae","Asterids",5,1,1
"322","Pilosella vahlii",1,-0.0168833279792851,0.499230400872625,-2.33047258579682,14.7847154744951,1.36001713076313,0.795762481899658,18.4698800190989,11.0995509298913,30.7519650414709,-1.18253409248072,31.9344991339516,7.37032908920754,5.95400885249026,11.3049815227724,5.69820156736326,6.60140719832823,3.74779170856131,16.4414685027971,9.79348688863344,"Asteraceae","Asterids",4,1,1
"323","Pistacia lentiscus",1,0.13704144391142,-5.93536824832302,62.4461303390247,21.6553769389627,-1.82018800546824,0.139411315325927,NA,NA,NA,NA,NA,NA,NA,NA,NA,NA,NA,NA,NA,"Anacardiaceae","Rosids",3,0,0
"324","Plantago albicans",0,NA,NA,NA,NA,NA,NA,NA,NA,NA,NA,NA,NA,NA,NA,NA,NA,NA,NA,NA,NA,NA,NA,0,NA
"325","Plantago alpina",1,0.00899958201983989,0.00696843730430005,-1.49377731736522,-0.387153386064925,-1.49512624441419,0.183153552547736,NA,NA,NA,NA,NA,NA,NA,NA,NA,NA,NA,NA,NA,"Plantaginaceae","Asterids",7,0,0
"326","Plantago coronopus",1,-0.0042251531580372,0.0844053497094439,1.5452628276026,9.98843669712728,1.96680157383843,0.877267155586207,19.1786462503971,0.798227143857446,44.0821555130736,-24.1052821188191,68.1874376318927,18.3804191065397,30.5911986512386,72.1601553962843,8.92932047117406,41.6898172176612,21.9130660404246,101.809081472641,41.4103537085814,"Plantaginaceae","Asterids",11,1,0
"327","Plantago crassifolia",0,NA,NA,NA,NA,NA,NA,NA,NA,NA,NA,NA,NA,NA,NA,NA,NA,NA,NA,NA,NA,NA,NA,0,NA
"328","Plantago lagopus",1,-0.0526303656988267,1.8852419194871,-15.7185479123439,17.9102110963399,1.16399246049763,0.762057408645107,19.85876099821,15.9616611944698,26.7454811441137,9.07494104856604,17.6705400955477,3.89709980374014,NA,NA,NA,NA,NA,NA,NA,"Plantaginaceae","Asterids",3,1,0
"329","Plantago lanceolata",1,-0.025638119430764,1.00758339716392,-7.58336325954301,19.6501034306535,2.31619572509708,0.910209509101944,23.8919614290351,15.4082454322718,33.9744885806967,5.32571828061028,28.6487703000864,8.4837159967633,1.94161737771722,0.998913339747342,2.68786643411385,2.46016389667099,0.831437133417964,2.60197251642908,4.87738802074772,"Plantaginaceae","Asterids",13,1,1
"330","Plantago major",1,0.0261523494429517,-0.617082975658293,1.25731570567444,11.7978496923266,-2.38281039158066,0.0844929170692492,NA,NA,NA,NA,NA,NA,NA,NA,NA,NA,1.46989447712437,NA,NA,"Plantaginaceae","Asterids",9,0,1
"331","Plantago maritima",1,0.00333792599852988,0.00597999460846774,-0.343480405390598,-0.895765006639078,-0.346158740345676,0.414314225427207,NA,NA,NA,NA,NA,NA,NA,NA,NA,NA,66.7696010636958,NA,NA,"Plantaginaceae","Asterids",8,0,0
"332","Plantago nivalis",0,NA,NA,NA,NA,NA,NA,NA,NA,NA,NA,NA,NA,NA,NA,NA,NA,NA,NA,NA,NA,NA,NA,0,NA
"333","Poa alpina",1,-0.0208064223839808,0.739316464199861,-0.663296995817632,17.7665446407806,5.90425248661781,0.997279600659171,29.8001588234558,5.73293045810533,38.3890213072838,-2.85593202572259,41.2449533330064,24.0672283653505,3.29036375619992,2.3814276618315,3.69461578609809,3.32607229011475,0.896360216763968,5.4572462066973,6.79794371991415,"Poaceae","Monocots",12,1,1
"334","Poa bulbosa",1,-0.205552211337872,6.73776618174166,-51.7548538414943,16.3894276249517,3.45921175325687,0.969504670556001,18.5981696045772,14.1806856453262,21.9709509201589,10.8079043297446,11.1630465904143,4.41748395925099,NA,NA,NA,NA,NA,NA,NA,"Poaceae","Monocots",3,1,0
"335","Poa nemoralis",1,-0.413737754417285,15.5168955301651,-142.228691578062,18.752090381526,3.25842213311407,0.962974573657685,20.2141277283421,17.2900530347098,22.6240734721595,14.8801072908924,7.74396618126705,2.92407469363222,NA,NA,NA,NA,NA,NA,NA,"Poaceae","Monocots",4,1,1
"336","Poa pratensis",1,-0.0226816476511593,0.923719408564085,-7.58409469380537,20.3627051872679,1.82061830236857,0.860640301879405,24.1211074033452,16.6043029711905,34.8569890693231,5.86842130521256,28.9885677641106,7.51680443215471,NA,NA,NA,NA,NA,NA,NA,"Poaceae","Monocots",13,1,0
"337","Poa trivialis",1,-0.0183298022307044,0.621540326896335,-4.25657918944713,16.9543653301176,1.01233169535347,0.733476217770418,20.0899318132033,13.818798847032,31.6467249726118,2.26200568762343,29.3847192849884,6.27113296617136,1.65146547457359,1.64997943730363,2.63439897463561,2.70361802641738,0.670044849922187,3.01723388401326,5.16753097494651,"Poaceae","Monocots",26,1,1
"338","Polygonum maritimum",1,0.00290294606147112,0.0366042977146134,-0.586015280673595,-6.3046809929468,-0.70140449070434,0.331500907752894,NA,NA,NA,NA,NA,NA,NA,NA,NA,NA,127.826298427695,NA,NA,"Polygonaceae","Caryophyllales",4,0,0
"339","Populus alba",0,NA,NA,NA,NA,NA,NA,NA,NA,NA,NA,NA,NA,NA,NA,NA,NA,NA,NA,NA,NA,NA,NA,0,NA
"340","Potentilla detommasii",0,NA,NA,NA,NA,NA,NA,NA,NA,NA,NA,NA,NA,NA,NA,NA,NA,NA,NA,NA,NA,NA,NA,0,NA
"341","Potentilla reptans",1,-0.188263963035157,6.68616237375509,-58.1441116456217,17.7574142867334,1.22036598394741,0.772127949390322,18.8080245879179,16.706803985549,22.4608340087912,13.0539945646757,9.40683944411556,2.1012206023689,NA,NA,NA,NA,NA,NA,NA,"Rosaceae","Rosids",4,1,1
"342","Prasium majus",0,NA,NA,NA,NA,NA,NA,NA,NA,NA,NA,NA,NA,NA,NA,NA,NA,NA,NA,NA,NA,NA,NA,0,NA
"343","Primula farinosa",1,-0.00831763372252369,0.442711081093375,-3.18102003735116,26.6128021419444,2.70987116624099,0.93760661221165,35.1884267073068,18.0371775765821,52.6857368634344,0.539867420454415,52.14586944298,17.1512491307247,NA,0.0154025552753316,NA,1.49329396025156,NA,NA,6.91263417368718,"Primulaceae","Asterids",12,1,0
"344","Primula veris",1,-0.0321085021609325,0.958913508837532,-8.14868790449452,14.9323924241517,-0.989251497103387,0.271059946336198,16.4059057000639,13.4588791482395,22.7357980206406,7.12898682766274,15.6068111929779,2.94702655182438,NA,NA,NA,NA,NA,NA,NA,"Primulaceae","Asterids",14,1,1
"345","Prunella vulgaris",1,-0.0208717839851137,1.12867045627278,-12.7156781173363,27.0381884240891,2.54292411536676,0.927096709849422,32.1408871493891,21.9354896987891,43.2526325078099,10.8237443403683,32.4288881674417,10.2053974506,NA,NA,NA,NA,NA,NA,NA,"Lamiaceae","Asterids",9,1,0
"346","Prunus avium",1,-0.0544313268994852,0.750399097954283,-1.35769837117517,6.89308106837075,1.22858253674041,0.773570388760716,8.85258216695506,4.93357996978645,15.6489822443246,-1.86282010758313,17.5118023519078,3.91900219716861,1.17054352675934,1.65748758708043,4.37110672668515,4.49444455849992,0.596215083001022,2.61016949601672,8.78585921297466,"Rosaceae","Rosids",8,1,1
"347","Prunus spinosa",1,-0.0307177661554333,1.16136476567591,-11.5222527541404,18.9037959303315,-0.545151488633012,0.36699003053641,20.5162737604216,17.2913181002415,27.7416398992769,10.0659519613862,17.6756879378907,3.22495566018014,NA,NA,NA,NA,NA,NA,NA,"Rosaceae","Rosids",3,1,1
"348","Ptilostemon casabonae",0,NA,NA,NA,NA,NA,NA,NA,NA,NA,NA,NA,NA,NA,NA,NA,NA,NA,NA,NA,NA,NA,NA,0,NA
"349","Pulicaria dysenterica",1,-0.0630078118204763,2.98153058736975,-30.5589046728635,23.6600073961052,4.71261320157761,0.991098668322784,29.1993781253415,18.120636666869,34.6838652506383,12.6361495415722,22.0477157090661,11.0787414584725,NA,NA,NA,NA,NA,NA,NA,"Asteraceae","Asterids",8,1,1
"350","Quercus cerris",1,0.0145480853348916,-0.446881535560889,3.93449766189319,15.3587748928412,0.502721207669753,0.623098611679348,NA,NA,NA,NA,NA,NA,NA,NA,NA,NA,NA,NA,NA,"Fagaceae","Rosids",3,0,0
"351","Quercus coccifera",0,NA,NA,NA,NA,NA,NA,NA,NA,NA,NA,NA,NA,NA,NA,NA,NA,NA,NA,NA,NA,NA,NA,0,NA
"352","Quercus ilex",1,0.0230369133379242,-0.776021314494725,7.21378227847104,16.8429967832802,0.678520026575287,0.663408302666108,NA,NA,NA,NA,NA,NA,NA,NA,NA,NA,1.11336697184742,NA,NA,"Fagaceae","Rosids",9,0,1
"353","Quercus petraea",0,NA,NA,NA,NA,NA,NA,NA,NA,NA,NA,NA,NA,NA,NA,NA,NA,NA,NA,NA,NA,NA,NA,0,NA
"354","Quercus robur",1,-0.00320182318982331,0.077502530291691,1.19543587947302,12.1028747836585,1.66443758924154,0.840832797591791,21.5487529989661,2.65699656835093,50.0430092510109,-25.8372596836939,75.8802689347048,18.8917564306151,10.7283553687581,26.3879683815307,5.98550774945599,17.0249547931719,8.61194329195783,36.4167914483204,18.8331757386028,"Fagaceae","Rosids",11,1,0
"355","Quercus suber",0,NA,NA,NA,NA,NA,NA,NA,NA,NA,NA,NA,NA,NA,NA,NA,NA,NA,NA,NA,NA,NA,NA,0,NA
"356","Ranunculus acris",1,0.000968947634581097,0.022708754049688,-0.204689243302517,-11.7182566112077,-0.33774274694004,0.416357894808306,NA,NA,NA,NA,NA,NA,NA,NA,NA,NA,99.6341951009133,NA,NA,"Ranunculaceae","EarlyEU",14,0,0
"357","Ranunculus bulbosus",1,0.00845102228458351,-0.342623567587441,4.95618679613295,20.2711314708317,1.48350310434776,0.815101120938962,NA,NA,NA,NA,NA,NA,NA,NA,NA,NA,NA,NA,NA,"Ranunculaceae","EarlyEU",4,0,0
"358","Ranunculus cortusifolius",0,NA,NA,NA,NA,NA,NA,NA,NA,NA,NA,NA,NA,NA,NA,NA,NA,NA,NA,NA,NA,NA,NA,0,NA
"359","Raphanus raphanistrum",1,0.00390332949578661,-0.116318264544207,2.54525750640637,14.8998777415235,1.67869354599893,0.842731457560694,NA,NA,NA,NA,NA,NA,NA,NA,NA,NA,NA,NA,NA,"Brassicaceae","Rosids",5,0,1
"360","Reichardia picroides",1,0.0584232905525779,-2.28676025982717,21.8520226265872,19.5706219060804,-0.524637590876658,0.371768450838286,NA,NA,NA,NA,NA,NA,NA,NA,NA,NA,0.371022695041302,NA,NA,"Asteraceae","Asterids",5,0,1
"361","Reseda stricta",0,NA,NA,NA,NA,NA,NA,NA,NA,NA,NA,NA,NA,NA,NA,NA,NA,NA,NA,NA,NA,NA,NA,0,NA
"362","Rhamnus alaternus",1,-0.117321721036267,3.29892258212428,-21.3817224948678,14.0593001576601,1.80854889461634,0.859186403585186,15.7045116171962,12.414088698124,20.4242376145994,7.69436270072075,12.7298749138786,3.29042291907221,0.32583255297365,0.624632088715385,1.19511060861382,0.983635949800443,0.310046379017384,0.779839194381353,2.09931966802462,"Rhamnaceae","Rosids",4,1,1
"363","Rhamnus lycioides",0,NA,NA,NA,NA,NA,NA,NA,NA,NA,NA,NA,NA,NA,NA,NA,NA,NA,NA,NA,NA,NA,NA,0,NA
"364","Roemeria sicula",1,-0.166304680139667,4.66094665910073,-32.0027718447586,14.0132756792724,0.65479338542243,0.658089826715057,14.941139563866,13.0854117946787,18.6654149431185,9.36113641542624,9.3042785276923,1.85572776918729,1.26062978589099,1.39314804696055,3.27123041914477,3.74693094031071,0.682664899924118,2.27946757232856,6.90048943125309,"Papaveraceae","EarlyEU",7,1,1
"365","Rosa canina",1,0.138486403441646,-4.66154147968319,34.3139612964608,16.8303218360618,-4.913660381149,0.00729198787082913,NA,NA,13.0594332129295,20.601210459194,-7.54177724626445,NA,1.05196939657839,0.728832137516517,NA,NA,0.375555670245073,1.6466643696321,NA,"Rosaceae","Rosids",4,0,1
"366","Rostraria cristata",1,0.0208593328380835,-0.980294521440515,13.2582215925618,23.4977438887873,1.74086679236652,0.850797130742789,NA,NA,NA,NA,NA,NA,NA,NA,NA,NA,NA,NA,NA,"Poaceae","Monocots",5,0,0
"367","Rubus idaeus",1,-0.00668848316242742,0.33978744088413,-3.48348053837211,25.4009341604451,0.831978668849847,0.69677314632487,30.292708628484,20.5091596924063,49.1625620344523,1.63930628643802,47.5232557480142,9.78354893607777,21.0633587255423,8.77810574656662,16.3693409187501,16.2073185722639,8.48445817138848,27.4498874451137,27.8086474497783,"Rosaceae","Rosids",7,1,1
"368","Rumex acetosa",1,-0.0342198365176852,1.11315803592444,-6.28084366816533,16.2648064573474,2.77180633721066,0.941133140199963,20.5851718324636,11.9444410822312,29.1893872015032,3.34022571319158,25.8491614883117,8.64073075023232,2.1152241692142,2.02270677162758,2.74585883964847,2.67818029275387,0.667494717024592,3.91775894498487,5.2576215256063,"Polygonaceae","Caryophyllales",11,1,0
"369","Rumex acetosella",1,-0.00920746799258519,0.310458356372329,-3.03114217698728,16.8590516210506,-0.414125448853472,0.397923329667829,19.8759775401983,13.8421257019028,33.4364761724486,0.281627069652527,33.1548491027961,6.03385183829549,7.47967699756472,6.14986229508767,22.6555601068803,23.0084942049513,2.32949141935075,12.8773688066144,45.4271317340218,"Polygonaceae","Caryophyllales",7,1,1
"370","Rumex crispus",1,0.172052243349793,-6.6463435362488,63.8638113885723,19.3148993783718,-0.322916929796413,0.41996503465844,NA,NA,NA,NA,NA,NA,NA,NA,NA,NA,NA,NA,NA,"Polygonaceae","Caryophyllales",6,0,1
"371","Rumex pulcher",1,-0.00400832823305641,0.080662997249211,1.2703462855046,10.0619251417572,1.67615880552027,0.842395223437788,18.5404750380445,1.58337524546988,44.0140878836352,-23.8902376001208,67.9043254837561,16.9570997925746,12.4478701801929,29.7028973799454,3.37773024629674,15.6166832471765,9.03849287121705,41.8048532594105,13.5573707254252,"Polygonaceae","Caryophyllales",4,1,0
"372","Rumex suffruticosus",1,-0.00664242872322288,0.279683671667359,-4.77448780869695,21.0528169229385,-1.83042324072287,0.138187860879425,24.0401631441734,18.0654707017036,34.00318797025,8.10244587562698,25.9007420946231,5.97469244246977,NA,NA,NA,NA,NA,NA,NA,"Polygonaceae","Caryophyllales",4,1,1
"373","Ruta chalepensis",0,NA,NA,NA,NA,NA,NA,NA,NA,NA,NA,NA,NA,NA,NA,NA,NA,NA,NA,NA,NA,NA,NA,0,NA
"374","Sabulina attica",0,NA,NA,NA,NA,NA,NA,NA,NA,NA,NA,NA,NA,NA,NA,NA,NA,NA,NA,NA,NA,NA,NA,0,NA
"375","Sabulina verna",1,-0.0113940263185843,0.212909081339378,2.86819931776269,9.34301340835556,3.86280551861993,0.979423319291805,19.8970315736023,-1.21100475689122,33.7855945535613,-15.0995677368501,48.8851622904114,21.1080363304936,5.96883141248647,10.8276750904236,8.81305975837549,9.35663979282478,3.50448376663397,16.0189065390409,16.7722340537072,"Caryophyllaceae","Caryophyllales",5,1,1
"376","Salsola kali",1,0.0385335768025599,0.708643944042411,-20.3537323000732,-9.19514878768448,-23.611775551554,5.56590987728867e-11,NA,NA,-32.3542976531914,13.9640000778224,-46.3182977310138,NA,NA,NA,NA,NA,NA,NA,NA,"Amaranthaceae","Caryophyllales",7,0,0
"377","Salvia dorystaechas",0,NA,NA,NA,NA,NA,NA,NA,NA,NA,NA,NA,NA,NA,NA,NA,NA,NA,NA,NA,NA,NA,NA,0,NA
"378","Salvia rosmarinus",0,NA,NA,NA,NA,NA,NA,NA,NA,NA,NA,NA,NA,NA,NA,NA,NA,NA,NA,NA,NA,NA,NA,0,NA
"379","Salvia viridis",0,NA,NA,NA,NA,NA,NA,NA,NA,NA,NA,NA,NA,NA,NA,NA,NA,NA,NA,NA,NA,NA,NA,0,NA
"380","Sanguisorba minor",1,-0.00546124516620531,0.216796230756286,-0.74577037306644,19.8486081615454,1.40578134452431,0.803099698124953,26.4346845539021,13.2625317691887,48.072037987472,-8.37482166438118,56.4468596518531,13.1721527847134,NA,NA,NA,NA,NA,NA,NA,"Rosaceae","Rosids",9,1,1
"381","Santolina chamaecyparissus",0,NA,NA,NA,NA,NA,NA,NA,NA,NA,NA,NA,NA,NA,NA,NA,NA,NA,NA,NA,NA,NA,NA,0,NA
"382","Sarcopoterium spinosum",1,-0.0138819764010656,0.474635246069191,-4.55721489259743,17.0953772127418,-0.500180607589765,0.377498226282919,19.5133722761665,14.6773821493171,30.3646739064549,3.82608051902867,26.5385933874262,4.83599012684935,1.38243635078855,1.20143786266389,4.00363092504482,4.04661916765106,0.6515928037245,2.23849808491891,7.94418540924682,"Rosaceae","Rosids",7,1,1
"383","Satureja spinosa",0,NA,NA,NA,NA,NA,NA,NA,NA,NA,NA,NA,NA,NA,NA,NA,NA,NA,NA,NA,NA,NA,NA,0,NA
"384","Satureja thymbra",0,NA,NA,NA,NA,NA,NA,NA,NA,NA,NA,NA,NA,NA,NA,NA,NA,NA,NA,NA,NA,NA,NA,0,NA
"385","Scandix pecten-veneris",1,0.01359476707662,-0.295503432173428,1.71549757727507,10.8682785996984,0.109690763261117,0.527395227895161,NA,NA,NA,NA,NA,NA,NA,NA,NA,NA,2.28151494448853,NA,NA,"Apiaceae","Asterids",6,0,1
"386","Schoenus nigricans",1,-0.014399797399205,0.602304049562921,-6.48766299742277,20.9136292985682,-0.189481188630076,0.452770924293669,23.4389342539384,18.388324343198,34.7454478701509,7.08181072698552,27.6636371431654,5.05060991074039,NA,NA,NA,NA,NA,NA,NA,"Cyperaceae","Monocots",3,1,1
"387","Scirpoides holoschoenus",0,NA,NA,NA,NA,NA,NA,NA,NA,NA,NA,NA,NA,NA,NA,NA,NA,NA,NA,NA,NA,NA,NA,0,NA
"388","Scorpiurus muricatus",1,-0.00676042856213175,0.263815033499212,-1.64165267983566,19.5117092854853,0.932088439552939,0.717498792451567,24.5387541243945,14.4846644465761,43.4577830547822,-4.43436448381158,47.8921475385938,10.0540896778183,2.67735686023061,2.96210690045838,9.12264941295365,9.05874328470018,0.851562063931369,5.3836792529483,18.1015605024711,"Fabaceae","Rosids",11,1,1
"389","Scorzoneroides pyrenaica",1,-0.0128961729355087,0.651950935427704,-4.74713258391191,25.276915046347,3.49252162068436,0.970474236105817,34.1850451416689,16.3687849510251,47.6182953455458,2.9355347471483,44.6827605983975,17.8162601906438,NA,NA,NA,NA,NA,NA,NA,"Asteraceae","Asterids",4,1,0
"390","Sedum cyprium",0,NA,NA,NA,NA,NA,NA,NA,NA,NA,NA,NA,NA,NA,NA,NA,NA,NA,NA,NA,NA,NA,NA,0,NA
"391","Sedum monregalense",0,NA,NA,NA,NA,NA,NA,NA,NA,NA,NA,NA,NA,NA,NA,NA,NA,NA,NA,NA,NA,NA,NA,0,NA
"392","Sempervivum vicentei",1,0.0282682422476729,-0.706255735403053,-0.36034475257501,12.4920348639858,-4.77163038734745,0.00839548420667853,NA,NA,4.45228346329067,20.531786264681,-16.0795028013903,NA,21.0499078975117,1.29650235645898,NA,NA,10.3035291901991,21.5617306034305,NA,"Crassulaceae","Rosids",3,0,1
"393","Sesleria caerulea",1,-0.0112527246207744,0.361710066841049,-1.72802034548977,16.0721104901684,1.178701734348,0.764714291855579,20.3076616872539,11.8365592930829,35.2140188542913,-3.06979787395452,38.2838167282459,8.47110239417098,10.2036724909493,4.35490077740612,5.95441122738573,4.97371046445571,4.17671011329427,13.2808341863468,7.1137885979363,"Poaceae","Monocots",6,1,1
"394","Silene ciliata",1,-0.00519794360688595,0.212593014841067,-2.86255851356398,20.4497230942863,-0.688824370924327,0.334294648797113,24.2757892373888,16.6236569511837,41.2810372029633,-0.381591014390742,41.6626282173541,7.65213228620512,9.25005003249168,3.3979034464813,10.726386014898,9.73191315876984,3.61437669402346,11.9148424800841,19.1644490084029,"Caryophyllaceae","Caryophyllales",7,1,1
"395","Silene colorata",1,-0.0083616707342366,0.332007334642093,-2.48577754674252,19.8529304246996,0.809881710827203,0.692084297023299,24.1970613929067,15.5087994564926,41.0423544822383,-1.33649363283901,42.3788481150773,8.68826193641403,7.79505638219053,5.4377213866512,7.92034516557974,7.83415501878405,2.70690500743481,12.30260528846,14.795349469459,"Caryophyllaceae","Caryophyllales",7,1,1
"396","Silene flos-cuculi",1,-0.023876866361467,0.971177571961396,-7.32768992350002,20.3372075141465,2.5478299835319,0.927427595669329,25.1163809225745,15.5580341057185,35.5037726337571,5.17064239453587,30.3331302392212,9.55834681685596,2.5467632594417,1.59704346219127,2.66947884021182,2.40667137983043,0.789927991347897,3.94679071062556,4.83119280215635,"Caryophyllaceae","Caryophyllales",10,1,1
"397","Silene gallica",1,-0.0258949382524402,0.87818700640546,-5.72501447218594,16.9567310384049,1.72057596233371,0.848203009053796,20.3472285924765,13.5662334843332,30.3787880643166,3.53467401249314,26.8441140518234,6.78099510814323,4.10394268002908,4.36932999939863,1.52255599684518,1.7011575279175,1.0629072882053,8.2065640018182,2.4300493376386,"Caryophyllaceae","Caryophyllales",8,1,1
"398","Silene italica",1,0.0300333439844337,-1.07983674477799,10.5478260363847,17.9772979215647,0.84155260262138,0.698792111265247,NA,NA,NA,NA,NA,NA,NA,NA,NA,NA,0.986978603272657,NA,NA,"Caryophyllaceae","Caryophyllales",9,0,1
"399","Silene nutans",1,-0.000573209086988589,0.0683197615770344,0.0191535996723164,59.5941019846345,2.05488101916617,0.886439890219915,85.3690261780168,33.8191777912522,152.983792194592,-33.7955882253233,186.779380419916,51.5498483867645,930.29146616362,122.903048042342,864.416751581374,56.8310618948781,404.655318574528,1051.71813480005,919.732826759259,"Caryophyllaceae","Caryophyllales",11,1,0
"400","Silene roemeri",1,-0.085356083175969,3.48956887043319,-31.0485708626903,20.4412429705751,4.61699170884974,0.990214226945891,25.1004322995334,15.7820536416168,29.8533043087178,11.0291816324323,18.8241226762855,9.3183786579166,NA,NA,NA,NA,NA,NA,NA,"Caryophyllaceae","Caryophyllales",4,1,0
"401","Silene sedoides",1,0.0379790664368857,-1.26623905163072,15.2883085480026,16.6702234997664,4.73406455059443,0.99128593424869,NA,NA,NA,NA,NA,NA,NA,NA,NA,NA,NA,NA,NA,"Caryophyllaceae","Caryophyllales",5,0,0
"402","Silene vulgaris",1,-0.00521247722318962,0.288855247650076,-2.36676532232056,27.7080584990374,1.63504372750057,0.836859407876712,35.0321680486083,20.3839489494666,57.3485995268593,-1.93248252878442,59.2810820556437,14.6482190991417,18.2141445526978,4.14727612131168,14.9267007016461,2.13546522472971,7.39820316051164,21.8855267701997,15.3557667053223,"Caryophyllaceae","Caryophyllales",12,1,0
"403","Silybum marianum",0,NA,NA,NA,NA,NA,NA,NA,NA,NA,NA,NA,NA,NA,NA,NA,NA,NA,NA,NA,NA,NA,NA,0,NA
"404","Solidago virgaurea",1,-0.0107772963879302,0.587089924591748,-4.86702525068369,27.2373470794238,3.12836077078541,0.958047557775595,35.9225008669918,18.5521932918558,50.9750979163169,3.49959624253068,47.4755016737862,17.370307575136,20.3954605798058,2.50011022116103,19.6495628070729,5.6002133481674,10.0203012944238,21.0434069161011,20.8160914675179,"Asteraceae","Asterids",12,1,0
"405","Sonchus oleraceus",1,0.027736667086035,-1.17327019028065,13.2098692423868,21.1501653504607,0.802439979785703,0.690496174381757,NA,NA,NA,NA,NA,NA,NA,NA,NA,NA,3.04510923869822,NA,NA,"Asteraceae","Asterids",6,0,0
"406","Spartium junceum",1,0.551591213899742,-22.5302733361894,234.100155341326,20.4229806135785,4.03248755951572,0.982578712199931,NA,NA,NA,NA,NA,NA,NA,NA,NA,NA,NA,NA,NA,"Fabaceae","Rosids",3,0,0
"407","Stachys ocymastrum",0,NA,NA,NA,NA,NA,NA,NA,NA,NA,NA,NA,NA,NA,NA,NA,NA,NA,NA,NA,NA,NA,NA,0,NA
"408","Staehelina dubia",0,NA,NA,NA,NA,NA,NA,NA,NA,NA,NA,NA,NA,NA,NA,NA,NA,NA,NA,NA,NA,NA,NA,0,NA
"409","Tanacetum corymbosum",0,NA,NA,NA,NA,NA,NA,NA,NA,NA,NA,NA,NA,NA,NA,NA,NA,NA,NA,NA,NA,NA,NA,0,NA
"410","Teesdalia conferta",1,-0.010260560968142,0.229558528062799,1.21170254232738,11.1864511489944,2.49567517233217,0.923838076790898,18.3419231544574,4.0309791435315,34.2124486777609,-11.839546379772,46.0519950575329,14.3109440109259,NA,NA,NA,NA,NA,NA,NA,"Brassicaceae","Rosids",4,1,0
"411","Teucrium expassum",0,NA,NA,NA,NA,NA,NA,NA,NA,NA,NA,NA,NA,NA,NA,NA,NA,NA,NA,NA,NA,NA,NA,0,NA
"412","Teucrium flavum",0,NA,NA,NA,NA,NA,NA,NA,NA,NA,NA,NA,NA,NA,NA,NA,NA,NA,NA,NA,NA,NA,NA,0,NA
"413","Teucrium kotschyanum",0,NA,NA,NA,NA,NA,NA,NA,NA,NA,NA,NA,NA,NA,NA,NA,NA,NA,NA,NA,NA,NA,NA,0,NA
"414","Teucrium massiliense",1,0.00651959239973238,-0.197385368568047,2.98488676653922,15.1378611166052,1.49089061862272,0.81621191193116,NA,NA,NA,NA,NA,NA,NA,NA,NA,NA,2.59095883584674,NA,NA,"Lamiaceae","Asterids",5,0,0
"415","Teucrium polium",0,NA,NA,NA,NA,NA,NA,NA,NA,NA,NA,NA,NA,NA,NA,NA,NA,NA,NA,NA,NA,NA,NA,0,NA
"416","Thinopyrum junceum",1,-0.00430349805550296,0.101842188475491,1.63692401146811,11.8324891939086,2.23944730877823,0.903736386577711,21.8996789150929,1.76529947272418,46.5394773570795,-22.8744989692624,69.4139763263418,20.1343794423688,NA,NA,NA,NA,NA,NA,NA,"Poaceae","Monocots",7,1,1
"417","Thliphthisa rigida",1,-0.383752006691382,9.51590728874929,-55.9889426161196,12.3985114381462,3.00260006582864,0.952691450987568,13.7945284397385,11.0024944365538,16.3351456747773,8.46187720151507,7.87326847326218,2.79203400318475,NA,NA,NA,NA,NA,NA,NA,"Rubiaceae","Asterids",3,1,0
"418","Thymbra capitata",0,NA,NA,NA,NA,NA,NA,NA,NA,NA,NA,NA,NA,NA,NA,NA,NA,NA,NA,NA,NA,NA,NA,0,NA
"419","Thymus praecox",1,-0.0277284133199184,1.0116841603424,-6.76537642478755,18.2427344231714,2.46256630384021,0.92147555732054,22.5439055455908,13.941563300752,32.2069288653548,4.278539980988,27.9283888843668,8.60234224483881,1.90749395673953,1.10624329035406,2.20419629961045,2.3408678335138,0.644921938410997,2.83917551382918,4.36034285989266,"Lamiaceae","Asterids",10,1,1
"420","Thymus vulgaris",1,0.055103812291761,-1.68034375371716,12.0304720209555,15.2470735129918,-0.779690349055471,0.314386626766631,NA,NA,NA,NA,NA,NA,NA,NA,NA,NA,NA,NA,NA,"Lamiaceae","Asterids",3,0,1
"421","Tolpis barbata",1,-0.0082158957551998,0.194971589746587,1.12068391801134,11.8655101985192,2.27740261129115,0.906988161026098,19.2534279390561,4.4775924579822,37.0761801233878,-13.3451597263494,50.4213398497372,14.7758354810739,NA,NA,NA,NA,NA,NA,NA,"Asteraceae","Asterids",5,1,1
"422","Torilis leptophylla",0,NA,NA,NA,NA,NA,NA,NA,NA,NA,NA,NA,NA,NA,NA,NA,NA,NA,NA,NA,NA,NA,NA,0,NA
"423","Trifolium angustifolium",1,-0.217062361624101,7.7103762001151,-63.0125298918874,17.7607396842654,5.45846238711272,0.995757970377287,21.2188789559844,14.3026004125465,23.9826302899615,11.5388490785694,12.4437812113921,6.91627854343786,0.324822155800246,0.769476850717471,0.24036740217883,0.973032237386014,0.51441394401308,0.580276908206095,0.975012627028447,"Fabaceae","Rosids",4,1,0
"424","Trifolium arvense",1,-0.0388585582119335,1.12101829885068,-4.94872297626248,14.424342415597,3.13625292212364,0.958363618360404,19.0101103795921,9.83857445160194,26.933646740912,1.91503809028208,25.0186086506299,9.17153592799015,2.52226370899553,4.77902251273876,1.14278489798368,2.22426739537006,1.3352705853834,7.16030380955997,2.31837343703962,"Fabaceae","Rosids",8,1,0
"425","Trifolium campestre",1,0.0714412708107013,-2.80944776303266,31.7967741294667,19.6626384941897,4.17619626305617,0.98487545488564,NA,NA,NA,NA,NA,NA,NA,NA,NA,NA,NA,NA,NA,"Fabaceae","Rosids",7,0,0
"426","Trifolium cherleri",1,-0.0196041634570096,0.297516371234245,5.01612533804361,7.58809147573868,6.14491605827125,0.997860232537652,20.448768365944,-5.27258541446667,29.1204883714899,-13.9443054200125,43.0647937915024,25.7213537804107,NA,NA,NA,NA,NA,NA,NA,"Fabaceae","Rosids",5,1,0
"427","Trifolium dubium",1,-0.0437787278188916,1.46936587070507,-9.0360368657286,16.7817333201606,3.2932162302304,0.964195352905479,21.3263958656892,12.237070774632,28.7182913586579,4.84517528166324,23.8731160769947,9.08932509105714,NA,NA,NA,NA,NA,NA,NA,"Fabaceae","Rosids",9,1,1
"428","Trifolium fragiferum",1,-0.0807020909529352,2.82841798232936,-20.0620697065137,17.5238209377925,4.72027542327238,0.991166011457836,22.4266186906772,12.6210231849079,27.2693539044634,7.77828797112164,19.4910659333418,9.80559550576931,NA,NA,NA,NA,NA,NA,NA,"Fabaceae","Rosids",4,1,1
"429","Trifolium glomeratum",1,-0.319558040688991,11.4369608502248,-95.2259418187613,17.8949664755201,7.10607367954277,0.999180563338629,21.5107660025586,14.2791669484816,23.5031114588334,12.2868214922068,11.2162899666266,7.23159905407704,NA,NA,0.301089491613355,0.399703900516425,0.33497364394296,NA,0.228050019844603,"Fabaceae","Rosids",4,1,0
"430","Trifolium nigrescens",1,-0.144744786398211,5.289375999365,-44.1423704400513,18.2713869389854,4.17974733503911,0.984928259943014,21.4930406247773,15.0497332531936,25.2870087486486,11.2557651293222,14.0312436193264,6.44330737158374,NA,NA,NA,NA,NA,NA,NA,"Fabaceae","Rosids",4,1,0
"431","Trifolium pallidum",1,-0.074493351007086,2.55953450394606,-17.3019096053665,17.1796171694746,4.68400184956061,0.990842676697523,22.2420995939762,12.1171347449729,27.2991190501472,7.06011528880187,20.2390037613454,10.1249648490032,7.26460004999176,11.8113303004705,1.90958102275322,6.62957083990802,2.66216845735375,18.8736671350586,8.17599258966884,"Fabaceae","Rosids",4,1,0
"432","Trifolium pratense",1,-0.000528214493968171,-0.0024922459696475,1.85040360250557,-2.3591230438649,1.85334335995456,0.864519174064962,22.5679023038144,-27.2861483915442,92.9457514529891,-97.6639975407189,190.609748993708,49.8540506953586,295.622995650854,647.527396570213,9.95089385604707,359.706766520053,177.741352580022,941.807526018593,364.153817321457,"Fabaceae","Rosids",14,1,0
"433","Trifolium repens",1,-0.0100470352600769,0.328628816081843,-0.189571247106441,16.35451690847,2.49771151750405,0.923981233048347,23.5909176665056,9.11811615043444,39.6282639943586,-6.91923017741861,46.5474941717773,14.4728015160712,6.3899467334741,5.90858044420625,2.27636373555646,2.50868043053182,1.34859829435574,12.0087724104685,3.95926120381358,"Fabaceae","Rosids",16,1,1
"434","Trifolium resupinatum",1,-0.0265765628879471,0.508472794814039,4.13507111311622,9.56618801607033,6.56714429124014,0.998596167258244,21.2860584379712,-2.15368240583054,28.484265522692,-9.35188949055132,37.8361550132433,23.4397408438017,NA,0.299572014343561,NA,NA,NA,NA,NA,"Fabaceae","Rosids",4,1,0
"435","Trifolium scabrum",1,0.0904703101794786,-4.25362579062163,53.0858264048341,23.5084072453334,3.08784272724088,0.956388474683579,NA,NA,NA,NA,NA,NA,NA,NA,NA,NA,NA,NA,NA,"Fabaceae","Rosids",6,0,0
"436","Trifolium squamosum",0,NA,NA,NA,NA,NA,NA,NA,NA,NA,NA,NA,NA,NA,NA,NA,NA,NA,NA,NA,NA,NA,NA,0,NA
"437","Trifolium stellatum",1,-0.000175370783322706,-0.667836145783795,15.6570916214316,-1904.06900491197,651.46014439483,1,18.941373507253,-3827.0793833312,27.6526364114107,-3835.79064623536,3863.44328264677,3846.02075683845,NA,NA,NA,NA,NA,NA,NA,"Fabaceae","Rosids",5,1,0
"438","Trifolium striatum",1,0.652163367501979,-25.8759290899663,258.765680170472,19.8385330880209,2.09544245318193,0.890459419571414,NA,NA,NA,NA,NA,NA,NA,NA,NA,NA,NA,NA,NA,"Fabaceae","Rosids",3,0,0
"439","Trifolium subterraneum",0,NA,NA,NA,NA,NA,NA,NA,NA,NA,NA,NA,NA,NA,NA,NA,NA,NA,NA,NA,NA,NA,NA,0,NA
"440","Trifolium suffocatum",1,-0.0266407643002409,0.665891932689882,0.622474191477179,12.4976131537612,4.78350407996144,0.991702789490973,21.1486064771731,3.84661983034919,29.5293373853289,-4.53411107780657,34.0634484631355,17.301986646824,NA,NA,NA,NA,NA,NA,NA,"Fabaceae","Rosids",4,1,0
"441","Trifolium tomentosum",1,0.255271233885315,-9.57556113388245,91.0847475087511,18.755660377668,1.28676123240278,0.783598489678604,NA,NA,NA,NA,NA,NA,NA,NA,NA,NA,0.675702983894281,NA,NA,"Fabaceae","Rosids",4,0,0
"442","Tripolium pannonicum",1,-0.0493546661669991,1.73985283979642,-14.3955832412006,17.6260217616441,0.937758766954346,0.718646716556491,19.4900324329311,15.7620110903571,26.4950230341161,8.75702048917219,17.7380025449439,3.72802134257403,NA,NA,NA,NA,NA,NA,NA,"Asteraceae","Asterids",7,1,1
"443","Trisetum flavescens",1,0.000428020200507333,0.117834438700075,0.706190222875736,-137.65055780125,-7.4037978847555,0.000608565119319229,NA,NA,-239.721959935082,-35.5791556674176,-204.142804267665,NA,3398.67888453108,133.060100192937,NA,NA,1633.12557932881,3531.15415542982,NA,"Poaceae","Monocots",11,0,0
"444","Trocdaris verticillata",1,-0.0461969831304844,1.22290799477099,-5.52449550012421,13.2357993087651,2.56858689581239,0.928812318071112,16.6972108209153,9.77438779661486,24.1599632194487,2.31163539808145,21.8483278213672,6.92282302430041,NA,NA,NA,NA,NA,NA,NA,"Apiaceae","Asterids",7,1,1
"445","Ulmus minor",1,-0.0184849632789333,0.958356119495352,-9.4651631128856,25.9225865108306,2.95637159501549,0.950563765325649,32.1850594690339,19.6601135526273,43.7893768263462,8.05579619531497,35.7335806310313,12.5249459164066,NA,NA,NA,NA,NA,NA,NA,"Ulmaceae","Rosids",3,1,0
"446","Urospermum picroides",0,NA,NA,NA,NA,NA,NA,NA,NA,NA,NA,NA,NA,NA,NA,NA,NA,NA,NA,NA,NA,NA,NA,0,NA
"447","Urtica dioica",1,-0.00673791326566663,0.305039434338505,-2.4380311029632,22.6360463775074,1.0144122883643,0.733882752888552,27.8113459897017,17.4607467653132,46.875447454752,-1.60335469973722,48.4788021544893,10.3505992243885,19.0225307745863,6.24060635107092,13.1712412167827,6.37560564336913,7.06832025075237,24.5307783147913,15.1134139211523,"Urticaceae","Rosids",18,1,1
"448","Vaccinium myrtillus",1,-0.00339400480035845,0.28367332359165,-5.11605274107006,41.7903539148928,0.811351553484418,0.69239743735211,48.6121322154132,34.9685756143725,75.055884537097,8.52482329268869,66.5310612444083,13.6435566010407,180.80204206884,4.08202520195299,259.89366675017,82.6782066323796,89.1134744229837,183.431833107235,342.046725525398,"Ericaceae","Asterids",7,1,0
"449","Verbascum spinosum",1,-0.0109981245582193,0.506097713420722,-3.84856677389657,23.0083643234653,1.97367351293177,0.878005137621879,28.7190504864398,17.2976781604907,44.1549332418811,1.86179540504938,42.2931378368318,11.4213723259492,29.2562119170873,5.72181158951725,22.7566585255516,3.18073813879136,12.0258825492846,34.6243082652949,21.8512654177166,"Scrophulariaceae","Asterids",4,1,0
"450","Verbena officinalis",1,0.0112958172576455,-0.48569206215304,4.54730081219919,21.4987570653333,-0.673587014195297,0.337694114201081,NA,NA,NA,NA,NA,NA,NA,NA,NA,NA,4.48643353235475,NA,NA,"Verbenaceae","Asterids",6,0,1
"451","Veronica officinalis",1,-0.0291281509709115,1.00470058503132,-7.70123232638055,17.2462128824218,0.962407759891416,0.723603619693129,19.6924616733071,14.7999640915365,28.8274973426944,5.6649284221492,23.1625689205452,4.89249758177054,1.39142655839389,1.76653138194326,3.38318049125219,3.36378246566531,0.672566701329771,2.88166932708075,6.61154305396728,"Plantaginaceae","Asterids",12,1,1
"452","Viburnum lantana",1,-0.0361482184829587,1.00740978171146,-7.79073443183388,13.934431958056,-0.771892903264646,0.316069775593585,15.366536675412,12.5023272407001,21.6869189938935,6.18194492221862,15.5049740716748,2.86420943471184,3.00786345702623,2.07138238255762,10.0068427483815,10.595200485568,1.30171643364213,4.46070312925123,20.4453536908994,"Viburnaceae","Asterids",7,1,1
"453","Vicia peregrina",0,NA,NA,NA,NA,NA,NA,NA,NA,NA,NA,NA,NA,NA,NA,NA,NA,NA,NA,NA,NA,NA,NA,0,NA
"454","Vicia sativa",1,0.234214842640535,-8.15891719795191,73.0155019453811,17.4175921260335,1.96115597337781,0.876658000824604,NA,NA,NA,NA,NA,NA,NA,NA,NA,NA,NA,NA,NA,"Fabaceae","Rosids",6,0,1
"455","Vicia tenuifolia",0,NA,NA,NA,NA,NA,NA,NA,NA,NA,NA,NA,NA,NA,NA,NA,NA,NA,NA,NA,NA,NA,NA,0,NA
"456","Viscaria asterias",1,0.590347261820225,-13.5117435638014,-0.0588652526285576,11.443894498757,-77.3723491718297,2.49813384209023e-34,NA,NA,0.215591185046573,22.6721978124674,-22.4566066274208,NA,NA,NA,NA,NA,NA,NA,NA,"Caryophyllaceae","Caryophyllales",4,0,0
"457","Vitex agnus-castus",0,NA,NA,NA,NA,NA,NA,NA,NA,NA,NA,NA,NA,NA,NA,NA,NA,NA,NA,NA,NA,NA,NA,0,NA
"458","Vitis vinifera",1,-0.00571770989890659,0.230230135946803,-3.15336477814861,20.1330725078261,-0.835744767896775,0.302431741201412,23.6998281114522,16.5663169042001,39.3372514750003,0.92889354065199,38.4083579343483,7.13351120725211,12.6464526989018,7.06340165914879,6.71111526852544,6.02250253454767,3.78631217256411,19.0342895390299,10.2603396814974,"Vitaceae","Rosids",7,1,1
"459","Xanthium orientale",1,-0.00579823327545471,0.343786862870442,-2.68669248828615,29.6458288704745,2.40923076400104,0.917528492508407,38.8722491050735,20.4194086358755,60.0321376323129,-0.740479891363981,60.7726175236769,18.452840469198,36.8487612689775,8.21580352827872,36.3591355577879,22.7619462385901,16.6343637040996,41.7594665433561,50.7284697856643,"Asteraceae","Asterids",5,1,0
